shopping,shopping_sigla,conversion_action_name,categoria,data,conversoes,valor_conversoes
GERAL,GERAL,Almeida-Junior-Apps - AJFans (Android) First open,DOWNLOAD,2025-12-13,181.0,0.0
GERAL,GERAL,Almeida-Junior-Apps - AJFans (Android) First open,DOWNLOAD,2025-12-14,214.0,0.0
GERAL,GERAL,Almeida-Junior-Apps - AJFans (Android) First open,DOWNLOAD,2025-12-15,138.0,0.0
GERAL,GERAL,Almeida-Junior-Apps - AJFans (Android) First open,DOWNLOAD,2025-12-16,141.0,0.0
GERAL,GERAL,Almeida-Junior-Apps - AJFans (Android) First open,DOWNLOAD,2025-12-17,133.0,0.0
GERAL,GERAL,Almeida-Junior-Apps - AJFans (Android) First open,DOWNLOAD,2025-12-18,134.0,0.0
GERAL,GERAL,Almeida-Junior-Apps - AJFans (Android) First open,DOWNLOAD,2025-12-19,116.0,0.0
GERAL,GERAL,Almeida-Junior-Apps - AJFans (Android) First open,DOWNLOAD,2025-12-20,244.0,0.0
GERAL,GERAL,Almeida-Junior-Apps - AJFans (Android) First open,DOWNLOAD,2025-12-21,208.0,0.0
GERAL,GERAL,Almeida-Junior-Apps - AJFans (Android) First open,DOWNLOAD,2025-12-22,239.0,0.0
GERAL,GERAL,Almeida-Junior-Apps - AJFans (Android) First open,DOWNLOAD,2025-12-23,211.0,0.0
GERAL,GERAL,Almeida-Junior-Apps - AJFans (Android) First open,DOWNLOAD,2025-12-24,216.0,0.0
GERAL,GERAL,Almeida-Junior-Apps - AJFans (Android) First open,DOWNLOAD,2025-12-25,140.0,0.0
GERAL,GERAL,Almeida-Junior-Apps - AJFans (Android) First open,DOWNLOAD,2025-12-26,125.0,0.0
GERAL,GERAL,Almeida-Junior-Apps - AJFans (Android) First open,DOWNLOAD,2025-12-27,202.0,0.0
GERAL,GERAL,Almeida-Junior-Apps - AJFans (Android) First open,DOWNLOAD,2025-12-28,114.0,0.0
GERAL,GERAL,Almeida-Junior-Apps - AJFans (Android) First open,DOWNLOAD,2025-12-29,171.0,0.0
GERAL,GERAL,Almeida-Junior-Apps - AJFans (Android) First open,DOWNLOAD,2025-12-30,228.0,0.0
GERAL,GERAL,Almeida-Junior-Apps - AJFans (Android) First open,DOWNLOAD,2025-12-31,175.0,0.0
GERAL,GERAL,Almeida-Junior-Apps - AJFans (Android) First open,DOWNLOAD,2026-01-01,157.0,0.0
GERAL,GERAL,Almeida-Junior-Apps - AJFans (Android) First open,DOWNLOAD,2026-01-02,1.0,0.0
GERAL,GERAL,Almeida-Junior-Apps - AJFans (Android) First open,DOWNLOAD,2026-01-03,2.0,0.0
GERAL,GERAL,Almeida-Junior-Apps - AJFans (Android) First open,DOWNLOAD,2026-01-06,135.0,0.0
GERAL,GERAL,Almeida-Junior-Apps - AJFans (Android) First open,DOWNLOAD,2026-01-07,188.0,0.0
GERAL,GERAL,Almeida-Junior-Apps - AJFans (Android) First open,DOWNLOAD,2026-01-08,246.0,0.0
GERAL,GERAL,Almeida-Junior-Apps - AJFans (Android) First open,DOWNLOAD,2026-01-09,252.0,0.0
GERAL,GERAL,Almeida-Junior-Apps - AJFans (Android) First open,DOWNLOAD,2026-01-10,250.0,0.0
GERAL,GERAL,Almeida-Junior-Apps - AJFans (Android) First open,DOWNLOAD,2026-01-11,234.0,0.0
GERAL,GERAL,Almeida-Junior-Apps - AJFans (Android) First open,DOWNLOAD,2026-01-12,180.0,0.0
GERAL,GERAL,Almeida-Junior-Apps - AJFans (Android) First open,DOWNLOAD,2026-01-13,168.0,0.0
GERAL,GERAL,Almeida-Junior-Apps - AJFans (Android) First open,DOWNLOAD,2026-01-14,123.0,0.0
GERAL,GERAL,Almeida-Junior-Apps - AJFans (Android) First open,DOWNLOAD,2026-01-15,167.0,0.0
GERAL,GERAL,Almeida-Junior-Apps - AJFans (Android) First open,DOWNLOAD,2026-01-16,163.0,0.0
GERAL,GERAL,Almeida-Junior-Apps - AJFans (Android) First open,DOWNLOAD,2026-01-17,183.0,0.0
GERAL,GERAL,Almeida-Junior-Apps - AJFans (Android) First open,DOWNLOAD,2026-01-18,169.0,0.0
GERAL,GERAL,Almeida-Junior-Apps - AJFans (Android) First open,DOWNLOAD,2026-01-19,148.0,0.0
GERAL,GERAL,Almeida-Junior-Apps - AJFans (Android) First open,DOWNLOAD,2026-01-20,168.0,0.0
GERAL,GERAL,Almeida-Junior-Apps - AJFans (Android) First open,DOWNLOAD,2026-01-21,172.0,0.0
GERAL,GERAL,Almeida-Junior-Apps - AJFans (Android) First open,DOWNLOAD,2026-01-22,162.0,0.0
GERAL,GERAL,Almeida-Junior-Apps - AJFans (Android) First open,DOWNLOAD,2026-01-23,160.0,0.0
GERAL,GERAL,Almeida-Junior-Apps - AJFans (Android) First open,DOWNLOAD,2026-01-24,158.0,0.0
GERAL,GERAL,Almeida-Junior-Apps - AJFans (Android) First open,DOWNLOAD,2026-01-25,199.0,0.0
GERAL,GERAL,Almeida-Junior-Apps - AJFans (Android) First open,DOWNLOAD,2026-01-26,145.0,0.0
GERAL,GERAL,Almeida-Junior-Apps - AJFans (Android) First open,DOWNLOAD,2026-01-27,139.0,0.0
GERAL,GERAL,Almeida-Junior-Apps - AJFans (Android) First open,DOWNLOAD,2026-01-28,152.0,0.0
GERAL,GERAL,Almeida-Junior-Apps - AJFans (Android) First open,DOWNLOAD,2026-01-29,173.0,0.0
GERAL,GERAL,Almeida-Junior-Apps - AJFans (Android) First open,DOWNLOAD,2026-01-30,151.0,0.0
GERAL,GERAL,Almeida-Junior-Apps - AJFans (Android) First open,DOWNLOAD,2026-01-31,244.0,0.0
GERAL,GERAL,Almeida-Junior-Apps - AJFans (Android) First open,DOWNLOAD,2026-02-01,215.0,0.0
GERAL,GERAL,Almeida-Junior-Apps - AJFans (Android) First open,DOWNLOAD,2026-02-02,198.0,0.0
GERAL,GERAL,Almeida-Junior-Apps - AJFans (Android) First open,DOWNLOAD,2026-02-03,183.0,0.0
GERAL,GERAL,Almeida-Junior-Apps - AJFans (Android) First open,DOWNLOAD,2026-02-04,182.0,0.0
GERAL,GERAL,Almeida-Junior-Apps - AJFans (Android) First open,DOWNLOAD,2026-02-05,56.0,0.0
GERAL,GERAL,Almeida-Junior-Apps - AJFans (Android) First open,DOWNLOAD,2026-02-06,1.0,0.0
GERAL,GERAL,Almeida-Junior-Apps - AJFans (Android) First open,DOWNLOAD,2026-02-07,134.0,0.0
GERAL,GERAL,Almeida-Junior-Apps - AJFans (Android) First open,DOWNLOAD,2026-02-08,83.0,0.0
GERAL,GERAL,Almeida-Junior-Apps - AJFans (Android) First open,DOWNLOAD,2026-02-09,76.0,0.0
GERAL,GERAL,Almeida-Junior-Apps - AJFans (Android) First open,DOWNLOAD,2026-02-10,73.0,0.0
GERAL,GERAL,Almeida-Junior-Apps - AJFans (Android) First open,DOWNLOAD,2026-02-11,46.0,0.0
GERAL,GERAL,Almeida-Junior-Apps - AJFans (Android) First open,DOWNLOAD,2026-02-12,64.0,0.0
GERAL,GERAL,Almeida-Junior-Apps - AJFans (Android) First open,DOWNLOAD,2026-02-13,46.0,0.0
GERAL,GERAL,Almeida-Junior-Apps - AJFans (Android) First open,DOWNLOAD,2026-02-14,91.0,0.0
GERAL,GERAL,Almeida-Junior-Apps - AJFans (Android) First open,DOWNLOAD,2026-02-15,74.0,0.0
GERAL,GERAL,Almeida-Junior-Apps - AJFans (Android) First open,DOWNLOAD,2026-02-16,65.0,0.0
GERAL,GERAL,Almeida-Junior-Apps - AJFans (Android) First open,DOWNLOAD,2026-02-17,107.0,0.0
GERAL,GERAL,Almeida-Junior-Apps - AJFans (Android) First open,DOWNLOAD,2026-02-18,62.0,0.0
GERAL,GERAL,Almeida-Junior-Apps - AJFans (Android) First open,DOWNLOAD,2026-02-19,40.0,0.0
GERAL,GERAL,Almeida-Junior-Apps - AJFans (Android) First open,DOWNLOAD,2026-02-21,3.0,0.0
GERAL,GERAL,Almeida-Junior-Apps - AJFans (Android) First open,DOWNLOAD,2026-02-22,2.0,0.0
GERAL,GERAL,Almeida-Junior-Apps - AJFans (Android) First open,DOWNLOAD,2026-02-23,1.0,0.0
GERAL,GERAL,Almeida-Junior-Apps - AJFans (Android) First open,DOWNLOAD,2026-03-07,1.0,0.0
GERAL,GERAL,Almeida-Junior-Apps - AJFans (Android) First open,DOWNLOAD,2026-03-08,2.0,0.0
GERAL,GERAL,Almeida-Junior-Apps - AJFans (Android) First open,DOWNLOAD,2026-03-09,1.0,0.0
GERAL,GERAL,Almeida-Junior-Apps - AJFans (Android) session_start,PAGE_VIEW,2025-12-13,801.0,0.0
GERAL,GERAL,Almeida-Junior-Apps - AJFans (Android) session_start,PAGE_VIEW,2025-12-14,1104.0,0.0
GERAL,GERAL,Almeida-Junior-Apps - AJFans (Android) session_start,PAGE_VIEW,2025-12-15,779.0,0.0
GERAL,GERAL,Almeida-Junior-Apps - AJFans (Android) session_start,PAGE_VIEW,2025-12-16,653.0,0.0
GERAL,GERAL,Almeida-Junior-Apps - AJFans (Android) session_start,PAGE_VIEW,2025-12-17,750.0,0.0
GERAL,GERAL,Almeida-Junior-Apps - AJFans (Android) session_start,PAGE_VIEW,2025-12-18,577.0,0.0
GERAL,GERAL,Almeida-Junior-Apps - AJFans (Android) session_start,PAGE_VIEW,2025-12-19,591.0,0.0
GERAL,GERAL,Almeida-Junior-Apps - AJFans (Android) session_start,PAGE_VIEW,2025-12-20,1144.0,0.0
GERAL,GERAL,Almeida-Junior-Apps - AJFans (Android) session_start,PAGE_VIEW,2025-12-21,773.0,0.0
GERAL,GERAL,Almeida-Junior-Apps - AJFans (Android) session_start,PAGE_VIEW,2025-12-22,938.0,0.0
GERAL,GERAL,Almeida-Junior-Apps - AJFans (Android) session_start,PAGE_VIEW,2025-12-23,813.0,0.0
GERAL,GERAL,Almeida-Junior-Apps - AJFans (Android) session_start,PAGE_VIEW,2025-12-24,716.0,0.0
GERAL,GERAL,Almeida-Junior-Apps - AJFans (Android) session_start,PAGE_VIEW,2025-12-25,612.0,0.0
GERAL,GERAL,Almeida-Junior-Apps - AJFans (Android) session_start,PAGE_VIEW,2025-12-26,499.0,0.0
GERAL,GERAL,Almeida-Junior-Apps - AJFans (Android) session_start,PAGE_VIEW,2025-12-27,706.0,0.0
GERAL,GERAL,Almeida-Junior-Apps - AJFans (Android) session_start,PAGE_VIEW,2025-12-28,412.0,0.0
GERAL,GERAL,Almeida-Junior-Apps - AJFans (Android) session_start,PAGE_VIEW,2025-12-29,683.0,0.0
GERAL,GERAL,Almeida-Junior-Apps - AJFans (Android) session_start,PAGE_VIEW,2025-12-30,881.0,0.0
GERAL,GERAL,Almeida-Junior-Apps - AJFans (Android) session_start,PAGE_VIEW,2025-12-31,559.0,0.0
GERAL,GERAL,Almeida-Junior-Apps - AJFans (Android) session_start,PAGE_VIEW,2026-01-01,605.0,0.0
GERAL,GERAL,Almeida-Junior-Apps - AJFans (Android) session_start,PAGE_VIEW,2026-01-02,7.0,0.0
GERAL,GERAL,Almeida-Junior-Apps - AJFans (Android) session_start,PAGE_VIEW,2026-01-03,3.0,0.0
GERAL,GERAL,Almeida-Junior-Apps - AJFans (Android) session_start,PAGE_VIEW,2026-01-06,405.0,0.0
GERAL,GERAL,Almeida-Junior-Apps - AJFans (Android) session_start,PAGE_VIEW,2026-01-07,575.0,0.0
GERAL,GERAL,Almeida-Junior-Apps - AJFans (Android) session_start,PAGE_VIEW,2026-01-08,654.0,0.0
GERAL,GERAL,Almeida-Junior-Apps - AJFans (Android) session_start,PAGE_VIEW,2026-01-09,763.0,0.0
GERAL,GERAL,Almeida-Junior-Apps - AJFans (Android) session_start,PAGE_VIEW,2026-01-10,935.0,0.0
GERAL,GERAL,Almeida-Junior-Apps - AJFans (Android) session_start,PAGE_VIEW,2026-01-11,775.0,0.0
GERAL,GERAL,Almeida-Junior-Apps - AJFans (Android) session_start,PAGE_VIEW,2026-01-12,602.0,0.0
GERAL,GERAL,Almeida-Junior-Apps - AJFans (Android) session_start,PAGE_VIEW,2026-01-13,555.0,0.0
GERAL,GERAL,Almeida-Junior-Apps - AJFans (Android) session_start,PAGE_VIEW,2026-01-14,397.0,0.0
GERAL,GERAL,Almeida-Junior-Apps - AJFans (Android) session_start,PAGE_VIEW,2026-01-15,471.0,0.0
GERAL,GERAL,Almeida-Junior-Apps - AJFans (Android) session_start,PAGE_VIEW,2026-01-16,404.0,0.0
GERAL,GERAL,Almeida-Junior-Apps - AJFans (Android) session_start,PAGE_VIEW,2026-01-17,602.0,0.0
GERAL,GERAL,Almeida-Junior-Apps - AJFans (Android) session_start,PAGE_VIEW,2026-01-18,714.0,0.0
GERAL,GERAL,Almeida-Junior-Apps - AJFans (Android) session_start,PAGE_VIEW,2026-01-19,290.0,0.0
GERAL,GERAL,Almeida-Junior-Apps - AJFans (Android) session_start,PAGE_VIEW,2026-01-20,637.0,0.0
GERAL,GERAL,Almeida-Junior-Apps - AJFans (Android) session_start,PAGE_VIEW,2026-01-21,472.0,0.0
GERAL,GERAL,Almeida-Junior-Apps - AJFans (Android) session_start,PAGE_VIEW,2026-01-22,353.0,0.0
GERAL,GERAL,Almeida-Junior-Apps - AJFans (Android) session_start,PAGE_VIEW,2026-01-23,343.0,0.0
GERAL,GERAL,Almeida-Junior-Apps - AJFans (Android) session_start,PAGE_VIEW,2026-01-24,379.0,0.0
GERAL,GERAL,Almeida-Junior-Apps - AJFans (Android) session_start,PAGE_VIEW,2026-01-25,419.0,0.0
GERAL,GERAL,Almeida-Junior-Apps - AJFans (Android) session_start,PAGE_VIEW,2026-01-26,306.0,0.0
GERAL,GERAL,Almeida-Junior-Apps - AJFans (Android) session_start,PAGE_VIEW,2026-01-27,315.0,0.0
GERAL,GERAL,Almeida-Junior-Apps - AJFans (Android) session_start,PAGE_VIEW,2026-01-28,359.0,0.0
GERAL,GERAL,Almeida-Junior-Apps - AJFans (Android) session_start,PAGE_VIEW,2026-01-29,352.0,0.0
GERAL,GERAL,Almeida-Junior-Apps - AJFans (Android) session_start,PAGE_VIEW,2026-01-30,306.0,0.0
GERAL,GERAL,Almeida-Junior-Apps - AJFans (Android) session_start,PAGE_VIEW,2026-01-31,599.0,0.0
GERAL,GERAL,Almeida-Junior-Apps - AJFans (Android) session_start,PAGE_VIEW,2026-02-01,381.0,0.0
GERAL,GERAL,Almeida-Junior-Apps - AJFans (Android) session_start,PAGE_VIEW,2026-02-02,373.0,0.0
GERAL,GERAL,Almeida-Junior-Apps - AJFans (Android) session_start,PAGE_VIEW,2026-02-03,398.0,0.0
GERAL,GERAL,Almeida-Junior-Apps - AJFans (Android) session_start,PAGE_VIEW,2026-02-04,520.0,0.0
GERAL,GERAL,Almeida-Junior-Apps - AJFans (Android) session_start,PAGE_VIEW,2026-02-05,169.0,0.0
GERAL,GERAL,Almeida-Junior-Apps - AJFans (Android) session_start,PAGE_VIEW,2026-02-06,1.0,0.0
GERAL,GERAL,Almeida-Junior-Apps - AJFans (Android) session_start,PAGE_VIEW,2026-02-07,456.0,0.0
GERAL,GERAL,Almeida-Junior-Apps - AJFans (Android) session_start,PAGE_VIEW,2026-02-08,305.0,0.0
GERAL,GERAL,Almeida-Junior-Apps - AJFans (Android) session_start,PAGE_VIEW,2026-02-09,181.0,0.0
GERAL,GERAL,Almeida-Junior-Apps - AJFans (Android) session_start,PAGE_VIEW,2026-02-10,176.0,0.0
GERAL,GERAL,Almeida-Junior-Apps - AJFans (Android) session_start,PAGE_VIEW,2026-02-11,75.0,0.0
GERAL,GERAL,Almeida-Junior-Apps - AJFans (Android) session_start,PAGE_VIEW,2026-02-12,151.0,0.0
GERAL,GERAL,Almeida-Junior-Apps - AJFans (Android) session_start,PAGE_VIEW,2026-02-13,109.0,0.0
GERAL,GERAL,Almeida-Junior-Apps - AJFans (Android) session_start,PAGE_VIEW,2026-02-14,182.0,0.0
GERAL,GERAL,Almeida-Junior-Apps - AJFans (Android) session_start,PAGE_VIEW,2026-02-15,142.0,0.0
GERAL,GERAL,Almeida-Junior-Apps - AJFans (Android) session_start,PAGE_VIEW,2026-02-16,144.0,0.0
GERAL,GERAL,Almeida-Junior-Apps - AJFans (Android) session_start,PAGE_VIEW,2026-02-17,178.0,0.0
GERAL,GERAL,Almeida-Junior-Apps - AJFans (Android) session_start,PAGE_VIEW,2026-02-18,82.0,0.0
GERAL,GERAL,Almeida-Junior-Apps - AJFans (Android) session_start,PAGE_VIEW,2026-02-19,51.0,0.0
GERAL,GERAL,Almeida-Junior-Apps - AJFans (Android) session_start,PAGE_VIEW,2026-02-20,5.0,0.0
GERAL,GERAL,Almeida-Junior-Apps - AJFans (Android) session_start,PAGE_VIEW,2026-02-21,15.0,0.0
GERAL,GERAL,Almeida-Junior-Apps - AJFans (Android) session_start,PAGE_VIEW,2026-02-22,6.0,0.0
GERAL,GERAL,Almeida-Junior-Apps - AJFans (Android) session_start,PAGE_VIEW,2026-02-23,7.0,0.0
GERAL,GERAL,Almeida-Junior-Apps - AJFans (Android) session_start,PAGE_VIEW,2026-02-25,3.0,0.0
GERAL,GERAL,Almeida-Junior-Apps - AJFans (Android) session_start,PAGE_VIEW,2026-02-26,4.0,0.0
GERAL,GERAL,Almeida-Junior-Apps - AJFans (Android) session_start,PAGE_VIEW,2026-02-27,3.0,0.0
GERAL,GERAL,Almeida-Junior-Apps - AJFans (Android) session_start,PAGE_VIEW,2026-02-28,8.0,0.0
GERAL,GERAL,Almeida-Junior-Apps - AJFans (Android) session_start,PAGE_VIEW,2026-03-01,3.0,0.0
GERAL,GERAL,Almeida-Junior-Apps - AJFans (Android) session_start,PAGE_VIEW,2026-03-02,1.0,0.0
GERAL,GERAL,Almeida-Junior-Apps - AJFans (Android) session_start,PAGE_VIEW,2026-03-03,3.0,0.0
GERAL,GERAL,Almeida-Junior-Apps - AJFans (Android) session_start,PAGE_VIEW,2026-03-04,3.0,0.0
GERAL,GERAL,Almeida-Junior-Apps - AJFans (Android) session_start,PAGE_VIEW,2026-03-05,1.0,0.0
GERAL,GERAL,Almeida-Junior-Apps - AJFans (Android) session_start,PAGE_VIEW,2026-03-06,1.0,0.0
GERAL,GERAL,Almeida-Junior-Apps - AJFans (Android) session_start,PAGE_VIEW,2026-03-07,5.0,0.0
GERAL,GERAL,Almeida-Junior-Apps - AJFans (Android) session_start,PAGE_VIEW,2026-03-08,5.0,0.0
GERAL,GERAL,Almeida-Junior-Apps - AJFans (Android) session_start,PAGE_VIEW,2026-03-09,1.0,0.0
GERAL,GERAL,Almeida-Junior-Apps - AJFans (Android) session_start,PAGE_VIEW,2026-03-10,3.0,0.0
GERAL,GERAL,Almeida-Junior-Apps - AJFans (iOS) First open,DOWNLOAD,2025-12-13,5.0,0.0
GERAL,GERAL,Almeida-Junior-Apps - AJFans (iOS) First open,DOWNLOAD,2025-12-14,15.0,0.0
GERAL,GERAL,Almeida-Junior-Apps - AJFans (iOS) First open,DOWNLOAD,2025-12-15,7.0,0.0
GERAL,GERAL,Almeida-Junior-Apps - AJFans (iOS) First open,DOWNLOAD,2025-12-16,11.0,0.0
GERAL,GERAL,Almeida-Junior-Apps - AJFans (iOS) First open,DOWNLOAD,2025-12-17,13.0,0.0
GERAL,GERAL,Almeida-Junior-Apps - AJFans (iOS) First open,DOWNLOAD,2025-12-19,10.0,0.0
GERAL,GERAL,Almeida-Junior-Apps - AJFans (iOS) First open,DOWNLOAD,2025-12-20,6.0,0.0
GERAL,GERAL,Almeida-Junior-Apps - AJFans (iOS) First open,DOWNLOAD,2025-12-21,7.0,0.0
GERAL,GERAL,Almeida-Junior-Apps - AJFans (iOS) First open,DOWNLOAD,2025-12-22,6.0,0.0
GERAL,GERAL,Almeida-Junior-Apps - AJFans (iOS) First open,DOWNLOAD,2025-12-23,12.0,0.0
GERAL,GERAL,Almeida-Junior-Apps - AJFans (iOS) First open,DOWNLOAD,2025-12-24,9.0,0.0
GERAL,GERAL,Almeida-Junior-Apps - AJFans (iOS) First open,DOWNLOAD,2025-12-25,1.0,0.0
GERAL,GERAL,Almeida-Junior-Apps - AJFans (iOS) First open,DOWNLOAD,2025-12-26,4.0,0.0
GERAL,GERAL,Almeida-Junior-Apps - AJFans (iOS) First open,DOWNLOAD,2025-12-27,2.0,0.0
GERAL,GERAL,Almeida-Junior-Apps - AJFans (iOS) First open,DOWNLOAD,2025-12-28,5.0,0.0
GERAL,GERAL,Almeida-Junior-Apps - AJFans (iOS) First open,DOWNLOAD,2025-12-30,6.0,0.0
GERAL,GERAL,Almeida-Junior-Apps - AJFans (iOS) First open,DOWNLOAD,2025-12-31,4.0,0.0
GERAL,GERAL,Almeida-Junior-Apps - AJFans (iOS) First open,DOWNLOAD,2026-01-01,2.0,0.0
GERAL,GERAL,Almeida-Junior-Apps - AJFans (iOS) First open,DOWNLOAD,2026-01-06,3.0,0.0
GERAL,GERAL,Almeida-Junior-Apps - AJFans (iOS) First open,DOWNLOAD,2026-01-07,10.0,0.0
GERAL,GERAL,Almeida-Junior-Apps - AJFans (iOS) First open,DOWNLOAD,2026-01-08,1.0,0.0
GERAL,GERAL,Almeida-Junior-Apps - AJFans (iOS) First open,DOWNLOAD,2026-01-09,4.0,0.0
GERAL,GERAL,Almeida-Junior-Apps - AJFans (iOS) First open,DOWNLOAD,2026-01-10,5.0,0.0
GERAL,GERAL,Almeida-Junior-Apps - AJFans (iOS) First open,DOWNLOAD,2026-01-11,8.0,0.0
GERAL,GERAL,Almeida-Junior-Apps - AJFans (iOS) First open,DOWNLOAD,2026-01-12,8.0,0.0
GERAL,GERAL,Almeida-Junior-Apps - AJFans (iOS) First open,DOWNLOAD,2026-01-13,10.0,0.0
GERAL,GERAL,Almeida-Junior-Apps - AJFans (iOS) First open,DOWNLOAD,2026-01-14,5.0,0.0
GERAL,GERAL,Almeida-Junior-Apps - AJFans (iOS) First open,DOWNLOAD,2026-01-15,3.0,0.0
GERAL,GERAL,Almeida-Junior-Apps - AJFans (iOS) First open,DOWNLOAD,2026-01-16,4.0,0.0
GERAL,GERAL,Almeida-Junior-Apps - AJFans (iOS) First open,DOWNLOAD,2026-01-17,4.0,0.0
GERAL,GERAL,Almeida-Junior-Apps - AJFans (iOS) First open,DOWNLOAD,2026-01-18,5.0,0.0
GERAL,GERAL,Almeida-Junior-Apps - AJFans (iOS) First open,DOWNLOAD,2026-01-19,6.0,0.0
GERAL,GERAL,Almeida-Junior-Apps - AJFans (iOS) First open,DOWNLOAD,2026-01-20,3.0,0.0
GERAL,GERAL,Almeida-Junior-Apps - AJFans (iOS) First open,DOWNLOAD,2026-01-21,10.0,0.0
GERAL,GERAL,Almeida-Junior-Apps - AJFans (iOS) First open,DOWNLOAD,2026-01-22,5.0,0.0
GERAL,GERAL,Almeida-Junior-Apps - AJFans (iOS) First open,DOWNLOAD,2026-01-23,8.0,0.0
GERAL,GERAL,Almeida-Junior-Apps - AJFans (iOS) First open,DOWNLOAD,2026-01-24,11.0,0.0
GERAL,GERAL,Almeida-Junior-Apps - AJFans (iOS) First open,DOWNLOAD,2026-01-25,7.0,0.0
GERAL,GERAL,Almeida-Junior-Apps - AJFans (iOS) First open,DOWNLOAD,2026-01-26,4.0,0.0
GERAL,GERAL,Almeida-Junior-Apps - AJFans (iOS) First open,DOWNLOAD,2026-01-27,3.0,0.0
GERAL,GERAL,Almeida-Junior-Apps - AJFans (iOS) First open,DOWNLOAD,2026-01-28,2.0,0.0
GERAL,GERAL,Almeida-Junior-Apps - AJFans (iOS) First open,DOWNLOAD,2026-01-29,5.0,0.0
GERAL,GERAL,Almeida-Junior-Apps - AJFans (iOS) First open,DOWNLOAD,2026-01-30,5.0,0.0
GERAL,GERAL,Almeida-Junior-Apps - AJFans (iOS) First open,DOWNLOAD,2026-01-31,6.0,0.0
GERAL,GERAL,Almeida-Junior-Apps - AJFans (iOS) First open,DOWNLOAD,2026-02-01,5.0,0.0
GERAL,GERAL,Almeida-Junior-Apps - AJFans (iOS) First open,DOWNLOAD,2026-02-02,2.0,0.0
GERAL,GERAL,Almeida-Junior-Apps - AJFans (iOS) First open,DOWNLOAD,2026-02-03,4.0,0.0
GERAL,GERAL,Almeida-Junior-Apps - AJFans (iOS) First open,DOWNLOAD,2026-02-04,5.0,0.0
GERAL,GERAL,Almeida-Junior-Apps - AJFans (iOS) First open,DOWNLOAD,2026-02-05,7.0,0.0
GERAL,GERAL,Almeida-Junior-Apps - AJFans (iOS) First open,DOWNLOAD,2026-02-07,14.0,0.0
GERAL,GERAL,Almeida-Junior-Apps - AJFans (iOS) First open,DOWNLOAD,2026-02-08,11.0,0.0
GERAL,GERAL,Almeida-Junior-Apps - AJFans (iOS) First open,DOWNLOAD,2026-02-09,3.0,0.0
GERAL,GERAL,Almeida-Junior-Apps - AJFans (iOS) First open,DOWNLOAD,2026-02-10,3.0,0.0
GERAL,GERAL,Almeida-Junior-Apps - AJFans (iOS) First open,DOWNLOAD,2026-02-11,4.0,0.0
GERAL,GERAL,Almeida-Junior-Apps - AJFans (iOS) First open,DOWNLOAD,2026-02-12,2.0,0.0
GERAL,GERAL,Almeida-Junior-Apps - AJFans (iOS) First open,DOWNLOAD,2026-02-14,5.0,0.0
GERAL,GERAL,Almeida-Junior-Apps - AJFans (iOS) First open,DOWNLOAD,2026-02-15,5.0,0.0
GERAL,GERAL,Almeida-Junior-Apps - AJFans (iOS) First open,DOWNLOAD,2026-02-16,2.0,0.0
GERAL,GERAL,Almeida-Junior-Apps - AJFans (iOS) First open,DOWNLOAD,2026-02-17,4.0,0.0
GERAL,GERAL,Almeida-Junior-Apps - AJFans (iOS) First open,DOWNLOAD,2026-02-19,2.0,0.0
GERAL,GERAL,Almeida-Junior-Apps - AJFans (iOS) First open,DOWNLOAD,2026-02-21,2.0,0.0
GERAL,GERAL,Almeida-Junior-Apps - AJFans (iOS) First open,DOWNLOAD,2026-02-23,2.0,0.0
GERAL,GERAL,Almeida-Junior-Apps - AJFans (iOS) First open,DOWNLOAD,2026-02-24,1.0,0.0
GERAL,GERAL,Almeida-Junior-Apps - AJFans (iOS) First open,DOWNLOAD,2026-02-27,4.0,0.0
GERAL,GERAL,Almeida-Junior-Apps - AJFans (iOS) First open,DOWNLOAD,2026-03-01,2.0,0.0
GERAL,GERAL,Almeida-Junior-Apps - AJFans (iOS) First open,DOWNLOAD,2026-03-02,2.0,0.0
GERAL,GERAL,Almeida-Junior-Apps - AJFans (iOS) First open,DOWNLOAD,2026-03-04,2.0,0.0
GERAL,GERAL,Almeida-Junior-Apps - AJFans (iOS) First open,DOWNLOAD,2026-03-05,1.0,0.0
GERAL,GERAL,Almeida-Junior-Apps - AJFans (iOS) First open,DOWNLOAD,2026-03-06,3.0,0.0
GERAL,GERAL,Almeida-Junior-Apps - AJFans (iOS) First open,DOWNLOAD,2026-03-07,2.0,0.0
GERAL,GERAL,Almeida-Junior-Apps - AJFans (iOS) First open,DOWNLOAD,2026-03-08,5.0,0.0
GERAL,GERAL,Almeida-Junior-Apps - AJFans (iOS) First open,DOWNLOAD,2026-03-09,2.0,0.0
GERAL,GERAL,Almeida-Junior-Apps - AJFans (iOS) First open,DOWNLOAD,2026-03-10,2.0,0.0
GERAL,GERAL,Almeida-Junior-Apps - AJFans (iOS) First open,DOWNLOAD,2026-03-11,3.0,0.0
GERAL,GERAL,Almeida-Junior-Apps - AJFans (iOS) session_start,PAGE_VIEW,2025-12-13,12.0,0.0
GERAL,GERAL,Almeida-Junior-Apps - AJFans (iOS) session_start,PAGE_VIEW,2025-12-14,42.0,0.0
GERAL,GERAL,Almeida-Junior-Apps - AJFans (iOS) session_start,PAGE_VIEW,2025-12-15,63.0,0.0
GERAL,GERAL,Almeida-Junior-Apps - AJFans (iOS) session_start,PAGE_VIEW,2025-12-16,23.0,0.0
GERAL,GERAL,Almeida-Junior-Apps - AJFans (iOS) session_start,PAGE_VIEW,2025-12-17,17.0,0.0
GERAL,GERAL,Almeida-Junior-Apps - AJFans (iOS) session_start,PAGE_VIEW,2025-12-18,11.0,0.0
GERAL,GERAL,Almeida-Junior-Apps - AJFans (iOS) session_start,PAGE_VIEW,2025-12-19,15.0,0.0
GERAL,GERAL,Almeida-Junior-Apps - AJFans (iOS) session_start,PAGE_VIEW,2025-12-20,20.0,0.0
GERAL,GERAL,Almeida-Junior-Apps - AJFans (iOS) session_start,PAGE_VIEW,2025-12-21,30.0,0.0
GERAL,GERAL,Almeida-Junior-Apps - AJFans (iOS) session_start,PAGE_VIEW,2025-12-22,40.0,0.0
GERAL,GERAL,Almeida-Junior-Apps - AJFans (iOS) session_start,PAGE_VIEW,2025-12-23,35.0,0.0
GERAL,GERAL,Almeida-Junior-Apps - AJFans (iOS) session_start,PAGE_VIEW,2025-12-24,19.0,0.0
GERAL,GERAL,Almeida-Junior-Apps - AJFans (iOS) session_start,PAGE_VIEW,2025-12-25,14.0,0.0
GERAL,GERAL,Almeida-Junior-Apps - AJFans (iOS) session_start,PAGE_VIEW,2025-12-26,10.0,0.0
GERAL,GERAL,Almeida-Junior-Apps - AJFans (iOS) session_start,PAGE_VIEW,2025-12-27,12.0,0.0
GERAL,GERAL,Almeida-Junior-Apps - AJFans (iOS) session_start,PAGE_VIEW,2025-12-28,14.0,0.0
GERAL,GERAL,Almeida-Junior-Apps - AJFans (iOS) session_start,PAGE_VIEW,2025-12-29,18.0,0.0
GERAL,GERAL,Almeida-Junior-Apps - AJFans (iOS) session_start,PAGE_VIEW,2025-12-30,24.0,0.0
GERAL,GERAL,Almeida-Junior-Apps - AJFans (iOS) session_start,PAGE_VIEW,2025-12-31,26.0,0.0
GERAL,GERAL,Almeida-Junior-Apps - AJFans (iOS) session_start,PAGE_VIEW,2026-01-01,14.0,0.0
GERAL,GERAL,Almeida-Junior-Apps - AJFans (iOS) session_start,PAGE_VIEW,2026-01-06,40.0,0.0
GERAL,GERAL,Almeida-Junior-Apps - AJFans (iOS) session_start,PAGE_VIEW,2026-01-07,11.0,0.0
GERAL,GERAL,Almeida-Junior-Apps - AJFans (iOS) session_start,PAGE_VIEW,2026-01-08,4.0,0.0
GERAL,GERAL,Almeida-Junior-Apps - AJFans (iOS) session_start,PAGE_VIEW,2026-01-09,27.0,0.0
GERAL,GERAL,Almeida-Junior-Apps - AJFans (iOS) session_start,PAGE_VIEW,2026-01-10,10.0,0.0
GERAL,GERAL,Almeida-Junior-Apps - AJFans (iOS) session_start,PAGE_VIEW,2026-01-11,19.0,0.0
GERAL,GERAL,Almeida-Junior-Apps - AJFans (iOS) session_start,PAGE_VIEW,2026-01-12,68.0,0.0
GERAL,GERAL,Almeida-Junior-Apps - AJFans (iOS) session_start,PAGE_VIEW,2026-01-13,88.0,0.0
GERAL,GERAL,Almeida-Junior-Apps - AJFans (iOS) session_start,PAGE_VIEW,2026-01-14,67.0,0.0
GERAL,GERAL,Almeida-Junior-Apps - AJFans (iOS) session_start,PAGE_VIEW,2026-01-15,86.0,0.0
GERAL,GERAL,Almeida-Junior-Apps - AJFans (iOS) session_start,PAGE_VIEW,2026-01-16,57.0,0.0
GERAL,GERAL,Almeida-Junior-Apps - AJFans (iOS) session_start,PAGE_VIEW,2026-01-17,107.0,0.0
GERAL,GERAL,Almeida-Junior-Apps - AJFans (iOS) session_start,PAGE_VIEW,2026-01-18,74.0,0.0
GERAL,GERAL,Almeida-Junior-Apps - AJFans (iOS) session_start,PAGE_VIEW,2026-01-19,40.0,0.0
GERAL,GERAL,Almeida-Junior-Apps - AJFans (iOS) session_start,PAGE_VIEW,2026-01-20,93.0,0.0
GERAL,GERAL,Almeida-Junior-Apps - AJFans (iOS) session_start,PAGE_VIEW,2026-01-21,66.0,0.0
GERAL,GERAL,Almeida-Junior-Apps - AJFans (iOS) session_start,PAGE_VIEW,2026-01-22,127.0,0.0
GERAL,GERAL,Almeida-Junior-Apps - AJFans (iOS) session_start,PAGE_VIEW,2026-01-23,54.0,0.0
GERAL,GERAL,Almeida-Junior-Apps - AJFans (iOS) session_start,PAGE_VIEW,2026-01-24,28.0,0.0
GERAL,GERAL,Almeida-Junior-Apps - AJFans (iOS) session_start,PAGE_VIEW,2026-01-25,120.0,0.0
GERAL,GERAL,Almeida-Junior-Apps - AJFans (iOS) session_start,PAGE_VIEW,2026-01-26,57.0,0.0
GERAL,GERAL,Almeida-Junior-Apps - AJFans (iOS) session_start,PAGE_VIEW,2026-01-27,47.0,0.0
GERAL,GERAL,Almeida-Junior-Apps - AJFans (iOS) session_start,PAGE_VIEW,2026-01-28,18.0,0.0
GERAL,GERAL,Almeida-Junior-Apps - AJFans (iOS) session_start,PAGE_VIEW,2026-01-29,69.0,0.0
GERAL,GERAL,Almeida-Junior-Apps - AJFans (iOS) session_start,PAGE_VIEW,2026-01-30,46.0,0.0
GERAL,GERAL,Almeida-Junior-Apps - AJFans (iOS) session_start,PAGE_VIEW,2026-01-31,45.0,0.0
GERAL,GERAL,Almeida-Junior-Apps - AJFans (iOS) session_start,PAGE_VIEW,2026-02-01,67.0,0.0
GERAL,GERAL,Almeida-Junior-Apps - AJFans (iOS) session_start,PAGE_VIEW,2026-02-02,61.0,0.0
GERAL,GERAL,Almeida-Junior-Apps - AJFans (iOS) session_start,PAGE_VIEW,2026-02-03,41.0,0.0
GERAL,GERAL,Almeida-Junior-Apps - AJFans (iOS) session_start,PAGE_VIEW,2026-02-04,155.0,0.0
GERAL,GERAL,Almeida-Junior-Apps - AJFans (iOS) session_start,PAGE_VIEW,2026-02-05,47.0,0.0
GERAL,GERAL,Almeida-Junior-Apps - AJFans (iOS) session_start,PAGE_VIEW,2026-02-07,87.0,0.0
GERAL,GERAL,Almeida-Junior-Apps - AJFans (iOS) session_start,PAGE_VIEW,2026-02-08,90.0,0.0
GERAL,GERAL,Almeida-Junior-Apps - AJFans (iOS) session_start,PAGE_VIEW,2026-02-09,17.0,0.0
GERAL,GERAL,Almeida-Junior-Apps - AJFans (iOS) session_start,PAGE_VIEW,2026-02-10,10.0,0.0
GERAL,GERAL,Almeida-Junior-Apps - AJFans (iOS) session_start,PAGE_VIEW,2026-02-11,9.0,0.0
GERAL,GERAL,Almeida-Junior-Apps - AJFans (iOS) session_start,PAGE_VIEW,2026-02-12,5.0,0.0
GERAL,GERAL,Almeida-Junior-Apps - AJFans (iOS) session_start,PAGE_VIEW,2026-02-13,11.0,0.0
GERAL,GERAL,Almeida-Junior-Apps - AJFans (iOS) session_start,PAGE_VIEW,2026-02-14,29.0,0.0
GERAL,GERAL,Almeida-Junior-Apps - AJFans (iOS) session_start,PAGE_VIEW,2026-02-15,22.0,0.0
GERAL,GERAL,Almeida-Junior-Apps - AJFans (iOS) session_start,PAGE_VIEW,2026-02-16,35.0,0.0
GERAL,GERAL,Almeida-Junior-Apps - AJFans (iOS) session_start,PAGE_VIEW,2026-02-17,79.0,0.0
GERAL,GERAL,Almeida-Junior-Apps - AJFans (iOS) session_start,PAGE_VIEW,2026-02-18,25.0,0.0
GERAL,GERAL,Almeida-Junior-Apps - AJFans (iOS) session_start,PAGE_VIEW,2026-02-19,4.0,0.0
GERAL,GERAL,Almeida-Junior-Apps - AJFans (iOS) session_start,PAGE_VIEW,2026-02-21,13.0,0.0
GERAL,GERAL,Almeida-Junior-Apps - AJFans (iOS) session_start,PAGE_VIEW,2026-02-22,10.0,0.0
GERAL,GERAL,Almeida-Junior-Apps - AJFans (iOS) session_start,PAGE_VIEW,2026-02-23,2.0,0.0
GERAL,GERAL,Almeida-Junior-Apps - AJFans (iOS) session_start,PAGE_VIEW,2026-02-24,1.0,0.0
GERAL,GERAL,Almeida-Junior-Apps - AJFans (iOS) session_start,PAGE_VIEW,2026-02-25,10.0,0.0
GERAL,GERAL,Almeida-Junior-Apps - AJFans (iOS) session_start,PAGE_VIEW,2026-02-26,7.0,0.0
GERAL,GERAL,Almeida-Junior-Apps - AJFans (iOS) session_start,PAGE_VIEW,2026-02-27,5.0,0.0
GERAL,GERAL,Almeida-Junior-Apps - AJFans (iOS) session_start,PAGE_VIEW,2026-02-28,66.0,0.0
GERAL,GERAL,Almeida-Junior-Apps - AJFans (iOS) session_start,PAGE_VIEW,2026-03-01,30.0,0.0
GERAL,GERAL,Almeida-Junior-Apps - AJFans (iOS) session_start,PAGE_VIEW,2026-03-02,17.0,0.0
GERAL,GERAL,Almeida-Junior-Apps - AJFans (iOS) session_start,PAGE_VIEW,2026-03-03,5.0,0.0
GERAL,GERAL,Almeida-Junior-Apps - AJFans (iOS) session_start,PAGE_VIEW,2026-03-04,5.0,0.0
GERAL,GERAL,Almeida-Junior-Apps - AJFans (iOS) session_start,PAGE_VIEW,2026-03-05,5.0,0.0
GERAL,GERAL,Almeida-Junior-Apps - AJFans (iOS) session_start,PAGE_VIEW,2026-03-06,10.0,0.0
GERAL,GERAL,Almeida-Junior-Apps - AJFans (iOS) session_start,PAGE_VIEW,2026-03-07,6.0,0.0
GERAL,GERAL,Almeida-Junior-Apps - AJFans (iOS) session_start,PAGE_VIEW,2026-03-08,10.0,0.0
GERAL,GERAL,Almeida-Junior-Apps - AJFans (iOS) session_start,PAGE_VIEW,2026-03-09,6.0,0.0
GERAL,GERAL,Almeida-Junior-Apps - AJFans (iOS) session_start,PAGE_VIEW,2026-03-10,4.0,0.0
GERAL,GERAL,Almeida-Junior-Apps - AJFans (iOS) session_start,PAGE_VIEW,2026-03-11,5.0,0.0
GERAL,GERAL,Almeida-Junior-Apps - AJFans (iOS) session_start,PAGE_VIEW,2026-03-12,1.0,0.0
GERAL,GERAL,Rotas,GET_DIRECTIONS,2025-12-13,1340.0,0.0
GERAL,GERAL,Rotas,GET_DIRECTIONS,2025-12-14,1370.0,0.0
GERAL,GERAL,Rotas,GET_DIRECTIONS,2025-12-15,1012.0,0.0
GERAL,GERAL,Rotas,GET_DIRECTIONS,2025-12-16,1217.0,0.0
GERAL,GERAL,Rotas,GET_DIRECTIONS,2025-12-17,936.0,0.0
GERAL,GERAL,Rotas,GET_DIRECTIONS,2025-12-18,830.0,0.0
GERAL,GERAL,Rotas,GET_DIRECTIONS,2025-12-19,1012.0,0.0
GERAL,GERAL,Rotas,GET_DIRECTIONS,2025-12-20,1116.0,0.0
GERAL,GERAL,Rotas,GET_DIRECTIONS,2025-12-21,1224.0,0.0
GERAL,GERAL,Rotas,GET_DIRECTIONS,2025-12-22,1316.0,0.0
GERAL,GERAL,Rotas,GET_DIRECTIONS,2025-12-23,1334.0,0.0
GERAL,GERAL,Rotas,GET_DIRECTIONS,2025-12-24,881.0,0.0
GERAL,GERAL,Rotas,GET_DIRECTIONS,2025-12-25,576.0,0.0
GERAL,GERAL,Rotas,GET_DIRECTIONS,2025-12-26,1410.0,0.0
GERAL,GERAL,Rotas,GET_DIRECTIONS,2025-12-27,1326.0,0.0
GERAL,GERAL,Rotas,GET_DIRECTIONS,2025-12-28,1376.0,0.0
GERAL,GERAL,Rotas,GET_DIRECTIONS,2025-12-29,1933.0,0.0
GERAL,GERAL,Rotas,GET_DIRECTIONS,2025-12-30,1935.0,0.0
GERAL,GERAL,Rotas,GET_DIRECTIONS,2025-12-31,1103.0,0.0
GERAL,GERAL,Rotas,GET_DIRECTIONS,2026-01-01,954.0,0.0
GERAL,GERAL,Rotas,GET_DIRECTIONS,2026-01-02,4.0,0.0
GERAL,GERAL,Rotas,GET_DIRECTIONS,2026-01-03,9.0,0.0
GERAL,GERAL,Rotas,GET_DIRECTIONS,2026-01-06,917.0,0.0
GERAL,GERAL,Rotas,GET_DIRECTIONS,2026-01-07,845.0,0.0
GERAL,GERAL,Rotas,GET_DIRECTIONS,2026-01-08,1333.0,0.0
GERAL,GERAL,Rotas,GET_DIRECTIONS,2026-01-09,1478.0,0.0
GERAL,GERAL,Rotas,GET_DIRECTIONS,2026-01-10,2590.0,0.0
GERAL,GERAL,Rotas,GET_DIRECTIONS,2026-01-11,1898.0,0.0
GERAL,GERAL,Rotas,GET_DIRECTIONS,2026-01-12,1562.0,0.0
GERAL,GERAL,Rotas,GET_DIRECTIONS,2026-01-13,1583.0,0.0
GERAL,GERAL,Rotas,GET_DIRECTIONS,2026-01-14,1366.0,0.0
GERAL,GERAL,Rotas,GET_DIRECTIONS,2026-01-15,1634.0,0.0
GERAL,GERAL,Rotas,GET_DIRECTIONS,2026-01-16,1765.0,0.0
GERAL,GERAL,Rotas,GET_DIRECTIONS,2026-01-17,2476.0,0.0
GERAL,GERAL,Rotas,GET_DIRECTIONS,2026-01-18,2119.0,0.0
GERAL,GERAL,Rotas,GET_DIRECTIONS,2026-01-19,2035.0,0.0
GERAL,GERAL,Rotas,GET_DIRECTIONS,2026-01-20,1212.0,0.0
GERAL,GERAL,Rotas,GET_DIRECTIONS,2026-01-21,1351.0,0.0
GERAL,GERAL,Rotas,GET_DIRECTIONS,2026-01-22,1128.0,0.0
GERAL,GERAL,Rotas,GET_DIRECTIONS,2026-01-23,1213.0,0.0
GERAL,GERAL,Rotas,GET_DIRECTIONS,2026-01-24,1417.0,0.0
GERAL,GERAL,Rotas,GET_DIRECTIONS,2026-01-25,1357.0,0.0
GERAL,GERAL,Rotas,GET_DIRECTIONS,2026-01-26,1231.0,0.0
GERAL,GERAL,Rotas,GET_DIRECTIONS,2026-01-27,1293.0,0.0
GERAL,GERAL,Rotas,GET_DIRECTIONS,2026-01-28,1049.0,0.0
GERAL,GERAL,Rotas,GET_DIRECTIONS,2026-01-29,1856.0,0.0
GERAL,GERAL,Rotas,GET_DIRECTIONS,2026-01-30,1235.0,0.0
GERAL,GERAL,Rotas,GET_DIRECTIONS,2026-01-31,1313.0,0.0
GERAL,GERAL,Rotas,GET_DIRECTIONS,2026-02-01,1078.0,0.0
GERAL,GERAL,Rotas,GET_DIRECTIONS,2026-02-02,1173.0,0.0
GERAL,GERAL,Rotas,GET_DIRECTIONS,2026-02-03,2227.0,0.0
GERAL,GERAL,Rotas,GET_DIRECTIONS,2026-02-04,1701.0,0.0
GERAL,GERAL,Rotas,GET_DIRECTIONS,2026-02-05,914.0,0.0
GERAL,GERAL,Rotas,GET_DIRECTIONS,2026-02-06,4.0,0.0
GERAL,GERAL,Rotas,GET_DIRECTIONS,2026-02-07,3478.0,0.0
GERAL,GERAL,Rotas,GET_DIRECTIONS,2026-02-08,3104.0,0.0
GERAL,GERAL,Rotas,GET_DIRECTIONS,2026-02-09,948.0,0.0
GERAL,GERAL,Rotas,GET_DIRECTIONS,2026-02-10,860.0,0.0
GERAL,GERAL,Rotas,GET_DIRECTIONS,2026-02-11,769.0,0.0
GERAL,GERAL,Rotas,GET_DIRECTIONS,2026-02-12,868.0,0.0
GERAL,GERAL,Rotas,GET_DIRECTIONS,2026-02-13,1093.0,0.0
GERAL,GERAL,Rotas,GET_DIRECTIONS,2026-02-14,1337.0,0.0
GERAL,GERAL,Rotas,GET_DIRECTIONS,2026-02-15,1172.0,0.0
GERAL,GERAL,Rotas,GET_DIRECTIONS,2026-02-16,1143.0,0.0
GERAL,GERAL,Rotas,GET_DIRECTIONS,2026-02-17,946.0,0.0
GERAL,GERAL,Rotas,GET_DIRECTIONS,2026-02-18,619.0,0.0
GERAL,GERAL,Rotas,GET_DIRECTIONS,2026-02-19,625.0,0.0
GERAL,GERAL,Rotas,GET_DIRECTIONS,2026-02-20,996.0,0.0
GERAL,GERAL,Rotas,GET_DIRECTIONS,2026-02-21,1026.0,0.0
GERAL,GERAL,Rotas,GET_DIRECTIONS,2026-02-22,976.0,0.0
GERAL,GERAL,Rotas,GET_DIRECTIONS,2026-02-23,654.0,0.0
GERAL,GERAL,Rotas,GET_DIRECTIONS,2026-02-24,775.0,0.0
GERAL,GERAL,Rotas,GET_DIRECTIONS,2026-02-25,709.0,0.0
GERAL,GERAL,Rotas,GET_DIRECTIONS,2026-02-26,529.0,0.0
GERAL,GERAL,Rotas,GET_DIRECTIONS,2026-02-27,628.0,0.0
GERAL,GERAL,Rotas,GET_DIRECTIONS,2026-02-28,802.0,0.0
GERAL,GERAL,Rotas,GET_DIRECTIONS,2026-03-01,788.0,0.0
GERAL,GERAL,Rotas,GET_DIRECTIONS,2026-03-02,461.0,0.0
GERAL,GERAL,Rotas,GET_DIRECTIONS,2026-03-03,501.0,0.0
GERAL,GERAL,Rotas,GET_DIRECTIONS,2026-03-04,501.0,0.0
GERAL,GERAL,Rotas,GET_DIRECTIONS,2026-03-05,531.0,0.0
GERAL,GERAL,Rotas,GET_DIRECTIONS,2026-03-06,582.0,0.0
GERAL,GERAL,Rotas,GET_DIRECTIONS,2026-03-07,1098.0,0.0
GERAL,GERAL,Rotas,GET_DIRECTIONS,2026-03-08,860.0,0.0
GERAL,GERAL,Rotas,GET_DIRECTIONS,2026-03-09,816.0,0.0
GERAL,GERAL,Rotas,GET_DIRECTIONS,2026-03-10,896.0,0.0
GERAL,GERAL,Rotas,GET_DIRECTIONS,2026-03-11,373.0,0.0
GERAL,GERAL,Rotas,GET_DIRECTIONS,2026-03-12,4.0,0.0
GERAL,GERAL,Local actions - Website visits,PAGE_VIEW,2025-12-13,151.0,0.0
GERAL,GERAL,Local actions - Website visits,PAGE_VIEW,2025-12-14,183.0,0.0
GERAL,GERAL,Local actions - Website visits,PAGE_VIEW,2025-12-15,133.0,0.0
GERAL,GERAL,Local actions - Website visits,PAGE_VIEW,2025-12-16,128.0,0.0
GERAL,GERAL,Local actions - Website visits,PAGE_VIEW,2025-12-17,95.0,0.0
GERAL,GERAL,Local actions - Website visits,PAGE_VIEW,2025-12-18,101.0,0.0
GERAL,GERAL,Local actions - Website visits,PAGE_VIEW,2025-12-19,119.0,0.0
GERAL,GERAL,Local actions - Website visits,PAGE_VIEW,2025-12-20,139.0,0.0
GERAL,GERAL,Local actions - Website visits,PAGE_VIEW,2025-12-21,178.0,0.0
GERAL,GERAL,Local actions - Website visits,PAGE_VIEW,2025-12-22,123.0,0.0
GERAL,GERAL,Local actions - Website visits,PAGE_VIEW,2025-12-23,133.0,0.0
GERAL,GERAL,Local actions - Website visits,PAGE_VIEW,2025-12-24,109.0,0.0
GERAL,GERAL,Local actions - Website visits,PAGE_VIEW,2025-12-25,117.0,0.0
GERAL,GERAL,Local actions - Website visits,PAGE_VIEW,2025-12-26,151.0,0.0
GERAL,GERAL,Local actions - Website visits,PAGE_VIEW,2025-12-27,120.0,0.0
GERAL,GERAL,Local actions - Website visits,PAGE_VIEW,2025-12-28,165.0,0.0
GERAL,GERAL,Local actions - Website visits,PAGE_VIEW,2025-12-29,179.0,0.0
GERAL,GERAL,Local actions - Website visits,PAGE_VIEW,2025-12-30,172.0,0.0
GERAL,GERAL,Local actions - Website visits,PAGE_VIEW,2025-12-31,115.0,0.0
GERAL,GERAL,Local actions - Website visits,PAGE_VIEW,2026-01-01,164.0,0.0
GERAL,GERAL,Local actions - Website visits,PAGE_VIEW,2026-01-06,83.0,0.0
GERAL,GERAL,Local actions - Website visits,PAGE_VIEW,2026-01-07,92.0,0.0
GERAL,GERAL,Local actions - Website visits,PAGE_VIEW,2026-01-08,94.0,0.0
GERAL,GERAL,Local actions - Website visits,PAGE_VIEW,2026-01-09,145.0,0.0
GERAL,GERAL,Local actions - Website visits,PAGE_VIEW,2026-01-10,233.0,0.0
GERAL,GERAL,Local actions - Website visits,PAGE_VIEW,2026-01-11,205.0,0.0
GERAL,GERAL,Local actions - Website visits,PAGE_VIEW,2026-01-12,111.0,0.0
GERAL,GERAL,Local actions - Website visits,PAGE_VIEW,2026-01-13,127.0,0.0
GERAL,GERAL,Local actions - Website visits,PAGE_VIEW,2026-01-14,110.0,0.0
GERAL,GERAL,Local actions - Website visits,PAGE_VIEW,2026-01-15,140.0,0.0
GERAL,GERAL,Local actions - Website visits,PAGE_VIEW,2026-01-16,140.0,0.0
GERAL,GERAL,Local actions - Website visits,PAGE_VIEW,2026-01-17,209.0,0.0
GERAL,GERAL,Local actions - Website visits,PAGE_VIEW,2026-01-18,191.0,0.0
GERAL,GERAL,Local actions - Website visits,PAGE_VIEW,2026-01-19,128.0,0.0
GERAL,GERAL,Local actions - Website visits,PAGE_VIEW,2026-01-20,94.0,0.0
GERAL,GERAL,Local actions - Website visits,PAGE_VIEW,2026-01-21,100.0,0.0
GERAL,GERAL,Local actions - Website visits,PAGE_VIEW,2026-01-22,121.0,0.0
GERAL,GERAL,Local actions - Website visits,PAGE_VIEW,2026-01-23,99.0,0.0
GERAL,GERAL,Local actions - Website visits,PAGE_VIEW,2026-01-24,119.0,0.0
GERAL,GERAL,Local actions - Website visits,PAGE_VIEW,2026-01-25,119.0,0.0
GERAL,GERAL,Local actions - Website visits,PAGE_VIEW,2026-01-26,101.0,0.0
GERAL,GERAL,Local actions - Website visits,PAGE_VIEW,2026-01-27,118.0,0.0
GERAL,GERAL,Local actions - Website visits,PAGE_VIEW,2026-01-28,99.0,0.0
GERAL,GERAL,Local actions - Website visits,PAGE_VIEW,2026-01-29,118.0,0.0
GERAL,GERAL,Local actions - Website visits,PAGE_VIEW,2026-01-30,83.0,0.0
GERAL,GERAL,Local actions - Website visits,PAGE_VIEW,2026-01-31,124.0,0.0
GERAL,GERAL,Local actions - Website visits,PAGE_VIEW,2026-02-01,111.0,0.0
GERAL,GERAL,Local actions - Website visits,PAGE_VIEW,2026-02-02,100.0,0.0
GERAL,GERAL,Local actions - Website visits,PAGE_VIEW,2026-02-03,201.0,0.0
GERAL,GERAL,Local actions - Website visits,PAGE_VIEW,2026-02-04,167.0,0.0
GERAL,GERAL,Local actions - Website visits,PAGE_VIEW,2026-02-05,70.0,0.0
GERAL,GERAL,Local actions - Website visits,PAGE_VIEW,2026-02-06,1.0,0.0
GERAL,GERAL,Local actions - Website visits,PAGE_VIEW,2026-02-07,262.0,0.0
GERAL,GERAL,Local actions - Website visits,PAGE_VIEW,2026-02-08,268.0,0.0
GERAL,GERAL,Local actions - Website visits,PAGE_VIEW,2026-02-09,83.0,0.0
GERAL,GERAL,Local actions - Website visits,PAGE_VIEW,2026-02-10,72.0,0.0
GERAL,GERAL,Local actions - Website visits,PAGE_VIEW,2026-02-11,60.0,0.0
GERAL,GERAL,Local actions - Website visits,PAGE_VIEW,2026-02-12,87.0,0.0
GERAL,GERAL,Local actions - Website visits,PAGE_VIEW,2026-02-13,72.0,0.0
GERAL,GERAL,Local actions - Website visits,PAGE_VIEW,2026-02-14,180.0,0.0
GERAL,GERAL,Local actions - Website visits,PAGE_VIEW,2026-02-15,90.0,0.0
GERAL,GERAL,Local actions - Website visits,PAGE_VIEW,2026-02-16,79.0,0.0
GERAL,GERAL,Local actions - Website visits,PAGE_VIEW,2026-02-17,102.0,0.0
GERAL,GERAL,Local actions - Website visits,PAGE_VIEW,2026-02-18,68.0,0.0
GERAL,GERAL,Local actions - Website visits,PAGE_VIEW,2026-02-19,34.0,0.0
GERAL,GERAL,Local actions - Website visits,PAGE_VIEW,2026-02-20,55.0,0.0
GERAL,GERAL,Local actions - Website visits,PAGE_VIEW,2026-02-21,78.0,0.0
GERAL,GERAL,Local actions - Website visits,PAGE_VIEW,2026-02-22,77.0,0.0
GERAL,GERAL,Local actions - Website visits,PAGE_VIEW,2026-02-23,62.0,0.0
GERAL,GERAL,Local actions - Website visits,PAGE_VIEW,2026-02-24,58.0,0.0
GERAL,GERAL,Local actions - Website visits,PAGE_VIEW,2026-02-25,57.0,0.0
GERAL,GERAL,Local actions - Website visits,PAGE_VIEW,2026-02-26,53.0,0.0
GERAL,GERAL,Local actions - Website visits,PAGE_VIEW,2026-02-27,54.0,0.0
GERAL,GERAL,Local actions - Website visits,PAGE_VIEW,2026-02-28,61.0,0.0
GERAL,GERAL,Local actions - Website visits,PAGE_VIEW,2026-03-01,69.0,0.0
GERAL,GERAL,Local actions - Website visits,PAGE_VIEW,2026-03-02,47.0,0.0
GERAL,GERAL,Local actions - Website visits,PAGE_VIEW,2026-03-03,51.0,0.0
GERAL,GERAL,Local actions - Website visits,PAGE_VIEW,2026-03-04,39.0,0.0
GERAL,GERAL,Local actions - Website visits,PAGE_VIEW,2026-03-05,39.0,0.0
GERAL,GERAL,Local actions - Website visits,PAGE_VIEW,2026-03-06,37.0,0.0
GERAL,GERAL,Local actions - Website visits,PAGE_VIEW,2026-03-07,79.0,0.0
GERAL,GERAL,Local actions - Website visits,PAGE_VIEW,2026-03-08,76.0,0.0
GERAL,GERAL,Local actions - Website visits,PAGE_VIEW,2026-03-09,63.0,0.0
GERAL,GERAL,Local actions - Website visits,PAGE_VIEW,2026-03-10,64.0,0.0
GERAL,GERAL,Clicks to call,CONTACT,2025-12-13,43.0,0.0
GERAL,GERAL,Clicks to call,CONTACT,2025-12-14,29.0,0.0
GERAL,GERAL,Clicks to call,CONTACT,2025-12-15,14.0,0.0
GERAL,GERAL,Clicks to call,CONTACT,2025-12-16,20.0,0.0
GERAL,GERAL,Clicks to call,CONTACT,2025-12-17,22.0,0.0
GERAL,GERAL,Clicks to call,CONTACT,2025-12-18,14.0,0.0
GERAL,GERAL,Clicks to call,CONTACT,2025-12-19,18.0,0.0
GERAL,GERAL,Clicks to call,CONTACT,2025-12-20,14.0,0.0
GERAL,GERAL,Clicks to call,CONTACT,2025-12-21,26.0,0.0
GERAL,GERAL,Clicks to call,CONTACT,2025-12-22,34.0,0.0
GERAL,GERAL,Clicks to call,CONTACT,2025-12-23,22.0,0.0
GERAL,GERAL,Clicks to call,CONTACT,2025-12-24,29.0,0.0
GERAL,GERAL,Clicks to call,CONTACT,2025-12-25,78.0,0.0
GERAL,GERAL,Clicks to call,CONTACT,2025-12-26,26.0,0.0
GERAL,GERAL,Clicks to call,CONTACT,2025-12-27,12.0,0.0
GERAL,GERAL,Clicks to call,CONTACT,2025-12-28,23.0,0.0
GERAL,GERAL,Clicks to call,CONTACT,2025-12-29,16.0,0.0
GERAL,GERAL,Clicks to call,CONTACT,2025-12-30,24.0,0.0
GERAL,GERAL,Clicks to call,CONTACT,2025-12-31,42.0,0.0
GERAL,GERAL,Clicks to call,CONTACT,2026-01-01,69.0,0.0
GERAL,GERAL,Clicks to call,CONTACT,2026-01-06,6.0,0.0
GERAL,GERAL,Clicks to call,CONTACT,2026-01-07,10.0,0.0
GERAL,GERAL,Clicks to call,CONTACT,2026-01-08,11.0,0.0
GERAL,GERAL,Clicks to call,CONTACT,2026-01-09,17.0,0.0
GERAL,GERAL,Clicks to call,CONTACT,2026-01-10,33.0,0.0
GERAL,GERAL,Clicks to call,CONTACT,2026-01-11,14.0,0.0
GERAL,GERAL,Clicks to call,CONTACT,2026-01-12,22.0,0.0
GERAL,GERAL,Clicks to call,CONTACT,2026-01-13,17.0,0.0
GERAL,GERAL,Clicks to call,CONTACT,2026-01-14,18.0,0.0
GERAL,GERAL,Clicks to call,CONTACT,2026-01-15,35.0,0.0
GERAL,GERAL,Clicks to call,CONTACT,2026-01-16,26.0,0.0
GERAL,GERAL,Clicks to call,CONTACT,2026-01-17,26.0,0.0
GERAL,GERAL,Clicks to call,CONTACT,2026-01-18,32.0,0.0
GERAL,GERAL,Clicks to call,CONTACT,2026-01-19,29.0,0.0
GERAL,GERAL,Clicks to call,CONTACT,2026-01-20,10.0,0.0
GERAL,GERAL,Clicks to call,CONTACT,2026-01-21,13.0,0.0
GERAL,GERAL,Clicks to call,CONTACT,2026-01-22,21.0,0.0
GERAL,GERAL,Clicks to call,CONTACT,2026-01-23,20.0,0.0
GERAL,GERAL,Clicks to call,CONTACT,2026-01-24,8.0,0.0
GERAL,GERAL,Clicks to call,CONTACT,2026-01-25,30.0,0.0
GERAL,GERAL,Clicks to call,CONTACT,2026-01-26,12.0,0.0
GERAL,GERAL,Clicks to call,CONTACT,2026-01-27,12.0,0.0
GERAL,GERAL,Clicks to call,CONTACT,2026-01-28,16.0,0.0
GERAL,GERAL,Clicks to call,CONTACT,2026-01-29,18.0,0.0
GERAL,GERAL,Clicks to call,CONTACT,2026-01-30,9.0,0.0
GERAL,GERAL,Clicks to call,CONTACT,2026-01-31,12.0,0.0
GERAL,GERAL,Clicks to call,CONTACT,2026-02-01,11.0,0.0
GERAL,GERAL,Clicks to call,CONTACT,2026-02-02,22.0,0.0
GERAL,GERAL,Clicks to call,CONTACT,2026-02-03,35.0,0.0
GERAL,GERAL,Clicks to call,CONTACT,2026-02-04,28.0,0.0
GERAL,GERAL,Clicks to call,CONTACT,2026-02-05,18.0,0.0
GERAL,GERAL,Clicks to call,CONTACT,2026-02-07,51.0,0.0
GERAL,GERAL,Clicks to call,CONTACT,2026-02-08,37.0,0.0
GERAL,GERAL,Clicks to call,CONTACT,2026-02-09,17.0,0.0
GERAL,GERAL,Clicks to call,CONTACT,2026-02-10,10.0,0.0
GERAL,GERAL,Clicks to call,CONTACT,2026-02-11,8.0,0.0
GERAL,GERAL,Clicks to call,CONTACT,2026-02-12,11.0,0.0
GERAL,GERAL,Clicks to call,CONTACT,2026-02-13,9.0,0.0
GERAL,GERAL,Clicks to call,CONTACT,2026-02-14,21.0,0.0
GERAL,GERAL,Clicks to call,CONTACT,2026-02-15,12.0,0.0
GERAL,GERAL,Clicks to call,CONTACT,2026-02-16,27.0,0.0
GERAL,GERAL,Clicks to call,CONTACT,2026-02-17,12.0,0.0
GERAL,GERAL,Clicks to call,CONTACT,2026-02-18,9.0,0.0
GERAL,GERAL,Clicks to call,CONTACT,2026-02-19,5.0,0.0
GERAL,GERAL,Clicks to call,CONTACT,2026-02-20,6.0,0.0
GERAL,GERAL,Clicks to call,CONTACT,2026-02-21,11.0,0.0
GERAL,GERAL,Clicks to call,CONTACT,2026-02-22,13.0,0.0
GERAL,GERAL,Clicks to call,CONTACT,2026-02-23,9.0,0.0
GERAL,GERAL,Clicks to call,CONTACT,2026-02-24,7.0,0.0
GERAL,GERAL,Clicks to call,CONTACT,2026-02-25,6.0,0.0
GERAL,GERAL,Clicks to call,CONTACT,2026-02-26,5.0,0.0
GERAL,GERAL,Clicks to call,CONTACT,2026-02-27,2.0,0.0
GERAL,GERAL,Clicks to call,CONTACT,2026-02-28,15.0,0.0
GERAL,GERAL,Clicks to call,CONTACT,2026-03-01,7.0,0.0
GERAL,GERAL,Clicks to call,CONTACT,2026-03-02,12.0,0.0
GERAL,GERAL,Clicks to call,CONTACT,2026-03-03,8.0,0.0
GERAL,GERAL,Clicks to call,CONTACT,2026-03-04,6.0,0.0
GERAL,GERAL,Clicks to call,CONTACT,2026-03-05,3.0,0.0
GERAL,GERAL,Clicks to call,CONTACT,2026-03-06,5.0,0.0
GERAL,GERAL,Clicks to call,CONTACT,2026-03-07,4.0,0.0
GERAL,GERAL,Clicks to call,CONTACT,2026-03-08,8.0,0.0
GERAL,GERAL,Clicks to call,CONTACT,2026-03-09,10.0,0.0
GERAL,GERAL,Clicks to call,CONTACT,2026-03-10,9.0,0.0
GERAL,GERAL,Local actions - Other engagements,ENGAGEMENT,2025-12-13,1650.0,0.0
GERAL,GERAL,Local actions - Other engagements,ENGAGEMENT,2025-12-14,1957.0,0.0
GERAL,GERAL,Local actions - Other engagements,ENGAGEMENT,2025-12-15,1391.0,0.0
GERAL,GERAL,Local actions - Other engagements,ENGAGEMENT,2025-12-16,1271.0,0.0
GERAL,GERAL,Local actions - Other engagements,ENGAGEMENT,2025-12-17,968.0,0.0
GERAL,GERAL,Local actions - Other engagements,ENGAGEMENT,2025-12-18,852.0,0.0
GERAL,GERAL,Local actions - Other engagements,ENGAGEMENT,2025-12-19,1011.0,0.0
GERAL,GERAL,Local actions - Other engagements,ENGAGEMENT,2025-12-20,1480.0,0.0
GERAL,GERAL,Local actions - Other engagements,ENGAGEMENT,2025-12-21,1547.0,0.0
GERAL,GERAL,Local actions - Other engagements,ENGAGEMENT,2025-12-22,1378.0,0.0
GERAL,GERAL,Local actions - Other engagements,ENGAGEMENT,2025-12-23,1531.0,0.0
GERAL,GERAL,Local actions - Other engagements,ENGAGEMENT,2025-12-24,1654.0,0.0
GERAL,GERAL,Local actions - Other engagements,ENGAGEMENT,2025-12-25,1747.0,0.0
GERAL,GERAL,Local actions - Other engagements,ENGAGEMENT,2025-12-26,2071.0,0.0
GERAL,GERAL,Local actions - Other engagements,ENGAGEMENT,2025-12-27,1850.0,0.0
GERAL,GERAL,Local actions - Other engagements,ENGAGEMENT,2025-12-28,2637.0,0.0
GERAL,GERAL,Local actions - Other engagements,ENGAGEMENT,2025-12-29,3077.0,0.0
GERAL,GERAL,Local actions - Other engagements,ENGAGEMENT,2025-12-30,2768.0,0.0
GERAL,GERAL,Local actions - Other engagements,ENGAGEMENT,2025-12-31,1638.0,0.0
GERAL,GERAL,Local actions - Other engagements,ENGAGEMENT,2026-01-01,2197.0,0.0
GERAL,GERAL,Local actions - Other engagements,ENGAGEMENT,2026-01-02,31.0,0.0
GERAL,GERAL,Local actions - Other engagements,ENGAGEMENT,2026-01-03,15.0,0.0
GERAL,GERAL,Local actions - Other engagements,ENGAGEMENT,2026-01-06,1231.0,0.0
GERAL,GERAL,Local actions - Other engagements,ENGAGEMENT,2026-01-07,1354.0,0.0
GERAL,GERAL,Local actions - Other engagements,ENGAGEMENT,2026-01-08,2273.0,0.0
GERAL,GERAL,Local actions - Other engagements,ENGAGEMENT,2026-01-09,2048.0,0.0
GERAL,GERAL,Local actions - Other engagements,ENGAGEMENT,2026-01-10,3883.0,0.0
GERAL,GERAL,Local actions - Other engagements,ENGAGEMENT,2026-01-11,3203.0,0.0
GERAL,GERAL,Local actions - Other engagements,ENGAGEMENT,2026-01-12,2181.0,0.0
GERAL,GERAL,Local actions - Other engagements,ENGAGEMENT,2026-01-13,2285.0,0.0
GERAL,GERAL,Local actions - Other engagements,ENGAGEMENT,2026-01-14,2264.0,0.0
GERAL,GERAL,Local actions - Other engagements,ENGAGEMENT,2026-01-15,2400.0,0.0
GERAL,GERAL,Local actions - Other engagements,ENGAGEMENT,2026-01-16,2680.0,0.0
GERAL,GERAL,Local actions - Other engagements,ENGAGEMENT,2026-01-17,3512.0,0.0
GERAL,GERAL,Local actions - Other engagements,ENGAGEMENT,2026-01-18,3623.0,0.0
GERAL,GERAL,Local actions - Other engagements,ENGAGEMENT,2026-01-19,2762.0,0.0
GERAL,GERAL,Local actions - Other engagements,ENGAGEMENT,2026-01-20,1892.0,0.0
GERAL,GERAL,Local actions - Other engagements,ENGAGEMENT,2026-01-21,2067.0,0.0
GERAL,GERAL,Local actions - Other engagements,ENGAGEMENT,2026-01-22,1777.0,0.0
GERAL,GERAL,Local actions - Other engagements,ENGAGEMENT,2026-01-23,2034.0,0.0
GERAL,GERAL,Local actions - Other engagements,ENGAGEMENT,2026-01-24,1887.0,0.0
GERAL,GERAL,Local actions - Other engagements,ENGAGEMENT,2026-01-25,2519.0,0.0
GERAL,GERAL,Local actions - Other engagements,ENGAGEMENT,2026-01-26,2089.0,0.0
GERAL,GERAL,Local actions - Other engagements,ENGAGEMENT,2026-01-27,1931.0,0.0
GERAL,GERAL,Local actions - Other engagements,ENGAGEMENT,2026-01-28,1930.0,0.0
GERAL,GERAL,Local actions - Other engagements,ENGAGEMENT,2026-01-29,2871.0,0.0
GERAL,GERAL,Local actions - Other engagements,ENGAGEMENT,2026-01-30,1959.0,0.0
GERAL,GERAL,Local actions - Other engagements,ENGAGEMENT,2026-01-31,2104.0,0.0
GERAL,GERAL,Local actions - Other engagements,ENGAGEMENT,2026-02-01,1652.0,0.0
GERAL,GERAL,Local actions - Other engagements,ENGAGEMENT,2026-02-02,2440.0,0.0
GERAL,GERAL,Local actions - Other engagements,ENGAGEMENT,2026-02-03,3553.0,0.0
GERAL,GERAL,Local actions - Other engagements,ENGAGEMENT,2026-02-04,1992.0,0.0
GERAL,GERAL,Local actions - Other engagements,ENGAGEMENT,2026-02-05,992.0,0.0
GERAL,GERAL,Local actions - Other engagements,ENGAGEMENT,2026-02-06,1.0,0.0
GERAL,GERAL,Local actions - Other engagements,ENGAGEMENT,2026-02-07,5039.0,0.0
GERAL,GERAL,Local actions - Other engagements,ENGAGEMENT,2026-02-08,4310.0,0.0
GERAL,GERAL,Local actions - Other engagements,ENGAGEMENT,2026-02-09,1435.0,0.0
GERAL,GERAL,Local actions - Other engagements,ENGAGEMENT,2026-02-10,1300.0,0.0
GERAL,GERAL,Local actions - Other engagements,ENGAGEMENT,2026-02-11,1270.0,0.0
GERAL,GERAL,Local actions - Other engagements,ENGAGEMENT,2026-02-12,1435.0,0.0
GERAL,GERAL,Local actions - Other engagements,ENGAGEMENT,2026-02-13,2049.0,0.0
GERAL,GERAL,Local actions - Other engagements,ENGAGEMENT,2026-02-14,1959.0,0.0
GERAL,GERAL,Local actions - Other engagements,ENGAGEMENT,2026-02-15,1879.0,0.0
GERAL,GERAL,Local actions - Other engagements,ENGAGEMENT,2026-02-16,1624.0,0.0
GERAL,GERAL,Local actions - Other engagements,ENGAGEMENT,2026-02-17,1440.0,0.0
GERAL,GERAL,Local actions - Other engagements,ENGAGEMENT,2026-02-18,1142.0,0.0
GERAL,GERAL,Local actions - Other engagements,ENGAGEMENT,2026-02-19,1080.0,0.0
GERAL,GERAL,Local actions - Other engagements,ENGAGEMENT,2026-02-20,2053.0,0.0
GERAL,GERAL,Local actions - Other engagements,ENGAGEMENT,2026-02-21,1932.0,0.0
GERAL,GERAL,Local actions - Other engagements,ENGAGEMENT,2026-02-22,1765.0,0.0
GERAL,GERAL,Local actions - Other engagements,ENGAGEMENT,2026-02-23,1206.0,0.0
GERAL,GERAL,Local actions - Other engagements,ENGAGEMENT,2026-02-24,1448.0,0.0
GERAL,GERAL,Local actions - Other engagements,ENGAGEMENT,2026-02-25,937.0,0.0
GERAL,GERAL,Local actions - Other engagements,ENGAGEMENT,2026-02-26,883.0,0.0
GERAL,GERAL,Local actions - Other engagements,ENGAGEMENT,2026-02-27,918.0,0.0
GERAL,GERAL,Local actions - Other engagements,ENGAGEMENT,2026-02-28,867.0,0.0
GERAL,GERAL,Local actions - Other engagements,ENGAGEMENT,2026-03-01,848.0,0.0
GERAL,GERAL,Local actions - Other engagements,ENGAGEMENT,2026-03-02,692.0,0.0
GERAL,GERAL,Local actions - Other engagements,ENGAGEMENT,2026-03-03,684.0,0.0
GERAL,GERAL,Local actions - Other engagements,ENGAGEMENT,2026-03-04,856.0,0.0
GERAL,GERAL,Local actions - Other engagements,ENGAGEMENT,2026-03-05,644.0,0.0
GERAL,GERAL,Local actions - Other engagements,ENGAGEMENT,2026-03-06,863.0,0.0
GERAL,GERAL,Local actions - Other engagements,ENGAGEMENT,2026-03-07,1202.0,0.0
GERAL,GERAL,Local actions - Other engagements,ENGAGEMENT,2026-03-08,1286.0,0.0
GERAL,GERAL,Local actions - Other engagements,ENGAGEMENT,2026-03-09,1333.0,0.0
GERAL,GERAL,Local actions - Other engagements,ENGAGEMENT,2026-03-10,1247.0,0.0
GERAL,GERAL,Local actions - Other engagements,ENGAGEMENT,2026-03-11,1.0,0.0
GERAL,GERAL,Calls from ads,PHONE_CALL_LEAD,2025-12-13,10.0,0.0
GERAL,GERAL,Calls from ads,PHONE_CALL_LEAD,2025-12-14,3.0,0.0
GERAL,GERAL,Calls from ads,PHONE_CALL_LEAD,2025-12-15,7.0,0.0
GERAL,GERAL,Calls from ads,PHONE_CALL_LEAD,2025-12-16,10.0,0.0
GERAL,GERAL,Calls from ads,PHONE_CALL_LEAD,2025-12-17,3.0,0.0
GERAL,GERAL,Calls from ads,PHONE_CALL_LEAD,2025-12-18,4.0,0.0
GERAL,GERAL,Calls from ads,PHONE_CALL_LEAD,2025-12-19,3.0,0.0
GERAL,GERAL,Calls from ads,PHONE_CALL_LEAD,2025-12-20,7.0,0.0
GERAL,GERAL,Calls from ads,PHONE_CALL_LEAD,2025-12-21,14.0,0.0
GERAL,GERAL,Calls from ads,PHONE_CALL_LEAD,2025-12-22,6.0,0.0
GERAL,GERAL,Calls from ads,PHONE_CALL_LEAD,2025-12-23,13.0,0.0
GERAL,GERAL,Calls from ads,PHONE_CALL_LEAD,2025-12-24,7.0,0.0
GERAL,GERAL,Calls from ads,PHONE_CALL_LEAD,2025-12-25,14.0,0.0
GERAL,GERAL,Calls from ads,PHONE_CALL_LEAD,2025-12-26,4.0,0.0
GERAL,GERAL,Calls from ads,PHONE_CALL_LEAD,2025-12-27,4.0,0.0
GERAL,GERAL,Calls from ads,PHONE_CALL_LEAD,2025-12-28,3.0,0.0
GERAL,GERAL,Calls from ads,PHONE_CALL_LEAD,2025-12-29,3.0,0.0
GERAL,GERAL,Calls from ads,PHONE_CALL_LEAD,2025-12-30,2.0,0.0
GERAL,GERAL,Calls from ads,PHONE_CALL_LEAD,2025-12-31,6.0,0.0
GERAL,GERAL,Calls from ads,PHONE_CALL_LEAD,2026-01-01,12.0,0.0
GERAL,GERAL,Calls from ads,PHONE_CALL_LEAD,2026-01-06,3.0,0.0
GERAL,GERAL,Calls from ads,PHONE_CALL_LEAD,2026-01-07,2.0,0.0
GERAL,GERAL,Calls from ads,PHONE_CALL_LEAD,2026-01-08,6.0,0.0
GERAL,GERAL,Calls from ads,PHONE_CALL_LEAD,2026-01-09,9.0,0.0
GERAL,GERAL,Calls from ads,PHONE_CALL_LEAD,2026-01-10,12.0,0.0
GERAL,GERAL,Calls from ads,PHONE_CALL_LEAD,2026-01-11,5.0,0.0
GERAL,GERAL,Calls from ads,PHONE_CALL_LEAD,2026-01-12,3.0,0.0
GERAL,GERAL,Calls from ads,PHONE_CALL_LEAD,2026-01-13,7.0,0.0
GERAL,GERAL,Calls from ads,PHONE_CALL_LEAD,2026-01-14,9.0,0.0
GERAL,GERAL,Calls from ads,PHONE_CALL_LEAD,2026-01-15,3.0,0.0
GERAL,GERAL,Calls from ads,PHONE_CALL_LEAD,2026-01-16,3.0,0.0
GERAL,GERAL,Calls from ads,PHONE_CALL_LEAD,2026-01-17,9.0,0.0
GERAL,GERAL,Calls from ads,PHONE_CALL_LEAD,2026-01-18,8.0,0.0
GERAL,GERAL,Calls from ads,PHONE_CALL_LEAD,2026-01-19,7.0,0.0
GERAL,GERAL,Calls from ads,PHONE_CALL_LEAD,2026-01-21,1.0,0.0
GERAL,GERAL,Calls from ads,PHONE_CALL_LEAD,2026-01-22,3.0,0.0
GERAL,GERAL,Calls from ads,PHONE_CALL_LEAD,2026-01-23,3.0,0.0
GERAL,GERAL,Calls from ads,PHONE_CALL_LEAD,2026-01-24,2.0,0.0
GERAL,GERAL,Calls from ads,PHONE_CALL_LEAD,2026-01-25,3.001323,0.0
GERAL,GERAL,Calls from ads,PHONE_CALL_LEAD,2026-01-26,4.0,0.0
GERAL,GERAL,Calls from ads,PHONE_CALL_LEAD,2026-01-27,1.0,0.0
GERAL,GERAL,Calls from ads,PHONE_CALL_LEAD,2026-01-28,1.998677,0.0
GERAL,GERAL,Calls from ads,PHONE_CALL_LEAD,2026-01-29,2.0,0.0
GERAL,GERAL,Calls from ads,PHONE_CALL_LEAD,2026-01-30,9.0,0.0
GERAL,GERAL,Calls from ads,PHONE_CALL_LEAD,2026-01-31,4.0,0.0
GERAL,GERAL,Calls from ads,PHONE_CALL_LEAD,2026-02-01,3.0,0.0
GERAL,GERAL,Calls from ads,PHONE_CALL_LEAD,2026-02-02,13.0,0.0
GERAL,GERAL,Calls from ads,PHONE_CALL_LEAD,2026-02-03,5.0,0.0
GERAL,GERAL,Calls from ads,PHONE_CALL_LEAD,2026-02-04,9.0,0.0
GERAL,GERAL,Calls from ads,PHONE_CALL_LEAD,2026-02-05,1.0,0.0
GERAL,GERAL,Calls from ads,PHONE_CALL_LEAD,2026-02-07,27.0,0.0
GERAL,GERAL,Calls from ads,PHONE_CALL_LEAD,2026-02-08,11.0,0.0
GERAL,GERAL,Calls from ads,PHONE_CALL_LEAD,2026-02-09,8.0,0.0
GERAL,GERAL,Calls from ads,PHONE_CALL_LEAD,2026-02-10,3.008385,0.0
GERAL,GERAL,Calls from ads,PHONE_CALL_LEAD,2026-02-11,4.0,0.0
GERAL,GERAL,Calls from ads,PHONE_CALL_LEAD,2026-02-12,4.001369,0.0
GERAL,GERAL,Calls from ads,PHONE_CALL_LEAD,2026-02-13,5.001686,0.0
GERAL,GERAL,Calls from ads,PHONE_CALL_LEAD,2026-02-14,4.0,0.0
GERAL,GERAL,Calls from ads,PHONE_CALL_LEAD,2026-02-15,7.0,0.0
GERAL,GERAL,Calls from ads,PHONE_CALL_LEAD,2026-02-17,5.001654,0.0
GERAL,GERAL,Calls from ads,PHONE_CALL_LEAD,2026-02-20,2.0,0.0
GERAL,GERAL,Calls from ads,PHONE_CALL_LEAD,2026-02-21,4.0,0.0
GERAL,GERAL,Calls from ads,PHONE_CALL_LEAD,2026-02-22,6.0,0.0
GERAL,GERAL,Calls from ads,PHONE_CALL_LEAD,2026-02-23,3.0,0.0
GERAL,GERAL,Calls from ads,PHONE_CALL_LEAD,2026-02-24,3.0,0.0
GERAL,GERAL,Calls from ads,PHONE_CALL_LEAD,2026-02-25,3.0,0.0
GERAL,GERAL,Calls from ads,PHONE_CALL_LEAD,2026-02-26,1.0,0.0
GERAL,GERAL,Calls from ads,PHONE_CALL_LEAD,2026-02-27,1.0,0.0
GERAL,GERAL,Calls from ads,PHONE_CALL_LEAD,2026-02-28,2.0,0.0
GERAL,GERAL,Calls from ads,PHONE_CALL_LEAD,2026-03-01,1.0,0.0
GERAL,GERAL,Calls from ads,PHONE_CALL_LEAD,2026-03-03,1.998631,0.0
GERAL,GERAL,Calls from ads,PHONE_CALL_LEAD,2026-03-04,2.0,0.0
GERAL,GERAL,Calls from ads,PHONE_CALL_LEAD,2026-03-05,4.0,0.0
GERAL,GERAL,Calls from ads,PHONE_CALL_LEAD,2026-03-06,3.0,0.0
GERAL,GERAL,Calls from ads,PHONE_CALL_LEAD,2026-03-07,5.0,0.0
GERAL,GERAL,Calls from ads,PHONE_CALL_LEAD,2026-03-08,5.998346,0.0
GERAL,GERAL,Calls from ads,PHONE_CALL_LEAD,2026-03-09,7.0,0.0
GERAL,GERAL,Calls from ads,PHONE_CALL_LEAD,2026-03-10,4.0,0.0
GERAL,GERAL,Calls from ads,PHONE_CALL_LEAD,2026-03-11,13.991615,0.0
GERAL,GERAL,Calls from ads,PHONE_CALL_LEAD,2026-03-12,13.998314,0.0
GERAL,GERAL,Store visits,STORE_VISIT,2025-12-13,6126.753443,0.0
GERAL,GERAL,Store visits,STORE_VISIT,2025-12-14,5934.69335,0.0
GERAL,GERAL,Store visits,STORE_VISIT,2025-12-15,4887.410014,0.0
GERAL,GERAL,Store visits,STORE_VISIT,2025-12-16,4951.469745,0.0
GERAL,GERAL,Store visits,STORE_VISIT,2025-12-17,4535.358334,0.0
GERAL,GERAL,Store visits,STORE_VISIT,2025-12-18,3693.041667,0.0
GERAL,GERAL,Store visits,STORE_VISIT,2025-12-19,4080.837662,0.0
GERAL,GERAL,Store visits,STORE_VISIT,2025-12-20,4751.678242,0.0
GERAL,GERAL,Store visits,STORE_VISIT,2025-12-21,3841.592812,0.0
GERAL,GERAL,Store visits,STORE_VISIT,2025-12-22,4634.949578,0.0
GERAL,GERAL,Store visits,STORE_VISIT,2025-12-23,3865.548153,0.0
GERAL,GERAL,Store visits,STORE_VISIT,2025-12-24,2919.246491,0.0
GERAL,GERAL,Store visits,STORE_VISIT,2025-12-25,2504.977577,0.0
GERAL,GERAL,Store visits,STORE_VISIT,2025-12-26,4825.958639,0.0
GERAL,GERAL,Store visits,STORE_VISIT,2025-12-27,4255.100001,0.0
GERAL,GERAL,Store visits,STORE_VISIT,2025-12-28,4192.143884,0.0
GERAL,GERAL,Store visits,STORE_VISIT,2025-12-29,4477.125169,0.0
GERAL,GERAL,Store visits,STORE_VISIT,2025-12-30,4321.115073,0.0
GERAL,GERAL,Store visits,STORE_VISIT,2025-12-31,2888.719378,0.0
GERAL,GERAL,Store visits,STORE_VISIT,2026-01-01,2853.975094,0.0
GERAL,GERAL,Store visits,STORE_VISIT,2026-01-02,12.0,0.0
GERAL,GERAL,Store visits,STORE_VISIT,2026-01-03,10.0,0.0
GERAL,GERAL,Store visits,STORE_VISIT,2026-01-06,2764.636366,0.0
GERAL,GERAL,Store visits,STORE_VISIT,2026-01-07,4065.635283,0.0
GERAL,GERAL,Store visits,STORE_VISIT,2026-01-08,5083.798325,0.0
GERAL,GERAL,Store visits,STORE_VISIT,2026-01-09,7351.423066,0.0
GERAL,GERAL,Store visits,STORE_VISIT,2026-01-10,7533.052213,0.0
GERAL,GERAL,Store visits,STORE_VISIT,2026-01-11,6027.841972,0.0
GERAL,GERAL,Store visits,STORE_VISIT,2026-01-12,5137.578246,0.0
GERAL,GERAL,Store visits,STORE_VISIT,2026-01-13,5633.066761,0.0
GERAL,GERAL,Store visits,STORE_VISIT,2026-01-14,5232.138458,0.0
GERAL,GERAL,Store visits,STORE_VISIT,2026-01-15,5274.690237,0.0
GERAL,GERAL,Store visits,STORE_VISIT,2026-01-16,5727.698887,0.0
GERAL,GERAL,Store visits,STORE_VISIT,2026-01-17,6228.909025,0.0
GERAL,GERAL,Store visits,STORE_VISIT,2026-01-18,5000.177321,0.0
GERAL,GERAL,Store visits,STORE_VISIT,2026-01-19,4292.349732,0.0
GERAL,GERAL,Store visits,STORE_VISIT,2026-01-20,4394.651933,0.0
GERAL,GERAL,Store visits,STORE_VISIT,2026-01-21,4573.858703,0.0
GERAL,GERAL,Store visits,STORE_VISIT,2026-01-22,4176.570174,0.0
GERAL,GERAL,Store visits,STORE_VISIT,2026-01-23,4373.481432,0.0
GERAL,GERAL,Store visits,STORE_VISIT,2026-01-24,4605.687047,0.0
GERAL,GERAL,Store visits,STORE_VISIT,2026-01-25,3393.936495,0.0
GERAL,GERAL,Store visits,STORE_VISIT,2026-01-26,3780.304063,0.0
GERAL,GERAL,Store visits,STORE_VISIT,2026-01-27,3857.856266,0.0
GERAL,GERAL,Store visits,STORE_VISIT,2026-01-28,3256.932697,0.0
GERAL,GERAL,Store visits,STORE_VISIT,2026-01-29,3304.163813,0.0
GERAL,GERAL,Store visits,STORE_VISIT,2026-01-30,3295.561738,0.0
GERAL,GERAL,Store visits,STORE_VISIT,2026-01-31,3372.204321,0.0
GERAL,GERAL,Store visits,STORE_VISIT,2026-02-01,2807.816458,0.0
GERAL,GERAL,Store visits,STORE_VISIT,2026-02-02,3261.559353,0.0
GERAL,GERAL,Store visits,STORE_VISIT,2026-02-03,6193.417472,0.0
GERAL,GERAL,Store visits,STORE_VISIT,2026-02-04,6731.602809,0.0
GERAL,GERAL,Store visits,STORE_VISIT,2026-02-05,6201.542295,0.0
GERAL,GERAL,Store visits,STORE_VISIT,2026-02-06,22.333334,0.0
GERAL,GERAL,Store visits,STORE_VISIT,2026-02-07,14266.396208,0.0
GERAL,GERAL,Store visits,STORE_VISIT,2026-02-08,12126.354175,0.0
GERAL,GERAL,Store visits,STORE_VISIT,2026-02-09,3425.756376,0.0
GERAL,GERAL,Store visits,STORE_VISIT,2026-02-10,1865.234862,0.0
GERAL,GERAL,Store visits,STORE_VISIT,2026-02-11,1847.945921,0.0
GERAL,GERAL,Store visits,STORE_VISIT,2026-02-12,1906.830592,0.0
GERAL,GERAL,Store visits,STORE_VISIT,2026-02-13,2446.343911,0.0
GERAL,GERAL,Store visits,STORE_VISIT,2026-02-14,3783.250192,0.0
GERAL,GERAL,Store visits,STORE_VISIT,2026-02-15,3129.366582,0.0
GERAL,GERAL,Store visits,STORE_VISIT,2026-02-16,3066.469656,0.0
GERAL,GERAL,Store visits,STORE_VISIT,2026-02-17,2550.373579,0.0
GERAL,GERAL,Store visits,STORE_VISIT,2026-02-18,1863.442003,0.0
GERAL,GERAL,Store visits,STORE_VISIT,2026-02-19,1375.465793,0.0
GERAL,GERAL,Store visits,STORE_VISIT,2026-02-20,2100.446329,0.0
GERAL,GERAL,Store visits,STORE_VISIT,2026-02-21,2643.487728,0.0
GERAL,GERAL,Store visits,STORE_VISIT,2026-02-22,2105.07218,0.0
GERAL,GERAL,Store visits,STORE_VISIT,2026-02-23,1129.427454,0.0
GERAL,GERAL,Store visits,STORE_VISIT,2026-02-24,1305.116252,0.0
GERAL,GERAL,Store visits,STORE_VISIT,2026-02-25,863.780524,0.0
GERAL,GERAL,Store visits,STORE_VISIT,2026-02-26,914.993463,0.0
GERAL,GERAL,Store visits,STORE_VISIT,2026-02-27,939.829323,0.0
GERAL,GERAL,Store visits,STORE_VISIT,2026-02-28,1454.999394,0.0
GERAL,GERAL,Store visits,STORE_VISIT,2026-03-01,1345.032107,0.0
GERAL,GERAL,Store visits,STORE_VISIT,2026-03-02,830.887875,0.0
GERAL,GERAL,Store visits,STORE_VISIT,2026-03-03,995.635155,0.0
GERAL,GERAL,Store visits,STORE_VISIT,2026-03-04,953.304694,0.0
GERAL,GERAL,Store visits,STORE_VISIT,2026-03-05,902.924906,0.0
GERAL,GERAL,Store visits,STORE_VISIT,2026-03-06,1132.037925,0.0
GERAL,GERAL,Store visits,STORE_VISIT,2026-03-07,1615.151879,0.0
GERAL,GERAL,Store visits,STORE_VISIT,2026-03-08,576.0,0.0
GERAL,GERAL,Store visits,STORE_VISIT,2026-03-09,1478.0,0.0
GERAL,GERAL,Store visits,STORE_VISIT,2026-03-10,1232.0,0.0
GERAL,GERAL,intencaodonwloadandroidBS,OUTBOUND_CLICK,2025-12-16,1.0,0.0
GERAL,GERAL,intencaodonwloadandroidBS,OUTBOUND_CLICK,2025-12-18,1.0,0.0
GERAL,GERAL,intencaodonwloadandroidBS,OUTBOUND_CLICK,2025-12-20,1.0,0.0
GERAL,GERAL,intencaodonwloadandroidBS,OUTBOUND_CLICK,2025-12-21,1.0,0.0
GERAL,GERAL,intencaodonwloadandroidBS,OUTBOUND_CLICK,2025-12-22,2.0,0.0
GERAL,GERAL,intencaodonwloadandroidBS,OUTBOUND_CLICK,2025-12-29,1.0,0.0
GERAL,GERAL,intencaodonwloadandroidBS,OUTBOUND_CLICK,2026-01-01,1.0,0.0
GERAL,GERAL,intencaodonwloadandroidBS,OUTBOUND_CLICK,2026-01-06,1.0,0.0
GERAL,GERAL,intencaodonwloadandroidBS,OUTBOUND_CLICK,2026-01-08,1.0,0.0
GERAL,GERAL,intencaodonwloadandroidBS,OUTBOUND_CLICK,2026-01-09,1.0,0.0
GERAL,GERAL,intencaodonwloadandroidBS,OUTBOUND_CLICK,2026-01-10,1.0,0.0
GERAL,GERAL,intencaodonwloadandroidBS,OUTBOUND_CLICK,2026-01-11,1.0,0.0
GERAL,GERAL,intencaodonwloadandroidBS,OUTBOUND_CLICK,2026-01-14,1.0,0.0
GERAL,GERAL,intencaodonwloadandroidBS,OUTBOUND_CLICK,2026-01-15,2.0,0.0
GERAL,GERAL,intencaodonwloadandroidBS,OUTBOUND_CLICK,2026-01-18,3.5,0.0
GERAL,GERAL,intencaodonwloadandroidBS,OUTBOUND_CLICK,2026-01-19,1.5,0.0
GERAL,GERAL,intencaodonwloadandroidBS,OUTBOUND_CLICK,2026-01-20,1.0,0.0
GERAL,GERAL,intencaodonwloadandroidBS,OUTBOUND_CLICK,2026-01-22,1.0,0.0
GERAL,GERAL,intencaodonwloadandroidBS,OUTBOUND_CLICK,2026-01-25,2.0,0.0
GERAL,GERAL,intencaodonwloadandroidBS,OUTBOUND_CLICK,2026-02-03,2.0,0.0
GERAL,GERAL,intencaodonwloadandroidBS,OUTBOUND_CLICK,2026-02-04,1.0,0.0
GERAL,GERAL,intencaodonwloadandroidBS,OUTBOUND_CLICK,2026-02-07,6.0,0.0
GERAL,GERAL,intencaodonwloadandroidBS,OUTBOUND_CLICK,2026-02-12,1.0,0.0
GERAL,GERAL,intencaodonwloadandroidBS,OUTBOUND_CLICK,2026-02-17,2.0,0.0
GERAL,GERAL,intencaodonwloadandroidBS,OUTBOUND_CLICK,2026-02-18,1.0,0.0
GERAL,GERAL,intencaodonwloadandroidBS,OUTBOUND_CLICK,2026-03-02,2.0,0.0
GERAL,GERAL,intencaodonwloadandroidBS,OUTBOUND_CLICK,2026-03-03,1.0,0.0
GERAL,GERAL,intencaodonwloadandroidBS,OUTBOUND_CLICK,2026-03-04,1.0,0.0
GERAL,GERAL,intencaodownloadandroidNK,OUTBOUND_CLICK,2025-12-14,2.0,0.0
GERAL,GERAL,intencaodownloadandroidNK,OUTBOUND_CLICK,2025-12-15,2.0,0.0
GERAL,GERAL,intencaodownloadandroidNK,OUTBOUND_CLICK,2025-12-16,2.0,0.0
GERAL,GERAL,intencaodownloadandroidNK,OUTBOUND_CLICK,2025-12-19,2.0,0.0
GERAL,GERAL,intencaodownloadandroidNK,OUTBOUND_CLICK,2025-12-21,3.0,0.0
GERAL,GERAL,intencaodownloadandroidNK,OUTBOUND_CLICK,2025-12-30,1.0,0.0
GERAL,GERAL,intencaodownloadandroidNK,OUTBOUND_CLICK,2026-01-08,1.0,0.0
GERAL,GERAL,intencaodownloadandroidNK,OUTBOUND_CLICK,2026-01-09,1.0,0.0
GERAL,GERAL,intencaodownloadandroidNK,OUTBOUND_CLICK,2026-01-10,2.0,0.0
GERAL,GERAL,intencaodownloadandroidNK,OUTBOUND_CLICK,2026-01-11,2.0,0.0
GERAL,GERAL,intencaodownloadandroidNK,OUTBOUND_CLICK,2026-01-12,1.0,0.0
GERAL,GERAL,intencaodownloadandroidNK,OUTBOUND_CLICK,2026-01-13,1.0,0.0
GERAL,GERAL,intencaodownloadandroidNK,OUTBOUND_CLICK,2026-01-15,2.0,0.0
GERAL,GERAL,intencaodownloadandroidNK,OUTBOUND_CLICK,2026-01-16,1.0,0.0
GERAL,GERAL,intencaodownloadandroidNK,OUTBOUND_CLICK,2026-01-18,2.0,0.0
GERAL,GERAL,intencaodownloadandroidNK,OUTBOUND_CLICK,2026-01-24,1.0,0.0
GERAL,GERAL,intencaodownloadandroidNK,OUTBOUND_CLICK,2026-01-27,1.0,0.0
GERAL,GERAL,intencaodownloadandroidNK,OUTBOUND_CLICK,2026-01-28,3.0,0.0
GERAL,GERAL,intencaodownloadandroidNK,OUTBOUND_CLICK,2026-02-03,1.0,0.0
GERAL,GERAL,intencaodownloadandroidNK,OUTBOUND_CLICK,2026-02-05,1.0,0.0
GERAL,GERAL,intencaodownloadandroidNK,OUTBOUND_CLICK,2026-02-07,0.996746,0.0
GERAL,GERAL,intencaodownloadandroidNK,OUTBOUND_CLICK,2026-02-08,1.0,0.0
GERAL,GERAL,intencaodownloadandroidNK,OUTBOUND_CLICK,2026-02-12,1.0,0.0
GERAL,GERAL,intencaodownloadandroidNK,OUTBOUND_CLICK,2026-02-13,1.0,0.0
GERAL,GERAL,intencaodownloadandroidNK,OUTBOUND_CLICK,2026-03-02,1.0,0.0
GERAL,GERAL,intencaodownloadAndroidCS,OUTBOUND_CLICK,2025-12-13,2.0,0.0
GERAL,GERAL,intencaodownloadAndroidCS,OUTBOUND_CLICK,2025-12-14,1.0,0.0
GERAL,GERAL,intencaodownloadAndroidCS,OUTBOUND_CLICK,2025-12-18,1.0,0.0
GERAL,GERAL,intencaodownloadAndroidCS,OUTBOUND_CLICK,2025-12-19,2.0,0.0
GERAL,GERAL,intencaodownloadAndroidCS,OUTBOUND_CLICK,2025-12-21,2.0,0.0
GERAL,GERAL,intencaodownloadAndroidCS,OUTBOUND_CLICK,2025-12-24,1.0,0.0
GERAL,GERAL,intencaodownloadAndroidCS,OUTBOUND_CLICK,2025-12-26,1.0,0.0
GERAL,GERAL,intencaodownloadAndroidCS,OUTBOUND_CLICK,2025-12-27,1.0,0.0
GERAL,GERAL,intencaodownloadAndroidCS,OUTBOUND_CLICK,2025-12-28,2.00322,0.0
GERAL,GERAL,intencaodownloadAndroidCS,OUTBOUND_CLICK,2025-12-29,3.0,0.0
GERAL,GERAL,intencaodownloadAndroidCS,OUTBOUND_CLICK,2025-12-30,1.0,0.0
GERAL,GERAL,intencaodownloadAndroidCS,OUTBOUND_CLICK,2025-12-31,1.0,0.0
GERAL,GERAL,intencaodownloadAndroidCS,OUTBOUND_CLICK,2026-01-01,1.0,0.0
GERAL,GERAL,intencaodownloadAndroidCS,OUTBOUND_CLICK,2026-01-06,1.0,0.0
GERAL,GERAL,intencaodownloadAndroidCS,OUTBOUND_CLICK,2026-01-10,1.0,0.0
GERAL,GERAL,intencaodownloadAndroidCS,OUTBOUND_CLICK,2026-01-11,1.0,0.0
GERAL,GERAL,intencaodownloadAndroidCS,OUTBOUND_CLICK,2026-01-13,3.5,0.0
GERAL,GERAL,intencaodownloadAndroidCS,OUTBOUND_CLICK,2026-01-14,4.5,0.0
GERAL,GERAL,intencaodownloadAndroidCS,OUTBOUND_CLICK,2026-01-15,5.0,0.0
GERAL,GERAL,intencaodownloadAndroidCS,OUTBOUND_CLICK,2026-01-17,3.0,0.0
GERAL,GERAL,intencaodownloadAndroidCS,OUTBOUND_CLICK,2026-01-18,2.0,0.0
GERAL,GERAL,intencaodownloadAndroidCS,OUTBOUND_CLICK,2026-01-20,1.003868,0.0
GERAL,GERAL,intencaodownloadAndroidCS,OUTBOUND_CLICK,2026-01-21,2.0,0.0
GERAL,GERAL,intencaodownloadAndroidCS,OUTBOUND_CLICK,2026-01-22,1.0,0.0
GERAL,GERAL,intencaodownloadAndroidCS,OUTBOUND_CLICK,2026-01-23,1.0,0.0
GERAL,GERAL,intencaodownloadAndroidCS,OUTBOUND_CLICK,2026-01-24,2.49678,0.0
GERAL,GERAL,intencaodownloadAndroidCS,OUTBOUND_CLICK,2026-01-25,3.0,0.0
GERAL,GERAL,intencaodownloadAndroidCS,OUTBOUND_CLICK,2026-01-26,2.0,0.0
GERAL,GERAL,intencaodownloadAndroidCS,OUTBOUND_CLICK,2026-01-27,1.5,0.0
GERAL,GERAL,intencaodownloadAndroidCS,OUTBOUND_CLICK,2026-01-28,1.0,0.0
GERAL,GERAL,intencaodownloadAndroidCS,OUTBOUND_CLICK,2026-01-30,2.0,0.0
GERAL,GERAL,intencaodownloadAndroidCS,OUTBOUND_CLICK,2026-01-31,1.0,0.0
GERAL,GERAL,intencaodownloadAndroidCS,OUTBOUND_CLICK,2026-02-01,4.0,0.0
GERAL,GERAL,intencaodownloadAndroidCS,OUTBOUND_CLICK,2026-02-02,3.0,0.0
GERAL,GERAL,intencaodownloadAndroidCS,OUTBOUND_CLICK,2026-02-03,2.003868,0.0
GERAL,GERAL,intencaodownloadAndroidCS,OUTBOUND_CLICK,2026-02-04,1.0,0.0
GERAL,GERAL,intencaodownloadAndroidCS,OUTBOUND_CLICK,2026-02-05,1.5,0.0
GERAL,GERAL,intencaodownloadAndroidCS,OUTBOUND_CLICK,2026-02-07,3.0,0.0
GERAL,GERAL,intencaodownloadAndroidCS,OUTBOUND_CLICK,2026-02-08,10.0,0.0
GERAL,GERAL,intencaodownloadAndroidCS,OUTBOUND_CLICK,2026-02-09,3.5,0.0
GERAL,GERAL,intencaodownloadAndroidCS,OUTBOUND_CLICK,2026-02-10,1.0,0.0
GERAL,GERAL,intencaodownloadAndroidCS,OUTBOUND_CLICK,2026-02-12,1.0,0.0
GERAL,GERAL,intencaodownloadAndroidCS,OUTBOUND_CLICK,2026-02-14,1.0,0.0
GERAL,GERAL,intencaodownloadAndroidCS,OUTBOUND_CLICK,2026-02-16,1.0,0.0
GERAL,GERAL,intencaodownloadAndroidCS,OUTBOUND_CLICK,2026-02-17,0.996132,0.0
GERAL,GERAL,intencaodownloadAndroidCS,OUTBOUND_CLICK,2026-02-18,0.996132,0.0
GERAL,GERAL,intencaodownloadAndroidCS,OUTBOUND_CLICK,2026-02-23,1.0,0.0
GERAL,GERAL,intencaodownloadAndroidCS,OUTBOUND_CLICK,2026-02-24,1.0,0.0
GERAL,GERAL,intencaodownloadAndroidCS,OUTBOUND_CLICK,2026-02-28,1.0,0.0
GERAL,GERAL,intencaodownloadAndroidCS,OUTBOUND_CLICK,2026-03-01,2.0,0.0
GERAL,GERAL,intencaodownloadAndroidCS,OUTBOUND_CLICK,2026-03-02,1.0,0.0
GERAL,GERAL,intencaodownloadAndroidCS,OUTBOUND_CLICK,2026-03-04,1.0,0.0
GERAL,GERAL,intencaodownloadAndroidCS,OUTBOUND_CLICK,2026-03-05,2.0,0.0
GERAL,GERAL,intencaodownloadAndroidCS,OUTBOUND_CLICK,2026-03-08,3.0,0.0
GERAL,GERAL,intencaodownloadAndroidCS,OUTBOUND_CLICK,2026-03-09,1.0,0.0
GERAL,GERAL,intencaodownloadAndroidCS,OUTBOUND_CLICK,2026-03-10,1.0,0.0
GERAL,GERAL,intencaodownloadAndroidCS,OUTBOUND_CLICK,2026-03-11,1.0,0.0
GERAL,GERAL,intencaodownloadandroidGS,OUTBOUND_CLICK,2025-12-13,1.0,0.0
GERAL,GERAL,intencaodownloadandroidGS,OUTBOUND_CLICK,2025-12-16,2.0,0.0
GERAL,GERAL,intencaodownloadandroidGS,OUTBOUND_CLICK,2025-12-19,1.0,0.0
GERAL,GERAL,intencaodownloadandroidGS,OUTBOUND_CLICK,2025-12-23,2.0,0.0
GERAL,GERAL,intencaodownloadandroidGS,OUTBOUND_CLICK,2025-12-25,1.0,0.0
GERAL,GERAL,intencaodownloadandroidGS,OUTBOUND_CLICK,2025-12-26,1.0,0.0
GERAL,GERAL,intencaodownloadandroidGS,OUTBOUND_CLICK,2025-12-28,2.0,0.0
GERAL,GERAL,intencaodownloadandroidGS,OUTBOUND_CLICK,2025-12-29,2.0,0.0
GERAL,GERAL,intencaodownloadandroidGS,OUTBOUND_CLICK,2025-12-30,1.0,0.0
GERAL,GERAL,intencaodownloadandroidGS,OUTBOUND_CLICK,2025-12-31,2.0,0.0
GERAL,GERAL,intencaodownloadandroidGS,OUTBOUND_CLICK,2026-01-01,1.0,0.0
GERAL,GERAL,intencaodownloadandroidGS,OUTBOUND_CLICK,2026-01-07,1.0,0.0
GERAL,GERAL,intencaodownloadandroidGS,OUTBOUND_CLICK,2026-01-09,1.0,0.0
GERAL,GERAL,intencaodownloadandroidGS,OUTBOUND_CLICK,2026-01-14,1.0,0.0
GERAL,GERAL,intencaodownloadandroidGS,OUTBOUND_CLICK,2026-01-16,1.003093,0.0
GERAL,GERAL,intencaodownloadandroidGS,OUTBOUND_CLICK,2026-01-18,2.003146,0.0
GERAL,GERAL,intencaodownloadandroidGS,OUTBOUND_CLICK,2026-01-19,2.0,0.0
GERAL,GERAL,intencaodownloadandroidGS,OUTBOUND_CLICK,2026-01-20,1.0,0.0
GERAL,GERAL,intencaodownloadandroidGS,OUTBOUND_CLICK,2026-01-21,2.3291,0.0
GERAL,GERAL,intencaodownloadandroidGS,OUTBOUND_CLICK,2026-01-22,1.666667,0.0
GERAL,GERAL,intencaodownloadandroidGS,OUTBOUND_CLICK,2026-01-23,2.0,0.0
GERAL,GERAL,intencaodownloadandroidGS,OUTBOUND_CLICK,2026-01-24,1.0,0.0
GERAL,GERAL,intencaodownloadandroidGS,OUTBOUND_CLICK,2026-01-25,2.003146,0.0
GERAL,GERAL,intencaodownloadandroidGS,OUTBOUND_CLICK,2026-01-26,1.0,0.0
GERAL,GERAL,intencaodownloadandroidGS,OUTBOUND_CLICK,2026-01-27,2.0,0.0
GERAL,GERAL,intencaodownloadandroidGS,OUTBOUND_CLICK,2026-01-28,0.996907,0.0
GERAL,GERAL,intencaodownloadandroidGS,OUTBOUND_CLICK,2026-01-29,1.0,0.0
GERAL,GERAL,intencaodownloadandroidGS,OUTBOUND_CLICK,2026-01-30,1.0,0.0
GERAL,GERAL,intencaodownloadandroidGS,OUTBOUND_CLICK,2026-01-31,4.0,0.0
GERAL,GERAL,intencaodownloadandroidGS,OUTBOUND_CLICK,2026-02-01,1.0,0.0
GERAL,GERAL,intencaodownloadandroidGS,OUTBOUND_CLICK,2026-02-02,4.0,0.0
GERAL,GERAL,intencaodownloadandroidGS,OUTBOUND_CLICK,2026-02-03,3.996854,0.0
GERAL,GERAL,intencaodownloadandroidGS,OUTBOUND_CLICK,2026-02-04,3.996854,0.0
GERAL,GERAL,intencaodownloadandroidGS,OUTBOUND_CLICK,2026-02-07,3.0,0.0
GERAL,GERAL,intencaodownloadandroidGS,OUTBOUND_CLICK,2026-02-08,4.0,0.0
GERAL,GERAL,intencaodownloadandroidGS,OUTBOUND_CLICK,2026-02-10,1.0,0.0
GERAL,GERAL,intencaodownloadandroidGS,OUTBOUND_CLICK,2026-02-14,2.0,0.0
GERAL,GERAL,intencaodownloadandroidGS,OUTBOUND_CLICK,2026-02-15,1.0,0.0
GERAL,GERAL,intencaodownloadandroidGS,OUTBOUND_CLICK,2026-02-16,4.0,0.0
GERAL,GERAL,intencaodownloadandroidGS,OUTBOUND_CLICK,2026-02-26,1.0,0.0
GERAL,GERAL,intencaodownloadandroidGS,OUTBOUND_CLICK,2026-02-28,1.0,0.0
GERAL,GERAL,intencaodownloadandroidGS,OUTBOUND_CLICK,2026-03-01,1.0,0.0
GERAL,GERAL,intencaodownloadandroidGS,OUTBOUND_CLICK,2026-03-05,2.0,0.0
GERAL,GERAL,intencaodownloadandroidGS,OUTBOUND_CLICK,2026-03-07,0.5,0.0
GERAL,GERAL,intencaodownloadandroidGS,OUTBOUND_CLICK,2026-03-08,3.5,0.0
GERAL,GERAL,intencaodownloadandroidGS,OUTBOUND_CLICK,2026-03-09,1.0,0.0
GERAL,GERAL,intencaodownloadandroidNR,OUTBOUND_CLICK,2025-12-14,1.0,0.0
GERAL,GERAL,intencaodownloadandroidNR,OUTBOUND_CLICK,2025-12-21,2.0,0.0
GERAL,GERAL,intencaodownloadandroidNR,OUTBOUND_CLICK,2025-12-22,1.0,0.0
GERAL,GERAL,intencaodownloadandroidNR,OUTBOUND_CLICK,2025-12-25,1.0,0.0
GERAL,GERAL,intencaodownloadandroidNR,OUTBOUND_CLICK,2025-12-26,1.0,0.0
GERAL,GERAL,intencaodownloadandroidNR,OUTBOUND_CLICK,2025-12-29,1.0,0.0
GERAL,GERAL,intencaodownloadandroidNR,OUTBOUND_CLICK,2025-12-30,2.0,0.0
GERAL,GERAL,intencaodownloadandroidNR,OUTBOUND_CLICK,2026-01-06,2.0,0.0
GERAL,GERAL,intencaodownloadandroidNR,OUTBOUND_CLICK,2026-01-11,3.0,0.0
GERAL,GERAL,intencaodownloadandroidNR,OUTBOUND_CLICK,2026-01-12,1.0,0.0
GERAL,GERAL,intencaodownloadandroidNR,OUTBOUND_CLICK,2026-01-13,2.0,0.0
GERAL,GERAL,intencaodownloadandroidNR,OUTBOUND_CLICK,2026-01-16,2.0,0.0
GERAL,GERAL,intencaodownloadandroidNR,OUTBOUND_CLICK,2026-01-17,1.0,0.0
GERAL,GERAL,intencaodownloadandroidNR,OUTBOUND_CLICK,2026-01-19,1.0,0.0
GERAL,GERAL,intencaodownloadandroidNR,OUTBOUND_CLICK,2026-02-01,1.0,0.0
GERAL,GERAL,intencaodownloadandroidNR,OUTBOUND_CLICK,2026-02-03,1.666666,0.0
GERAL,GERAL,intencaodownloadandroidNR,OUTBOUND_CLICK,2026-02-04,0.333334,0.0
GERAL,GERAL,intencaodownloadandroidNR,OUTBOUND_CLICK,2026-02-05,1.0,0.0
GERAL,GERAL,intencaodownloadandroidNR,OUTBOUND_CLICK,2026-02-08,3.0,0.0
GERAL,GERAL,intencaodownloadandroidNR,OUTBOUND_CLICK,2026-02-14,1.0,0.0
GERAL,GERAL,intencaodownloadandroidNR,OUTBOUND_CLICK,2026-02-16,1.0,0.0
GERAL,GERAL,intencaodownloadandroidNR,OUTBOUND_CLICK,2026-03-05,1.0,0.0
GERAL,GERAL,intencaodownloadandroidNS,OUTBOUND_CLICK,2025-12-13,1.0,0.0
GERAL,GERAL,intencaodownloadandroidNS,OUTBOUND_CLICK,2025-12-15,1.0,0.0
GERAL,GERAL,intencaodownloadandroidNS,OUTBOUND_CLICK,2025-12-16,2.0,0.0
GERAL,GERAL,intencaodownloadandroidNS,OUTBOUND_CLICK,2025-12-18,3.0,0.0
GERAL,GERAL,intencaodownloadandroidNS,OUTBOUND_CLICK,2025-12-20,1.0,0.0
GERAL,GERAL,intencaodownloadandroidNS,OUTBOUND_CLICK,2025-12-21,1.0,0.0
GERAL,GERAL,intencaodownloadandroidNS,OUTBOUND_CLICK,2025-12-23,2.0,0.0
GERAL,GERAL,intencaodownloadandroidNS,OUTBOUND_CLICK,2025-12-25,2.0,0.0
GERAL,GERAL,intencaodownloadandroidNS,OUTBOUND_CLICK,2025-12-26,2.0,0.0
GERAL,GERAL,intencaodownloadandroidNS,OUTBOUND_CLICK,2025-12-28,0.5,0.0
GERAL,GERAL,intencaodownloadandroidNS,OUTBOUND_CLICK,2025-12-29,1.0,0.0
GERAL,GERAL,intencaodownloadandroidNS,OUTBOUND_CLICK,2025-12-30,1.0,0.0
GERAL,GERAL,intencaodownloadandroidNS,OUTBOUND_CLICK,2026-01-01,0.5,0.0
GERAL,GERAL,intencaodownloadandroidNS,OUTBOUND_CLICK,2026-01-08,1.0,0.0
GERAL,GERAL,intencaodownloadandroidNS,OUTBOUND_CLICK,2026-01-10,2.0,0.0
GERAL,GERAL,intencaodownloadandroidNS,OUTBOUND_CLICK,2026-01-11,2.0,0.0
GERAL,GERAL,intencaodownloadandroidNS,OUTBOUND_CLICK,2026-01-12,2.002378,0.0
GERAL,GERAL,intencaodownloadandroidNS,OUTBOUND_CLICK,2026-01-13,4.0,0.0
GERAL,GERAL,intencaodownloadandroidNS,OUTBOUND_CLICK,2026-01-14,1.0,0.0
GERAL,GERAL,intencaodownloadandroidNS,OUTBOUND_CLICK,2026-01-15,2.0,0.0
GERAL,GERAL,intencaodownloadandroidNS,OUTBOUND_CLICK,2026-01-16,2.0,0.0
GERAL,GERAL,intencaodownloadandroidNS,OUTBOUND_CLICK,2026-01-18,3.0,0.0
GERAL,GERAL,intencaodownloadandroidNS,OUTBOUND_CLICK,2026-01-19,4.0,0.0
GERAL,GERAL,intencaodownloadandroidNS,OUTBOUND_CLICK,2026-01-20,1.0,0.0
GERAL,GERAL,intencaodownloadandroidNS,OUTBOUND_CLICK,2026-01-21,3.501189,0.0
GERAL,GERAL,intencaodownloadandroidNS,OUTBOUND_CLICK,2026-01-22,1.0,0.0
GERAL,GERAL,intencaodownloadandroidNS,OUTBOUND_CLICK,2026-01-23,3.163099,0.0
GERAL,GERAL,intencaodownloadandroidNS,OUTBOUND_CLICK,2026-01-24,0.333334,0.0
GERAL,GERAL,intencaodownloadandroidNS,OUTBOUND_CLICK,2026-01-25,0.015744,0.0
GERAL,GERAL,intencaodownloadandroidNS,OUTBOUND_CLICK,2026-01-26,3.0,0.0
GERAL,GERAL,intencaodownloadandroidNS,OUTBOUND_CLICK,2026-01-27,1.0,0.0
GERAL,GERAL,intencaodownloadandroidNS,OUTBOUND_CLICK,2026-01-28,3.0,0.0
GERAL,GERAL,intencaodownloadandroidNS,OUTBOUND_CLICK,2026-01-29,4.0,0.0
GERAL,GERAL,intencaodownloadandroidNS,OUTBOUND_CLICK,2026-01-31,1.0,0.0
GERAL,GERAL,intencaodownloadandroidNS,OUTBOUND_CLICK,2026-02-01,5.004881,0.0
GERAL,GERAL,intencaodownloadandroidNS,OUTBOUND_CLICK,2026-02-02,0.5,0.0
GERAL,GERAL,intencaodownloadandroidNS,OUTBOUND_CLICK,2026-02-03,1.5,0.0
GERAL,GERAL,intencaodownloadandroidNS,OUTBOUND_CLICK,2026-02-04,2.0,0.0
GERAL,GERAL,intencaodownloadandroidNS,OUTBOUND_CLICK,2026-02-07,6.663412,0.0
GERAL,GERAL,intencaodownloadandroidNS,OUTBOUND_CLICK,2026-02-08,4.334961,0.0
GERAL,GERAL,intencaodownloadandroidNS,OUTBOUND_CLICK,2026-02-09,1.0,0.0
GERAL,GERAL,intencaodownloadandroidNS,OUTBOUND_CLICK,2026-02-10,1.996746,0.0
GERAL,GERAL,intencaodownloadandroidNS,OUTBOUND_CLICK,2026-02-11,2.0,0.0
GERAL,GERAL,intencaodownloadandroidNS,OUTBOUND_CLICK,2026-02-12,2.984256,0.0
GERAL,GERAL,intencaodownloadandroidNS,OUTBOUND_CLICK,2026-02-13,3.0,0.0
GERAL,GERAL,intencaodownloadandroidNS,OUTBOUND_CLICK,2026-02-15,4.0,0.0
GERAL,GERAL,intencaodownloadandroidNS,OUTBOUND_CLICK,2026-02-17,3.0,0.0
GERAL,GERAL,intencaodownloadandroidNS,OUTBOUND_CLICK,2026-02-21,1.0,0.0
GERAL,GERAL,intencaodownloadandroidNS,OUTBOUND_CLICK,2026-02-23,1.0,0.0
GERAL,GERAL,intencaodownloadandroidNS,OUTBOUND_CLICK,2026-02-24,1.0,0.0
GERAL,GERAL,intencaodownloadandroidNS,OUTBOUND_CLICK,2026-02-27,1.0,0.0
GERAL,GERAL,intencaodownloadandroidNS,OUTBOUND_CLICK,2026-02-28,2.771984,0.0
GERAL,GERAL,intencaodownloadandroidNS,OUTBOUND_CLICK,2026-03-01,0.25,0.0
GERAL,GERAL,intencaodownloadandroidNS,OUTBOUND_CLICK,2026-03-02,3.983614,0.0
GERAL,GERAL,intencaodownloadandroidNS,OUTBOUND_CLICK,2026-03-04,1.0,0.0
GERAL,GERAL,intencaodownloadandroidNS,OUTBOUND_CLICK,2026-03-06,1.0,0.0
GERAL,GERAL,intencaodownloadandroidNS,OUTBOUND_CLICK,2026-03-07,4.994402,0.0
GERAL,GERAL,intencaodownloadandroidNS,OUTBOUND_CLICK,2026-03-08,2.0,0.0
GERAL,GERAL,intencaodownloadandroidNS,OUTBOUND_CLICK,2026-03-10,1.0,0.0
GERAL,GERAL,intencaodownloadandroidNS,OUTBOUND_CLICK,2026-03-11,1.0,0.0
GERAL,GERAL,intencaodownloadandroidNS,OUTBOUND_CLICK,2026-03-12,2.0,0.0
GERAL,GERAL,YouTube channel subscriptions,ENGAGEMENT,2025-12-15,1.0,0.0
GERAL,GERAL,YouTube channel subscriptions,ENGAGEMENT,2026-01-01,1.0,0.0
GERAL,GERAL,YouTube channel subscriptions,ENGAGEMENT,2026-01-16,1.0,0.0
GERAL,GERAL,YouTube channel subscriptions,ENGAGEMENT,2026-01-17,1.0,0.0
GERAL,GERAL,YouTube channel subscriptions,ENGAGEMENT,2026-02-08,1.0,0.0
GERAL,GERAL,YouTube channel subscriptions,ENGAGEMENT,2026-02-13,1.0,0.0
GERAL,GERAL,Almeida-Junior-Apps - AJFans (Android) session_start_ativos,DEFAULT,2025-12-13,105.0,105.0
GERAL,GERAL,Almeida-Junior-Apps - AJFans (Android) session_start_ativos,DEFAULT,2025-12-14,156.0,156.0
GERAL,GERAL,Almeida-Junior-Apps - AJFans (Android) session_start_ativos,DEFAULT,2025-12-15,80.0,80.0
GERAL,GERAL,Almeida-Junior-Apps - AJFans (Android) session_start_ativos,DEFAULT,2025-12-16,90.0,90.0
GERAL,GERAL,Almeida-Junior-Apps - AJFans (Android) session_start_ativos,DEFAULT,2025-12-17,77.0,77.0
GERAL,GERAL,Almeida-Junior-Apps - AJFans (Android) session_start_ativos,DEFAULT,2025-12-18,71.0,71.0
GERAL,GERAL,Almeida-Junior-Apps - AJFans (Android) session_start_ativos,DEFAULT,2025-12-19,68.0,68.0
GERAL,GERAL,Almeida-Junior-Apps - AJFans (Android) session_start_ativos,DEFAULT,2025-12-20,160.0,160.0
GERAL,GERAL,Almeida-Junior-Apps - AJFans (Android) session_start_ativos,DEFAULT,2025-12-21,137.0,137.0
GERAL,GERAL,Almeida-Junior-Apps - AJFans (Android) session_start_ativos,DEFAULT,2025-12-22,151.0,151.0
GERAL,GERAL,Almeida-Junior-Apps - AJFans (Android) session_start_ativos,DEFAULT,2025-12-23,125.0,129.568269368
GERAL,GERAL,Almeida-Junior-Apps - AJFans (Android) session_start_ativos,DEFAULT,2025-12-24,114.0,114.0
GERAL,GERAL,Almeida-Junior-Apps - AJFans (Android) session_start_ativos,DEFAULT,2025-12-25,90.0,90.0
GERAL,GERAL,Almeida-Junior-Apps - AJFans (Android) session_start_ativos,DEFAULT,2025-12-26,65.0,65.0
GERAL,GERAL,Almeida-Junior-Apps - AJFans (Android) session_start_ativos,DEFAULT,2025-12-27,122.0,126.54355
GERAL,GERAL,Almeida-Junior-Apps - AJFans (Android) session_start_ativos,DEFAULT,2025-12-28,71.0,71.0
GERAL,GERAL,Almeida-Junior-Apps - AJFans (Android) session_start_ativos,DEFAULT,2025-12-29,100.0,103.365683678
GERAL,GERAL,Almeida-Junior-Apps - AJFans (Android) session_start_ativos,DEFAULT,2025-12-30,124.0,124.0
GERAL,GERAL,Almeida-Junior-Apps - AJFans (Android) session_start_ativos,DEFAULT,2025-12-31,75.0,74.0
GERAL,GERAL,Almeida-Junior-Apps - AJFans (Android) session_start_ativos,DEFAULT,2026-01-01,68.0,68.0
GERAL,GERAL,Almeida-Junior-Apps - AJFans (Android) session_start_ativos,DEFAULT,2026-01-06,44.0,44.0
GERAL,GERAL,Almeida-Junior-Apps - AJFans (Android) session_start_ativos,DEFAULT,2026-01-07,69.0,69.0
GERAL,GERAL,Almeida-Junior-Apps - AJFans (Android) session_start_ativos,DEFAULT,2026-01-08,92.0,92.0
GERAL,GERAL,Almeida-Junior-Apps - AJFans (Android) session_start_ativos,DEFAULT,2026-01-09,91.0,91.0
GERAL,GERAL,Almeida-Junior-Apps - AJFans (Android) session_start_ativos,DEFAULT,2026-01-10,128.0,128.0
GERAL,GERAL,Almeida-Junior-Apps - AJFans (Android) session_start_ativos,DEFAULT,2026-01-11,124.0,124.0
GERAL,GERAL,Almeida-Junior-Apps - AJFans (Android) session_start_ativos,DEFAULT,2026-01-12,79.0,79.0
GERAL,GERAL,Almeida-Junior-Apps - AJFans (Android) session_start_ativos,DEFAULT,2026-01-13,69.0,69.0
GERAL,GERAL,Almeida-Junior-Apps - AJFans (Android) session_start_ativos,DEFAULT,2026-01-14,42.0,42.0
GERAL,GERAL,Almeida-Junior-Apps - AJFans (Android) session_start_ativos,DEFAULT,2026-01-15,54.0,54.0
GERAL,GERAL,Almeida-Junior-Apps - AJFans (Android) session_start_ativos,DEFAULT,2026-01-16,46.0,46.0
GERAL,GERAL,Almeida-Junior-Apps - AJFans (Android) session_start_ativos,DEFAULT,2026-01-17,91.0,89.0
GERAL,GERAL,Almeida-Junior-Apps - AJFans (Android) session_start_ativos,DEFAULT,2026-01-18,68.0,68.0
GERAL,GERAL,Almeida-Junior-Apps - AJFans (Android) session_start_ativos,DEFAULT,2026-01-19,45.0,45.0
GERAL,GERAL,Almeida-Junior-Apps - AJFans (Android) session_start_ativos,DEFAULT,2026-01-20,58.0,67.477670972
GERAL,GERAL,Almeida-Junior-Apps - AJFans (Android) session_start_ativos,DEFAULT,2026-01-21,52.0,50.0
GERAL,GERAL,Almeida-Junior-Apps - AJFans (Android) session_start_ativos,DEFAULT,2026-01-22,34.0,34.0
GERAL,GERAL,Almeida-Junior-Apps - AJFans (Android) session_start_ativos,DEFAULT,2026-01-23,38.0,38.0
GERAL,GERAL,Almeida-Junior-Apps - AJFans (Android) session_start_ativos,DEFAULT,2026-01-24,57.0,57.0
GERAL,GERAL,Almeida-Junior-Apps - AJFans (Android) session_start_ativos,DEFAULT,2026-01-25,71.0,71.0
GERAL,GERAL,Almeida-Junior-Apps - AJFans (Android) session_start_ativos,DEFAULT,2026-01-26,47.0,47.0
GERAL,GERAL,Almeida-Junior-Apps - AJFans (Android) session_start_ativos,DEFAULT,2026-01-27,47.0,45.0
GERAL,GERAL,Almeida-Junior-Apps - AJFans (Android) session_start_ativos,DEFAULT,2026-01-28,47.0,51.259606788
GERAL,GERAL,Almeida-Junior-Apps - AJFans (Android) session_start_ativos,DEFAULT,2026-01-29,52.0,51.0
GERAL,GERAL,Almeida-Junior-Apps - AJFans (Android) session_start_ativos,DEFAULT,2026-01-30,48.0,48.0
GERAL,GERAL,Almeida-Junior-Apps - AJFans (Android) session_start_ativos,DEFAULT,2026-01-31,106.0,104.0
GERAL,GERAL,Almeida-Junior-Apps - AJFans (Android) session_start_ativos,DEFAULT,2026-02-01,57.0,57.0
GERAL,GERAL,Almeida-Junior-Apps - AJFans (Android) session_start_ativos,DEFAULT,2026-02-02,55.0,55.0
GERAL,GERAL,Almeida-Junior-Apps - AJFans (Android) session_start_ativos,DEFAULT,2026-02-03,40.0,40.0
GERAL,GERAL,Almeida-Junior-Apps - AJFans (Android) session_start_ativos,DEFAULT,2026-02-04,58.0,58.0
GERAL,GERAL,Almeida-Junior-Apps - AJFans (Android) session_start_ativos,DEFAULT,2026-02-05,22.0,31.388456312
GERAL,GERAL,Almeida-Junior-Apps - AJFans (Android) session_start_ativos,DEFAULT,2026-02-07,63.0,63.0
GERAL,GERAL,Almeida-Junior-Apps - AJFans (Android) session_start_ativos,DEFAULT,2026-02-08,44.0,44.0
GERAL,GERAL,Almeida-Junior-Apps - AJFans (Android) session_start_ativos,DEFAULT,2026-02-09,24.0,24.0
GERAL,GERAL,Almeida-Junior-Apps - AJFans (Android) session_start_ativos,DEFAULT,2026-02-10,24.0,24.0
GERAL,GERAL,Almeida-Junior-Apps - AJFans (Android) session_start_ativos,DEFAULT,2026-02-11,4.0,4.0
GERAL,GERAL,Almeida-Junior-Apps - AJFans (Android) session_start_ativos,DEFAULT,2026-02-12,23.0,23.0
GERAL,GERAL,Almeida-Junior-Apps - AJFans (Android) session_start_ativos,DEFAULT,2026-02-13,10.0,10.0
GERAL,GERAL,Almeida-Junior-Apps - AJFans (Android) session_start_ativos,DEFAULT,2026-02-14,30.0,29.0
GERAL,GERAL,Almeida-Junior-Apps - AJFans (Android) session_start_ativos,DEFAULT,2026-02-15,22.0,22.0
GERAL,GERAL,Almeida-Junior-Apps - AJFans (Android) session_start_ativos,DEFAULT,2026-02-16,17.0,16.0
GERAL,GERAL,Almeida-Junior-Apps - AJFans (Android) session_start_ativos,DEFAULT,2026-02-17,35.0,34.0
GERAL,GERAL,Almeida-Junior-Apps - AJFans (Android) session_start_ativos,DEFAULT,2026-02-18,13.0,13.0
GERAL,GERAL,Almeida-Junior-Apps - AJFans (Android) session_start_ativos,DEFAULT,2026-02-19,10.0,10.0
GERAL,GERAL,Almeida-Junior-Apps - AJFans (Android) session_start_ativos,DEFAULT,2026-02-22,1.0,1.0
GERAL,GERAL,Almeida-Junior-Apps - AJFans (Android) session_start_ativos,DEFAULT,2026-02-27,1.0,1.0
GERAL,GERAL,Almeida-Junior-Apps - AJFans (Android) session_start_ativos,DEFAULT,2026-03-10,1.0,1.0
GERAL,GERAL,Almeida-Junior-Apps - AJFans (iOS) session_start_ativos,DEFAULT,2025-12-13,1.0,0.0
GERAL,GERAL,Almeida-Junior-Apps - AJFans (iOS) session_start_ativos,DEFAULT,2025-12-14,7.0,0.0
GERAL,GERAL,Almeida-Junior-Apps - AJFans (iOS) session_start_ativos,DEFAULT,2025-12-15,2.0,0.0
GERAL,GERAL,Almeida-Junior-Apps - AJFans (iOS) session_start_ativos,DEFAULT,2025-12-16,4.0,0.0
GERAL,GERAL,Almeida-Junior-Apps - AJFans (iOS) session_start_ativos,DEFAULT,2025-12-17,1.0,0.0
GERAL,GERAL,Almeida-Junior-Apps - AJFans (iOS) session_start_ativos,DEFAULT,2025-12-19,2.0,0.0
GERAL,GERAL,Almeida-Junior-Apps - AJFans (iOS) session_start_ativos,DEFAULT,2025-12-20,3.0,0.0
GERAL,GERAL,Almeida-Junior-Apps - AJFans (iOS) session_start_ativos,DEFAULT,2025-12-21,2.0,0.0
GERAL,GERAL,Almeida-Junior-Apps - AJFans (iOS) session_start_ativos,DEFAULT,2025-12-22,4.0,0.0
GERAL,GERAL,Almeida-Junior-Apps - AJFans (iOS) session_start_ativos,DEFAULT,2025-12-23,5.0,0.0
GERAL,GERAL,Almeida-Junior-Apps - AJFans (iOS) session_start_ativos,DEFAULT,2025-12-24,6.0,0.0
GERAL,GERAL,Almeida-Junior-Apps - AJFans (iOS) session_start_ativos,DEFAULT,2025-12-25,5.0,0.0
GERAL,GERAL,Almeida-Junior-Apps - AJFans (iOS) session_start_ativos,DEFAULT,2025-12-26,1.0,0.0
GERAL,GERAL,Almeida-Junior-Apps - AJFans (iOS) session_start_ativos,DEFAULT,2025-12-28,4.0,0.0
GERAL,GERAL,Almeida-Junior-Apps - AJFans (iOS) session_start_ativos,DEFAULT,2025-12-29,4.0,0.0
GERAL,GERAL,Almeida-Junior-Apps - AJFans (iOS) session_start_ativos,DEFAULT,2025-12-30,4.0,0.0
GERAL,GERAL,Almeida-Junior-Apps - AJFans (iOS) session_start_ativos,DEFAULT,2025-12-31,3.0,0.0
GERAL,GERAL,Almeida-Junior-Apps - AJFans (iOS) session_start_ativos,DEFAULT,2026-01-01,1.0,0.0
GERAL,GERAL,Almeida-Junior-Apps - AJFans (iOS) session_start_ativos,DEFAULT,2026-01-07,3.0,0.0
GERAL,GERAL,Almeida-Junior-Apps - AJFans (iOS) session_start_ativos,DEFAULT,2026-01-08,2.0,0.0
GERAL,GERAL,Almeida-Junior-Apps - AJFans (iOS) session_start_ativos,DEFAULT,2026-01-09,1.0,0.0
GERAL,GERAL,Almeida-Junior-Apps - AJFans (iOS) session_start_ativos,DEFAULT,2026-01-10,4.0,0.0
GERAL,GERAL,Almeida-Junior-Apps - AJFans (iOS) session_start_ativos,DEFAULT,2026-01-11,4.0,0.0
GERAL,GERAL,Almeida-Junior-Apps - AJFans (iOS) session_start_ativos,DEFAULT,2026-01-12,11.0,0.0
GERAL,GERAL,Almeida-Junior-Apps - AJFans (iOS) session_start_ativos,DEFAULT,2026-01-13,8.0,0.0
GERAL,GERAL,Almeida-Junior-Apps - AJFans (iOS) session_start_ativos,DEFAULT,2026-01-14,6.0,0.0
GERAL,GERAL,Almeida-Junior-Apps - AJFans (iOS) session_start_ativos,DEFAULT,2026-01-15,5.0,0.0
GERAL,GERAL,Almeida-Junior-Apps - AJFans (iOS) session_start_ativos,DEFAULT,2026-01-16,6.0,0.0
GERAL,GERAL,Almeida-Junior-Apps - AJFans (iOS) session_start_ativos,DEFAULT,2026-01-17,11.0,0.0
GERAL,GERAL,Almeida-Junior-Apps - AJFans (iOS) session_start_ativos,DEFAULT,2026-01-18,8.0,0.0
GERAL,GERAL,Almeida-Junior-Apps - AJFans (iOS) session_start_ativos,DEFAULT,2026-01-19,8.0,0.0
GERAL,GERAL,Almeida-Junior-Apps - AJFans (iOS) session_start_ativos,DEFAULT,2026-01-20,8.0,0.0
GERAL,GERAL,Almeida-Junior-Apps - AJFans (iOS) session_start_ativos,DEFAULT,2026-01-21,6.0,0.0
GERAL,GERAL,Almeida-Junior-Apps - AJFans (iOS) session_start_ativos,DEFAULT,2026-01-22,6.0,0.0
GERAL,GERAL,Almeida-Junior-Apps - AJFans (iOS) session_start_ativos,DEFAULT,2026-01-23,8.0,0.0
GERAL,GERAL,Almeida-Junior-Apps - AJFans (iOS) session_start_ativos,DEFAULT,2026-01-24,5.0,0.0
GERAL,GERAL,Almeida-Junior-Apps - AJFans (iOS) session_start_ativos,DEFAULT,2026-01-25,3.0,0.0
GERAL,GERAL,Almeida-Junior-Apps - AJFans (iOS) session_start_ativos,DEFAULT,2026-01-26,5.0,0.0
GERAL,GERAL,Almeida-Junior-Apps - AJFans (iOS) session_start_ativos,DEFAULT,2026-01-27,3.0,0.0
GERAL,GERAL,Almeida-Junior-Apps - AJFans (iOS) session_start_ativos,DEFAULT,2026-01-28,2.0,0.0
GERAL,GERAL,Almeida-Junior-Apps - AJFans (iOS) session_start_ativos,DEFAULT,2026-01-29,2.0,0.0
GERAL,GERAL,Almeida-Junior-Apps - AJFans (iOS) session_start_ativos,DEFAULT,2026-01-30,6.0,0.0
GERAL,GERAL,Almeida-Junior-Apps - AJFans (iOS) session_start_ativos,DEFAULT,2026-01-31,8.0,0.0
GERAL,GERAL,Almeida-Junior-Apps - AJFans (iOS) session_start_ativos,DEFAULT,2026-02-01,2.0,0.0
GERAL,GERAL,Almeida-Junior-Apps - AJFans (iOS) session_start_ativos,DEFAULT,2026-02-02,7.0,0.0
GERAL,GERAL,Almeida-Junior-Apps - AJFans (iOS) session_start_ativos,DEFAULT,2026-02-03,5.0,0.0
GERAL,GERAL,Almeida-Junior-Apps - AJFans (iOS) session_start_ativos,DEFAULT,2026-02-04,1.0,0.0
GERAL,GERAL,Almeida-Junior-Apps - AJFans (iOS) session_start_ativos,DEFAULT,2026-02-05,9.0,0.0
GERAL,GERAL,Almeida-Junior-Apps - AJFans (iOS) session_start_ativos,DEFAULT,2026-02-07,3.0,0.0
GERAL,GERAL,Almeida-Junior-Apps - AJFans (iOS) session_start_ativos,DEFAULT,2026-02-08,7.0,0.0
GERAL,GERAL,Almeida-Junior-Apps - AJFans (iOS) session_start_ativos,DEFAULT,2026-02-09,2.0,0.0
GERAL,GERAL,Almeida-Junior-Apps - AJFans (iOS) session_start_ativos,DEFAULT,2026-02-10,2.0,0.0
GERAL,GERAL,Almeida-Junior-Apps - AJFans (iOS) session_start_ativos,DEFAULT,2026-02-11,1.0,0.0
GERAL,GERAL,Almeida-Junior-Apps - AJFans (iOS) session_start_ativos,DEFAULT,2026-02-12,1.0,0.0
GERAL,GERAL,Almeida-Junior-Apps - AJFans (iOS) session_start_ativos,DEFAULT,2026-02-13,3.0,0.0
GERAL,GERAL,Almeida-Junior-Apps - AJFans (iOS) session_start_ativos,DEFAULT,2026-02-14,3.0,0.0
GERAL,GERAL,Almeida-Junior-Apps - AJFans (iOS) session_start_ativos,DEFAULT,2026-02-15,3.0,0.0
GERAL,GERAL,Almeida-Junior-Apps - AJFans (iOS) session_start_ativos,DEFAULT,2026-02-16,4.0,0.0
GERAL,GERAL,Almeida-Junior-Apps - AJFans (iOS) session_start_ativos,DEFAULT,2026-02-17,5.0,0.0
GERAL,GERAL,Almeida-Junior-Apps - AJFans (iOS) session_start_ativos,DEFAULT,2026-02-18,1.0,0.0
GERAL,GERAL,Almeida-Junior-Apps - AJFans (iOS) session_start_ativos,DEFAULT,2026-02-25,2.0,0.0
GERAL,GERAL,Almeida-Junior-Apps - AJFans (iOS) session_start_ativos,DEFAULT,2026-02-27,1.0,0.0
GERAL,GERAL,Almeida-Junior-Apps - AJFans (iOS) session_start_ativos,DEFAULT,2026-02-28,4.0,0.0
GERAL,GERAL,Almeida-Junior-Apps - AJFans (iOS) session_start_ativos,DEFAULT,2026-03-02,1.0,0.0
GERAL,GERAL,Almeida-Junior-Apps - AJFans (iOS) session_start_ativos,DEFAULT,2026-03-03,4.0,0.0
GERAL,GERAL,Almeida-Junior-Apps - AJFans (iOS) session_start_ativos,DEFAULT,2026-03-04,1.0,0.0
GERAL,GERAL,Almeida-Junior-Apps - AJFans (iOS) session_start_ativos,DEFAULT,2026-03-06,1.0,0.0
GERAL,GERAL,Almeida-Junior-Apps - AJFans (iOS) session_start_ativos,DEFAULT,2026-03-07,1.0,0.0
GERAL,GERAL,Almeida-Junior-Apps - AJFans (iOS) session_start_ativos,DEFAULT,2026-03-08,1.0,0.0
GERAL,GERAL,CS - Forms site Institucional AJ - Franquias,SUBMIT_LEAD_FORM,2025-12-21,1.0,0.0
GERAL,GERAL,CS - Forms site Institucional AJ - Franquias,SUBMIT_LEAD_FORM,2026-01-08,1.0,0.0
GERAL,GERAL,CS - Forms site Institucional AJ - Franquias,SUBMIT_LEAD_FORM,2026-01-18,1.0,0.0
GERAL,GERAL,CS - Forms site Institucional AJ - Franquias,SUBMIT_LEAD_FORM,2026-02-12,1.0,0.0
GERAL,GERAL,GTM AJ - Conversion download ap. comercial,DEFAULT,2025-12-13,1.0,1.0
GERAL,GERAL,GTM AJ - Conversion download ap. comercial,DEFAULT,2025-12-15,1.0,1.0
GERAL,GERAL,GTM AJ - Conversion download ap. comercial,DEFAULT,2026-01-17,2.0,2.0
GERAL,GERAL,GTM AJ - Conversion download ap. comercial,DEFAULT,2026-01-18,1.0,1.0
GERAL,GERAL,GTM AJ - Conversion download ap. comercial,DEFAULT,2026-01-28,2.0,2.0
GERAL,GERAL,GTM AJ - Conversion download ap. comercial,DEFAULT,2026-02-01,2.0,2.0
GERAL,GERAL,GTM AJ - Conversion download ap. comercial,DEFAULT,2026-02-03,1.0,1.0
GERAL,GERAL,YouTube follow-on views,YOUTUBE_FOLLOW_ON_VIEWS,2025-12-13,2.0,2.0
GERAL,GERAL,YouTube follow-on views,YOUTUBE_FOLLOW_ON_VIEWS,2025-12-14,3.0,3.0
GERAL,GERAL,YouTube follow-on views,YOUTUBE_FOLLOW_ON_VIEWS,2025-12-15,3.0,3.0
GERAL,GERAL,YouTube follow-on views,YOUTUBE_FOLLOW_ON_VIEWS,2025-12-17,3.0,3.0
GERAL,GERAL,YouTube follow-on views,YOUTUBE_FOLLOW_ON_VIEWS,2025-12-18,2.0,2.0
GERAL,GERAL,YouTube follow-on views,YOUTUBE_FOLLOW_ON_VIEWS,2025-12-21,2.0,2.0
GERAL,GERAL,YouTube follow-on views,YOUTUBE_FOLLOW_ON_VIEWS,2025-12-22,2.0,2.0
GERAL,GERAL,YouTube follow-on views,YOUTUBE_FOLLOW_ON_VIEWS,2025-12-24,2.0,2.0
GERAL,GERAL,YouTube follow-on views,YOUTUBE_FOLLOW_ON_VIEWS,2025-12-25,2.0,2.0
GERAL,GERAL,YouTube follow-on views,YOUTUBE_FOLLOW_ON_VIEWS,2025-12-26,9.0,9.0
GERAL,GERAL,YouTube follow-on views,YOUTUBE_FOLLOW_ON_VIEWS,2025-12-27,3.0,3.0
GERAL,GERAL,YouTube follow-on views,YOUTUBE_FOLLOW_ON_VIEWS,2025-12-30,1.0,1.0
GERAL,GERAL,YouTube follow-on views,YOUTUBE_FOLLOW_ON_VIEWS,2026-01-01,3.0,3.0
GERAL,GERAL,YouTube follow-on views,YOUTUBE_FOLLOW_ON_VIEWS,2026-01-06,2.0,2.0
GERAL,GERAL,YouTube follow-on views,YOUTUBE_FOLLOW_ON_VIEWS,2026-01-09,1.0,1.0
GERAL,GERAL,YouTube follow-on views,YOUTUBE_FOLLOW_ON_VIEWS,2026-01-10,3.0,3.0
GERAL,GERAL,YouTube follow-on views,YOUTUBE_FOLLOW_ON_VIEWS,2026-01-11,7.0,7.0
GERAL,GERAL,YouTube follow-on views,YOUTUBE_FOLLOW_ON_VIEWS,2026-01-12,5.0,5.0
GERAL,GERAL,YouTube follow-on views,YOUTUBE_FOLLOW_ON_VIEWS,2026-01-13,6.0,6.0
GERAL,GERAL,YouTube follow-on views,YOUTUBE_FOLLOW_ON_VIEWS,2026-01-14,7.0,7.0
GERAL,GERAL,YouTube follow-on views,YOUTUBE_FOLLOW_ON_VIEWS,2026-01-15,6.0,6.0
GERAL,GERAL,YouTube follow-on views,YOUTUBE_FOLLOW_ON_VIEWS,2026-01-16,22.0,22.0
GERAL,GERAL,YouTube follow-on views,YOUTUBE_FOLLOW_ON_VIEWS,2026-01-17,14.0,14.0
GERAL,GERAL,YouTube follow-on views,YOUTUBE_FOLLOW_ON_VIEWS,2026-01-18,9.0,9.0
GERAL,GERAL,YouTube follow-on views,YOUTUBE_FOLLOW_ON_VIEWS,2026-01-19,6.0,6.0
GERAL,GERAL,YouTube follow-on views,YOUTUBE_FOLLOW_ON_VIEWS,2026-01-20,10.0,10.0
GERAL,GERAL,YouTube follow-on views,YOUTUBE_FOLLOW_ON_VIEWS,2026-01-21,4.0,4.0
GERAL,GERAL,YouTube follow-on views,YOUTUBE_FOLLOW_ON_VIEWS,2026-01-22,11.0,11.0
GERAL,GERAL,YouTube follow-on views,YOUTUBE_FOLLOW_ON_VIEWS,2026-01-23,1.0,1.0
GERAL,GERAL,YouTube follow-on views,YOUTUBE_FOLLOW_ON_VIEWS,2026-01-24,7.0,7.0
GERAL,GERAL,YouTube follow-on views,YOUTUBE_FOLLOW_ON_VIEWS,2026-01-25,6.0,6.0
GERAL,GERAL,YouTube follow-on views,YOUTUBE_FOLLOW_ON_VIEWS,2026-01-26,4.0,4.0
GERAL,GERAL,YouTube follow-on views,YOUTUBE_FOLLOW_ON_VIEWS,2026-01-27,1.0,1.0
GERAL,GERAL,YouTube follow-on views,YOUTUBE_FOLLOW_ON_VIEWS,2026-01-29,1.0,1.0
GERAL,GERAL,YouTube follow-on views,YOUTUBE_FOLLOW_ON_VIEWS,2026-01-31,2.0,2.0
GERAL,GERAL,YouTube follow-on views,YOUTUBE_FOLLOW_ON_VIEWS,2026-02-02,1.0,1.0
GERAL,GERAL,YouTube follow-on views,YOUTUBE_FOLLOW_ON_VIEWS,2026-02-04,7.0,7.0
GERAL,GERAL,YouTube follow-on views,YOUTUBE_FOLLOW_ON_VIEWS,2026-02-05,3.0,3.0
GERAL,GERAL,YouTube follow-on views,YOUTUBE_FOLLOW_ON_VIEWS,2026-02-07,24.0,24.0
GERAL,GERAL,YouTube follow-on views,YOUTUBE_FOLLOW_ON_VIEWS,2026-02-08,3.0,3.0
GERAL,GERAL,YouTube follow-on views,YOUTUBE_FOLLOW_ON_VIEWS,2026-02-09,1.0,1.0
GERAL,GERAL,YouTube follow-on views,YOUTUBE_FOLLOW_ON_VIEWS,2026-02-13,4.0,4.0
GERAL,GERAL,YouTube follow-on views,YOUTUBE_FOLLOW_ON_VIEWS,2026-02-14,3.0,3.0
GERAL,GERAL,YouTube follow-on views,YOUTUBE_FOLLOW_ON_VIEWS,2026-02-15,2.0,2.0
GERAL,GERAL,YouTube follow-on views,YOUTUBE_FOLLOW_ON_VIEWS,2026-02-16,1.0,1.0
GERAL,GERAL,YouTube follow-on views,YOUTUBE_FOLLOW_ON_VIEWS,2026-02-17,4.0,4.0
GERAL,GERAL,YouTube follow-on views,YOUTUBE_FOLLOW_ON_VIEWS,2026-02-18,7.0,7.0
GERAL,GERAL,YouTube follow-on views,YOUTUBE_FOLLOW_ON_VIEWS,2026-02-19,1.0,1.0
GERAL,GERAL,YouTube follow-on views,YOUTUBE_FOLLOW_ON_VIEWS,2026-02-20,3.0,3.0
GERAL,GERAL,YouTube follow-on views,YOUTUBE_FOLLOW_ON_VIEWS,2026-02-21,3.0,3.0
GERAL,GERAL,YouTube follow-on views,YOUTUBE_FOLLOW_ON_VIEWS,2026-02-22,1.0,1.0
GERAL,GERAL,GS - Forms site Institucional AJ - Franquias,SUBMIT_LEAD_FORM,2026-01-08,1.0,0.0
GERAL,GERAL,GS - Forms site Institucional AJ - Franquias,SUBMIT_LEAD_FORM,2026-02-05,1.0,0.0
GERAL,GERAL,NR - Forms site Institucional AJ - Franquias,SUBMIT_LEAD_FORM,2026-01-08,1.0,0.0
GERAL,GERAL,NR - Forms site Institucional AJ - Franquias,SUBMIT_LEAD_FORM,2026-02-07,1.0,0.0
GERAL,GERAL,NS Forms site Institucional AJ - Franquias,SUBMIT_LEAD_FORM,2025-12-24,2.0,0.0
GERAL,GERAL,NS Forms site Institucional AJ - Franquias,SUBMIT_LEAD_FORM,2025-12-26,1.0,0.0
GERAL,GERAL,NS Forms site Institucional AJ - Franquias,SUBMIT_LEAD_FORM,2026-01-09,1.0,0.0
GERAL,GERAL,NS Forms site Institucional AJ - Franquias,SUBMIT_LEAD_FORM,2026-01-12,1.0,0.0
GERAL,GERAL,NS Forms site Institucional AJ - Franquias,SUBMIT_LEAD_FORM,2026-01-25,1.0,0.0
GERAL,GERAL,NS Forms site Institucional AJ - Franquias,SUBMIT_LEAD_FORM,2026-02-08,1.0,0.0
GERAL,GERAL,NS Forms site Institucional AJ - Franquias,SUBMIT_LEAD_FORM,2026-02-26,0.5,0.0
GERAL,GERAL,NS Forms site Institucional AJ - Franquias,SUBMIT_LEAD_FORM,2026-02-27,0.5,0.0
GERAL,GERAL,NS Forms site Institucional AJ - Franquias,SUBMIT_LEAD_FORM,2026-03-08,1.0,0.0
GERAL,GERAL,NS Forms site Institucional AJ - Franquias,SUBMIT_LEAD_FORM,2026-03-09,1.0,0.0
GERAL,GERAL,NS Forms site Institucional AJ - Franquias,SUBMIT_LEAD_FORM,2026-03-11,1.0,0.0
GERAL,GERAL,NK - Forms site Institucional AJ - Franquias,SUBMIT_LEAD_FORM,2025-12-30,1.0,0.0
GERAL,GERAL,NK - Forms site Institucional AJ - Franquias,SUBMIT_LEAD_FORM,2026-01-27,1.0,0.0
GERAL,GERAL,Local actions - Menu views,PAGE_VIEW,2026-01-07,1.0,1.0
GERAL,GERAL,Local actions - Menu views,PAGE_VIEW,2026-01-09,2.0,2.0
GERAL,GERAL,Local actions - Menu views,PAGE_VIEW,2026-01-26,2.0,2.0
GERAL,GERAL,Local actions - Menu views,PAGE_VIEW,2026-02-05,2.0,2.0
GERAL,GERAL,Local actions - Menu views,PAGE_VIEW,2026-02-12,2.0,2.0
GERAL,GERAL,Local actions - Menu views,PAGE_VIEW,2026-03-04,2.0,2.0
GERAL,GERAL,Local actions - Menu views,PAGE_VIEW,2026-03-08,2.0,2.0
