data,shopping,shopping_sigla,plataforma,impressoes,cliques,custo,conversoes,receita,roas,cpa,ctr
2025-03-13,Nacoes Shopping,Nacoes Shopping,TikTok Ads,27797,0,54.82,0.0,0.0,0.0,0.0,0.0
2025-03-14,Nacoes Shopping,Nacoes Shopping,TikTok Ads,25077,0,54.48,0.0,0.0,0.0,0.0,0.0
2025-03-15,Nacoes Shopping,Nacoes Shopping,TikTok Ads,23388,0,50.76,0.0,0.0,0.0,0.0,0.0
2025-03-16,Nacoes Shopping,Nacoes Shopping,TikTok Ads,15841,0,31.71,0.0,0.0,0.0,0.0,0.0
2025-03-17,Nacoes Shopping,Nacoes Shopping,TikTok Ads,9758,0,18.86,0.0,0.0,0.0,0.0,0.0
2025-03-18,Nacoes Shopping,Nacoes Shopping,TikTok Ads,8882,0,18.45,0.0,0.0,0.0,0.0,0.0
2025-03-19,Nacoes Shopping,Nacoes Shopping,TikTok Ads,14343,5,38.09,0.0,0.0,0.0,0.0,0.034860210555671754
2025-03-20,Nacoes Shopping,Nacoes Shopping,TikTok Ads,16291,2,60.33,0.0,0.0,0.0,0.0,0.012276717205819163
2025-03-21,Nacoes Shopping,Nacoes Shopping,TikTok Ads,16277,1,59.33,0.0,0.0,0.0,0.0,0.0061436382625791
2025-03-22,Nacoes Shopping,Nacoes Shopping,TikTok Ads,15477,3,61.04,0.0,0.0,0.0,0.0,0.01938360147315371
2025-03-23,Nacoes Shopping,Nacoes Shopping,TikTok Ads,15600,3,60.7,0.0,0.0,0.0,0.0,0.019230769230769232
2025-03-24,Nacoes Shopping,Nacoes Shopping,TikTok Ads,13957,3,57.16,0.0,0.0,0.0,0.0,0.02149459052805044
2025-03-25,Nacoes Shopping,Nacoes Shopping,TikTok Ads,20392,0,82.60000000000001,0.0,0.0,0.0,0.0,0.0
2025-03-26,Nacoes Shopping,Nacoes Shopping,TikTok Ads,24067,2,130.89000000000001,0.0,0.0,0.0,0.0,0.00831013420866747
2025-03-27,Nacoes Shopping,Nacoes Shopping,TikTok Ads,23185,1,118.34,0.0,0.0,0.0,0.0,0.004313133491481561
2025-03-28,Nacoes Shopping,Nacoes Shopping,TikTok Ads,21361,0,83.76,0.0,0.0,0.0,0.0,0.0
2025-03-29,Nacoes Shopping,Nacoes Shopping,TikTok Ads,27217,1,122.4,0.0,0.0,0.0,0.0,0.0036741742293419553
2025-03-30,Nacoes Shopping,Nacoes Shopping,TikTok Ads,25299,3,108.52000000000001,0.0,0.0,0.0,0.0,0.011858176212498517
2025-03-31,Nacoes Shopping,Nacoes Shopping,TikTok Ads,9305,0,39.86,0.0,0.0,0.0,0.0,0.0
2025-04-01,Nacoes Shopping,Nacoes Shopping,TikTok Ads,0,0,0.0,0.0,0.0,0.0,0.0,0.0
2025-04-02,Nacoes Shopping,Nacoes Shopping,TikTok Ads,4052,0,4.39,0.0,0.0,0.0,0.0,0.0
2025-04-03,Nacoes Shopping,Nacoes Shopping,TikTok Ads,9903,0,12.809999999999999,0.0,0.0,0.0,0.0,0.0
2025-04-04,Nacoes Shopping,Nacoes Shopping,TikTok Ads,13226,0,19.16,0.0,0.0,0.0,0.0,0.0
2025-04-05,Nacoes Shopping,Nacoes Shopping,TikTok Ads,13725,0,19.34,0.0,0.0,0.0,0.0,0.0
2025-04-06,Nacoes Shopping,Nacoes Shopping,TikTok Ads,14151,0,19.48,0.0,0.0,0.0,0.0,0.0
2025-04-07,Nacoes Shopping,Nacoes Shopping,TikTok Ads,12136,0,18.439999999999998,0.0,0.0,0.0,0.0,0.0
2025-04-08,Nacoes Shopping,Nacoes Shopping,TikTok Ads,11096,0,18.29,0.0,0.0,0.0,0.0,0.0
2025-04-09,Nacoes Shopping,Nacoes Shopping,TikTok Ads,11029,0,18.439999999999998,0.0,0.0,0.0,0.0,0.0
2025-04-10,Nacoes Shopping,Nacoes Shopping,TikTok Ads,11457,0,17.12,0.0,0.0,0.0,0.0,0.0
2025-04-11,Nacoes Shopping,Nacoes Shopping,TikTok Ads,11439,0,16.84,0.0,0.0,0.0,0.0,0.0
2025-04-12,Nacoes Shopping,Nacoes Shopping,TikTok Ads,11844,0,17.02,0.0,0.0,0.0,0.0,0.0
2025-04-13,Nacoes Shopping,Nacoes Shopping,TikTok Ads,11776,0,16.74,0.0,0.0,0.0,0.0,0.0
2025-04-14,Nacoes Shopping,Nacoes Shopping,TikTok Ads,10550,0,16.14,0.0,0.0,0.0,0.0,0.0
2025-04-15,Nacoes Shopping,Nacoes Shopping,TikTok Ads,9880,0,16.3,0.0,0.0,0.0,0.0,0.0
2025-04-16,Nacoes Shopping,Nacoes Shopping,TikTok Ads,10125,0,16.67,0.0,0.0,0.0,0.0,0.0
2025-04-17,Nacoes Shopping,Nacoes Shopping,TikTok Ads,11078,0,17.13,0.0,0.0,0.0,0.0,0.0
2025-04-18,Nacoes Shopping,Nacoes Shopping,TikTok Ads,11584,0,16.869999999999997,0.0,0.0,0.0,0.0,0.0
2025-04-19,Nacoes Shopping,Nacoes Shopping,TikTok Ads,11036,0,16.05,0.0,0.0,0.0,0.0,0.0
2025-04-20,Nacoes Shopping,Nacoes Shopping,TikTok Ads,11289,0,15.52,0.0,0.0,0.0,0.0,0.0
2025-04-21,Nacoes Shopping,Nacoes Shopping,TikTok Ads,11347,0,15.07,0.0,0.0,0.0,0.0,0.0
2025-04-22,Nacoes Shopping,Nacoes Shopping,TikTok Ads,9686,0,14.74,0.0,0.0,0.0,0.0,0.0
2025-04-23,Nacoes Shopping,Nacoes Shopping,TikTok Ads,9465,0,14.9,0.0,0.0,0.0,0.0,0.0
2025-04-24,Nacoes Shopping,Nacoes Shopping,TikTok Ads,8620,0,13.4,0.0,0.0,0.0,0.0,0.0
2025-04-25,Nacoes Shopping,Nacoes Shopping,TikTok Ads,7943,0,13.43,0.0,0.0,0.0,0.0,0.0
2025-04-26,Nacoes Shopping,Nacoes Shopping,TikTok Ads,8506,0,13.35,0.0,0.0,0.0,0.0,0.0
2025-04-27,Nacoes Shopping,Nacoes Shopping,TikTok Ads,8388,0,11.92,0.0,0.0,0.0,0.0,0.0
2025-04-28,Nacoes Shopping,Nacoes Shopping,TikTok Ads,6677,0,10.51,0.0,0.0,0.0,0.0,0.0
2025-04-29,Nacoes Shopping,Nacoes Shopping,TikTok Ads,8322,26,19.79,0.0,0.0,0.0,0.0,0.31242489786109107
2025-04-30,Nacoes Shopping,Nacoes Shopping,TikTok Ads,7143,22,23.39,0.0,0.0,0.0,0.0,0.3079938401231975
2025-05-01,Nacoes Shopping,Nacoes Shopping,TikTok Ads,8204,27,21.72,0.0,0.0,0.0,0.0,0.32910775231594347
2025-05-02,Nacoes Shopping,Nacoes Shopping,TikTok Ads,10773,27,21.78,0.0,0.0,0.0,0.0,0.2506265664160401
2025-05-03,Nacoes Shopping,Nacoes Shopping,TikTok Ads,10604,23,23.380000000000003,0.0,0.0,0.0,0.0,0.21689928328932476
2025-05-04,Nacoes Shopping,Nacoes Shopping,TikTok Ads,8974,35,23.39,0.0,0.0,0.0,0.0,0.39001560062402496
2025-05-05,Nacoes Shopping,Nacoes Shopping,TikTok Ads,9431,19,21.57,0.0,0.0,0.0,0.0,0.20146325946347154
2025-05-06,Nacoes Shopping,Nacoes Shopping,TikTok Ads,17260,10,41.12,0.0,0.0,0.0,0.0,0.057937427578215524
2025-05-07,Nacoes Shopping,Nacoes Shopping,TikTok Ads,21443,0,53.41,0.0,0.0,0.0,0.0,0.0
2025-05-08,Nacoes Shopping,Nacoes Shopping,TikTok Ads,45129,77,94.98,0.0,0.0,0.0,0.0,0.17062199472622927
2025-05-09,Nacoes Shopping,Nacoes Shopping,TikTok Ads,34746,58,72.64,0.0,0.0,0.0,0.0,0.16692568928797558
2025-05-10,Nacoes Shopping,Nacoes Shopping,TikTok Ads,32278,54,71.89,0.0,0.0,0.0,0.0,0.16729661069459073
2025-05-11,Nacoes Shopping,Nacoes Shopping,TikTok Ads,32374,39,72.85,0.0,0.0,0.0,0.0,0.12046704145301786
2025-05-12,Nacoes Shopping,Nacoes Shopping,TikTok Ads,31023,49,72.85,0.0,0.0,0.0,0.0,0.15794732940076717
2025-05-13,Nacoes Shopping,Nacoes Shopping,TikTok Ads,30681,55,72.87,0.0,0.0,0.0,0.0,0.1792640396336495
2025-05-14,Nacoes Shopping,Nacoes Shopping,TikTok Ads,29653,61,72.76,0.0,0.0,0.0,0.0,0.20571274407311232
2025-05-15,Nacoes Shopping,Nacoes Shopping,TikTok Ads,69820,67,145.76,0.0,0.0,0.0,0.0,0.09596104268118018
2025-05-16,Nacoes Shopping,Nacoes Shopping,TikTok Ads,88312,69,185.99,0.0,0.0,0.0,0.0,0.07813207718090406
2025-05-17,Nacoes Shopping,Nacoes Shopping,TikTok Ads,55747,57,115.85,0.0,0.0,0.0,0.0,0.10224765458230936
2025-05-18,Nacoes Shopping,Nacoes Shopping,TikTok Ads,44406,74,88.82,0.0,0.0,0.0,0.0,0.16664414718731704
2025-05-19,Nacoes Shopping,Nacoes Shopping,TikTok Ads,41091,78,87.02000000000001,0.0,0.0,0.0,0.0,0.18982258888807768
2025-05-20,Nacoes Shopping,Nacoes Shopping,TikTok Ads,39354,51,87.96000000000001,0.0,0.0,0.0,0.0,0.12959292575087666
2025-05-21,Nacoes Shopping,Nacoes Shopping,TikTok Ads,38855,70,86.97000000000001,0.0,0.0,0.0,0.0,0.18015699395187235
2025-05-22,Nacoes Shopping,Nacoes Shopping,TikTok Ads,40902,48,87.02,0.0,0.0,0.0,0.0,0.11735367463693706
2025-05-23,Nacoes Shopping,Nacoes Shopping,TikTok Ads,39568,50,86.10000000000001,0.0,0.0,0.0,0.0,0.12636473918317834
2025-05-24,Nacoes Shopping,Nacoes Shopping,TikTok Ads,40022,76,85.49,0.0,0.0,0.0,0.0,0.1898955574434061
2025-05-25,Nacoes Shopping,Nacoes Shopping,TikTok Ads,40027,49,86.41,0.0,0.0,0.0,0.0,0.12241736827641342
2025-05-26,Nacoes Shopping,Nacoes Shopping,TikTok Ads,36802,36,85.01,0.0,0.0,0.0,0.0,0.09782077061029291
2025-05-27,Nacoes Shopping,Nacoes Shopping,TikTok Ads,35638,51,85.12,0.0,0.0,0.0,0.0,0.14310567371906394
2025-05-28,Nacoes Shopping,Nacoes Shopping,TikTok Ads,34828,49,83.96000000000001,0.0,0.0,0.0,0.0,0.14069139772596762
2025-05-29,Nacoes Shopping,Nacoes Shopping,TikTok Ads,35378,39,82.86,0.0,0.0,0.0,0.0,0.11023800101758155
2025-05-30,Nacoes Shopping,Nacoes Shopping,TikTok Ads,31799,40,78.7,0.0,0.0,0.0,0.0,0.12579011918613792
2025-05-31,Nacoes Shopping,Nacoes Shopping,TikTok Ads,22314,51,69.46000000000001,0.0,0.0,0.0,0.0,0.22855606345791882
2025-06-01,Nacoes Shopping,Nacoes Shopping,TikTok Ads,0,0,0.0,0.0,0.0,0.0,0.0,0.0
2025-06-02,Nacoes Shopping,Nacoes Shopping,TikTok Ads,0,0,0.0,0.0,0.0,0.0,0.0,0.0
2025-06-03,Nacoes Shopping,Nacoes Shopping,TikTok Ads,0,0,0.0,0.0,0.0,0.0,0.0,0.0
2025-06-04,Nacoes Shopping,Nacoes Shopping,TikTok Ads,14505,18,35.02,0.0,0.0,0.0,0.0,0.12409513960703206
2025-06-05,Nacoes Shopping,Nacoes Shopping,TikTok Ads,27327,37,69.65,0.0,0.0,0.0,0.0,0.13539722618655542
2025-06-06,Nacoes Shopping,Nacoes Shopping,TikTok Ads,27096,38,79.51,0.0,0.0,0.0,0.0,0.1402421021552997
2025-06-07,Nacoes Shopping,Nacoes Shopping,TikTok Ads,30685,42,81.05,0.0,0.0,0.0,0.0,0.1368746944761284
2025-06-08,Nacoes Shopping,Nacoes Shopping,TikTok Ads,30089,32,79.44999999999999,0.0,0.0,0.0,0.0,0.1063511582305826
2025-06-09,Nacoes Shopping,Nacoes Shopping,TikTok Ads,26882,35,75.13,0.0,0.0,0.0,0.0,0.13019864593408229
2025-06-10,Nacoes Shopping,Nacoes Shopping,TikTok Ads,24673,33,74.24,0.0,0.0,0.0,0.0,0.13374944271065536
2025-06-11,Nacoes Shopping,Nacoes Shopping,TikTok Ads,25712,39,74.75999999999999,0.0,0.0,0.0,0.0,0.1516801493466086
2025-06-12,Nacoes Shopping,Nacoes Shopping,TikTok Ads,24008,39,67.84,0.0,0.0,0.0,0.0,0.16244585138287237
2025-06-13,Nacoes Shopping,Nacoes Shopping,TikTok Ads,24045,35,64.81,0.0,0.0,0.0,0.0,0.1455604075691412
2025-06-14,Nacoes Shopping,Nacoes Shopping,TikTok Ads,22802,43,57.81,0.0,0.0,0.0,0.0,0.18857994912726952
2025-06-15,Nacoes Shopping,Nacoes Shopping,TikTok Ads,12554,11,32.8,0.0,0.0,0.0,0.0,0.08762147522701928
2025-06-16,Nacoes Shopping,Nacoes Shopping,TikTok Ads,4880,0,9.82,0.0,0.0,0.0,0.0,0.0
2025-06-17,Nacoes Shopping,Nacoes Shopping,TikTok Ads,4498,0,9.45,0.0,0.0,0.0,0.0,0.0
2025-06-18,Nacoes Shopping,Nacoes Shopping,TikTok Ads,4195,0,9.44,0.0,0.0,0.0,0.0,0.0
2025-06-19,Nacoes Shopping,Nacoes Shopping,TikTok Ads,4592,0,10.13,0.0,0.0,0.0,0.0,0.0
2025-06-20,Nacoes Shopping,Nacoes Shopping,TikTok Ads,4016,0,8.74,0.0,0.0,0.0,0.0,0.0
2025-06-21,Nacoes Shopping,Nacoes Shopping,TikTok Ads,3819,0,8.32,0.0,0.0,0.0,0.0,0.0
2025-06-22,Nacoes Shopping,Nacoes Shopping,TikTok Ads,3925,0,8.13,0.0,0.0,0.0,0.0,0.0
2025-06-23,Nacoes Shopping,Nacoes Shopping,TikTok Ads,3387,0,7.51,0.0,0.0,0.0,0.0,0.0
2025-06-24,Nacoes Shopping,Nacoes Shopping,TikTok Ads,2885,0,6.99,0.0,0.0,0.0,0.0,0.0
2025-06-25,Nacoes Shopping,Nacoes Shopping,TikTok Ads,2578,0,6.51,0.0,0.0,0.0,0.0,0.0
2025-06-26,Nacoes Shopping,Nacoes Shopping,TikTok Ads,2201,0,5.74,0.0,0.0,0.0,0.0,0.0
2025-06-27,Nacoes Shopping,Nacoes Shopping,TikTok Ads,2976,0,7.88,0.0,0.0,0.0,0.0,0.0
2025-06-28,Nacoes Shopping,Nacoes Shopping,TikTok Ads,4810,0,13.35,0.0,0.0,0.0,0.0,0.0
2025-06-29,Nacoes Shopping,Nacoes Shopping,TikTok Ads,5137,0,13.13,0.0,0.0,0.0,0.0,0.0
2025-06-30,Nacoes Shopping,Nacoes Shopping,TikTok Ads,9925,0,23.3,0.0,0.0,0.0,0.0,0.0
2025-07-01,Nacoes Shopping,Nacoes Shopping,TikTok Ads,17020,0,28.21,0.0,0.0,0.0,0.0,0.0
2025-07-02,Nacoes Shopping,Nacoes Shopping,TikTok Ads,15002,0,26.800000000000004,0.0,0.0,0.0,0.0,0.0
2025-07-03,Nacoes Shopping,Nacoes Shopping,TikTok Ads,22404,0,45.12,0.0,0.0,0.0,0.0,0.0
2025-07-04,Nacoes Shopping,Nacoes Shopping,TikTok Ads,25075,0,50.63000000000001,0.0,0.0,0.0,0.0,0.0
2025-07-05,Nacoes Shopping,Nacoes Shopping,TikTok Ads,26491,0,50.28,0.0,0.0,0.0,0.0,0.0
2025-07-06,Nacoes Shopping,Nacoes Shopping,TikTok Ads,26683,0,50.519999999999996,0.0,0.0,0.0,0.0,0.0
2025-07-07,Nacoes Shopping,Nacoes Shopping,TikTok Ads,26090,0,49.919999999999995,0.0,0.0,0.0,0.0,0.0
2025-07-08,Nacoes Shopping,Nacoes Shopping,TikTok Ads,24874,0,48.17,0.0,0.0,0.0,0.0,0.0
2025-07-09,Nacoes Shopping,Nacoes Shopping,TikTok Ads,23185,0,47.55,0.0,0.0,0.0,0.0,0.0
2025-07-10,Nacoes Shopping,Nacoes Shopping,TikTok Ads,23108,0,48.0,0.0,0.0,0.0,0.0,0.0
2025-07-11,Nacoes Shopping,Nacoes Shopping,TikTok Ads,24119,0,48.75,0.0,0.0,0.0,0.0,0.0
2025-07-12,Nacoes Shopping,Nacoes Shopping,TikTok Ads,24686,0,47.25,0.0,0.0,0.0,0.0,0.0
2025-07-13,Nacoes Shopping,Nacoes Shopping,TikTok Ads,24549,0,46.25,0.0,0.0,0.0,0.0,0.0
2025-07-14,Nacoes Shopping,Nacoes Shopping,TikTok Ads,25784,0,48.1,0.0,0.0,0.0,0.0,0.0
2025-07-15,Nacoes Shopping,Nacoes Shopping,TikTok Ads,23089,0,46.36,0.0,0.0,0.0,0.0,0.0
2025-07-16,Nacoes Shopping,Nacoes Shopping,TikTok Ads,32724,0,72.87,0.0,0.0,0.0,0.0,0.0
2025-07-17,Nacoes Shopping,Nacoes Shopping,TikTok Ads,41912,0,95.21,0.0,0.0,0.0,0.0,0.0
2025-07-18,Nacoes Shopping,Nacoes Shopping,TikTok Ads,65910,0,155.6,0.0,0.0,0.0,0.0,0.0
2025-07-19,Nacoes Shopping,Nacoes Shopping,TikTok Ads,73411,0,178.23000000000002,0.0,0.0,0.0,0.0,0.0
2025-07-20,Nacoes Shopping,Nacoes Shopping,TikTok Ads,47937,0,111.34,0.0,0.0,0.0,0.0,0.0
2025-07-21,Nacoes Shopping,Nacoes Shopping,TikTok Ads,40398,0,91.42,0.0,0.0,0.0,0.0,0.0
2025-07-22,Nacoes Shopping,Nacoes Shopping,TikTok Ads,38106,0,85.96999999999998,0.0,0.0,0.0,0.0,0.0
2025-07-23,Nacoes Shopping,Nacoes Shopping,TikTok Ads,39206,0,88.03,0.0,0.0,0.0,0.0,0.0
2025-07-24,Nacoes Shopping,Nacoes Shopping,TikTok Ads,36813,0,80.26,0.0,0.0,0.0,0.0,0.0
2025-07-25,Nacoes Shopping,Nacoes Shopping,TikTok Ads,34404,0,79.91,0.0,0.0,0.0,0.0,0.0
2025-07-26,Nacoes Shopping,Nacoes Shopping,TikTok Ads,32185,0,77.43,0.0,0.0,0.0,0.0,0.0
2025-07-27,Nacoes Shopping,Nacoes Shopping,TikTok Ads,30954,0,70.8,0.0,0.0,0.0,0.0,0.0
2025-07-28,Nacoes Shopping,Nacoes Shopping,TikTok Ads,27894,0,59.58,0.0,0.0,0.0,0.0,0.0
2025-07-29,Nacoes Shopping,Nacoes Shopping,TikTok Ads,25839,0,54.230000000000004,0.0,0.0,0.0,0.0,0.0
2025-07-30,Nacoes Shopping,Nacoes Shopping,TikTok Ads,17610,0,38.62,0.0,0.0,0.0,0.0,0.0
2025-07-31,Nacoes Shopping,Nacoes Shopping,TikTok Ads,15120,0,33.19,0.0,0.0,0.0,0.0,0.0
2025-08-01,Nacoes Shopping,Nacoes Shopping,TikTok Ads,20947,0,40.269999999999996,0.0,0.0,0.0,0.0,0.0
2025-08-02,Nacoes Shopping,Nacoes Shopping,TikTok Ads,21205,0,40.26,0.0,0.0,0.0,0.0,0.0
2025-08-03,Nacoes Shopping,Nacoes Shopping,TikTok Ads,21071,0,38.95,0.0,0.0,0.0,0.0,0.0
2025-08-04,Nacoes Shopping,Nacoes Shopping,TikTok Ads,19472,0,37.41,0.0,0.0,0.0,0.0,0.0
2025-08-05,Nacoes Shopping,Nacoes Shopping,TikTok Ads,17605,0,35.980000000000004,0.0,0.0,0.0,0.0,0.0
2025-08-06,Nacoes Shopping,Nacoes Shopping,TikTok Ads,16804,0,37.26,0.0,0.0,0.0,0.0,0.0
2025-08-07,Nacoes Shopping,Nacoes Shopping,TikTok Ads,18197,0,37.44,0.0,0.0,0.0,0.0,0.0
2025-08-08,Nacoes Shopping,Nacoes Shopping,TikTok Ads,17109,0,37.269999999999996,0.0,0.0,0.0,0.0,0.0
2025-08-09,Nacoes Shopping,Nacoes Shopping,TikTok Ads,17390,0,37.57,0.0,0.0,0.0,0.0,0.0
2025-08-10,Nacoes Shopping,Nacoes Shopping,TikTok Ads,18072,0,37.09,0.0,0.0,0.0,0.0,0.0
2025-08-11,Nacoes Shopping,Nacoes Shopping,TikTok Ads,16940,0,34.59,0.0,0.0,0.0,0.0,0.0
2025-08-12,Nacoes Shopping,Nacoes Shopping,TikTok Ads,16686,0,35.32,0.0,0.0,0.0,0.0,0.0
2025-08-13,Nacoes Shopping,Nacoes Shopping,TikTok Ads,16950,0,35.269999999999996,0.0,0.0,0.0,0.0,0.0
2025-08-14,Nacoes Shopping,Nacoes Shopping,TikTok Ads,18134,0,34.89,0.0,0.0,0.0,0.0,0.0
2025-08-15,Nacoes Shopping,Nacoes Shopping,TikTok Ads,16791,0,34.75,0.0,0.0,0.0,0.0,0.0
2025-08-16,Nacoes Shopping,Nacoes Shopping,TikTok Ads,17279,0,35.97,0.0,0.0,0.0,0.0,0.0
2025-08-17,Nacoes Shopping,Nacoes Shopping,TikTok Ads,16561,0,33.37,0.0,0.0,0.0,0.0,0.0
2025-08-18,Nacoes Shopping,Nacoes Shopping,TikTok Ads,14995,0,32.09,0.0,0.0,0.0,0.0,0.0
2025-08-19,Nacoes Shopping,Nacoes Shopping,TikTok Ads,14522,0,32.88,0.0,0.0,0.0,0.0,0.0
2025-08-20,Nacoes Shopping,Nacoes Shopping,TikTok Ads,13772,0,32.31,0.0,0.0,0.0,0.0,0.0
2025-08-21,Nacoes Shopping,Nacoes Shopping,TikTok Ads,13859,0,30.41,0.0,0.0,0.0,0.0,0.0
2025-08-22,Nacoes Shopping,Nacoes Shopping,TikTok Ads,12505,0,28.96,0.0,0.0,0.0,0.0,0.0
2025-08-23,Nacoes Shopping,Nacoes Shopping,TikTok Ads,12960,0,29.35,0.0,0.0,0.0,0.0,0.0
2025-08-24,Nacoes Shopping,Nacoes Shopping,TikTok Ads,13012,0,27.39,0.0,0.0,0.0,0.0,0.0
2025-08-25,Nacoes Shopping,Nacoes Shopping,TikTok Ads,9838,0,22.79,0.0,0.0,0.0,0.0,0.0
2025-08-26,Nacoes Shopping,Nacoes Shopping,TikTok Ads,9640,0,22.59,0.0,0.0,0.0,0.0,0.0
2025-08-27,Nacoes Shopping,Nacoes Shopping,TikTok Ads,10539,0,25.59,0.0,0.0,0.0,0.0,0.0
2025-08-28,Nacoes Shopping,Nacoes Shopping,TikTok Ads,11318,0,25.42,0.0,0.0,0.0,0.0,0.0
2025-08-29,Nacoes Shopping,Nacoes Shopping,TikTok Ads,20818,0,46.12,0.0,0.0,0.0,0.0,0.0
2025-08-30,Nacoes Shopping,Nacoes Shopping,TikTok Ads,23691,0,53.24,0.0,0.0,0.0,0.0,0.0
2025-08-31,Nacoes Shopping,Nacoes Shopping,TikTok Ads,20752,0,45.57,0.0,0.0,0.0,0.0,0.0
2025-09-01,Nacoes Shopping,Nacoes Shopping,TikTok Ads,21227,0,42.03,0.0,0.0,0.0,0.0,0.0
2025-09-02,Nacoes Shopping,Nacoes Shopping,TikTok Ads,20001,0,41.98,0.0,0.0,0.0,0.0,0.0
2025-09-03,Nacoes Shopping,Nacoes Shopping,TikTok Ads,18475,0,42.37,0.0,0.0,0.0,0.0,0.0
2025-09-04,Nacoes Shopping,Nacoes Shopping,TikTok Ads,17421,0,43.13,0.0,0.0,0.0,0.0,0.0
2025-09-05,Nacoes Shopping,Nacoes Shopping,TikTok Ads,20232,0,44.79,0.0,0.0,0.0,0.0,0.0
2025-09-06,Nacoes Shopping,Nacoes Shopping,TikTok Ads,19322,0,41.96,0.0,0.0,0.0,0.0,0.0
2025-09-07,Nacoes Shopping,Nacoes Shopping,TikTok Ads,18881,0,42.0,0.0,0.0,0.0,0.0,0.0
2025-09-08,Nacoes Shopping,Nacoes Shopping,TikTok Ads,18198,0,40.89,0.0,0.0,0.0,0.0,0.0
2025-09-09,Nacoes Shopping,Nacoes Shopping,TikTok Ads,24327,0,56.68,0.0,0.0,0.0,0.0,0.0
2025-09-10,Nacoes Shopping,Nacoes Shopping,TikTok Ads,30245,0,76.72,0.0,0.0,0.0,0.0,0.0
2025-09-11,Nacoes Shopping,Nacoes Shopping,TikTok Ads,28863,0,77.44,0.0,0.0,0.0,0.0,0.0
2025-09-12,Nacoes Shopping,Nacoes Shopping,TikTok Ads,27360,0,76.17,0.0,0.0,0.0,0.0,0.0
2025-09-13,Nacoes Shopping,Nacoes Shopping,TikTok Ads,10275,0,30.17,0.0,0.0,0.0,0.0,0.0
2025-09-14,Nacoes Shopping,Nacoes Shopping,TikTok Ads,0,0,0.0,0.0,0.0,0.0,0.0,0.0
2025-09-15,Nacoes Shopping,Nacoes Shopping,TikTok Ads,0,0,0.0,0.0,0.0,0.0,0.0,0.0
2025-09-16,Nacoes Shopping,Nacoes Shopping,TikTok Ads,0,0,0.0,0.0,0.0,0.0,0.0,0.0
2025-09-17,Nacoes Shopping,Nacoes Shopping,TikTok Ads,0,0,0.0,0.0,0.0,0.0,0.0,0.0
2025-09-18,Nacoes Shopping,Nacoes Shopping,TikTok Ads,0,0,0.0,0.0,0.0,0.0,0.0,0.0
2025-09-26,Nacoes Shopping,Nacoes Shopping,TikTok Ads,8799,0,20.15,0.0,0.0,0.0,0.0,0.0
2025-09-27,Nacoes Shopping,Nacoes Shopping,TikTok Ads,17467,0,42.290000000000006,0.0,0.0,0.0,0.0,0.0
2025-09-28,Nacoes Shopping,Nacoes Shopping,TikTok Ads,18281,0,42.78,0.0,0.0,0.0,0.0,0.0
2025-09-29,Nacoes Shopping,Nacoes Shopping,TikTok Ads,17102,0,42.540000000000006,0.0,0.0,0.0,0.0,0.0
2025-09-30,Nacoes Shopping,Nacoes Shopping,TikTok Ads,16584,0,41.56,0.0,0.0,0.0,0.0,0.0
2025-10-01,Nacoes Shopping,Nacoes Shopping,TikTok Ads,19121,0,40.19,0.0,0.0,0.0,0.0,0.0
2025-10-02,Nacoes Shopping,Nacoes Shopping,TikTok Ads,18686,0,40.75,0.0,0.0,0.0,0.0,0.0
2025-10-03,Nacoes Shopping,Nacoes Shopping,TikTok Ads,19340,0,40.83,0.0,0.0,0.0,0.0,0.0
2025-10-04,Nacoes Shopping,Nacoes Shopping,TikTok Ads,19342,0,38.47,0.0,0.0,0.0,0.0,0.0
2025-10-05,Nacoes Shopping,Nacoes Shopping,TikTok Ads,19237,0,37.510000000000005,0.0,0.0,0.0,0.0,0.0
2025-10-06,Nacoes Shopping,Nacoes Shopping,TikTok Ads,17926,0,37.39,0.0,0.0,0.0,0.0,0.0
2025-10-07,Nacoes Shopping,Nacoes Shopping,TikTok Ads,17068,0,38.010000000000005,0.0,0.0,0.0,0.0,0.0
2025-10-08,Nacoes Shopping,Nacoes Shopping,TikTok Ads,15995,0,37.29,0.0,0.0,0.0,0.0,0.0
2025-10-09,Nacoes Shopping,Nacoes Shopping,TikTok Ads,15966,0,36.76,0.0,0.0,0.0,0.0,0.0
2025-10-10,Nacoes Shopping,Nacoes Shopping,TikTok Ads,17566,0,37.58,0.0,0.0,0.0,0.0,0.0
2025-10-11,Nacoes Shopping,Nacoes Shopping,TikTok Ads,17101,0,34.72,0.0,0.0,0.0,0.0,0.0
2025-10-12,Nacoes Shopping,Nacoes Shopping,TikTok Ads,17636,0,34.86,0.0,0.0,0.0,0.0,0.0
2025-10-13,Nacoes Shopping,Nacoes Shopping,TikTok Ads,16174,0,33.980000000000004,0.0,0.0,0.0,0.0,0.0
2025-10-14,Nacoes Shopping,Nacoes Shopping,TikTok Ads,15236,0,33.94,0.0,0.0,0.0,0.0,0.0
2025-10-15,Nacoes Shopping,Nacoes Shopping,TikTok Ads,13922,0,32.7,0.0,0.0,0.0,0.0,0.0
2025-10-16,Nacoes Shopping,Nacoes Shopping,TikTok Ads,13915,0,33.14,0.0,0.0,0.0,0.0,0.0
2025-10-17,Nacoes Shopping,Nacoes Shopping,TikTok Ads,14644,0,33.59,0.0,0.0,0.0,0.0,0.0
2025-10-18,Nacoes Shopping,Nacoes Shopping,TikTok Ads,14516,0,30.939999999999998,0.0,0.0,0.0,0.0,0.0
2025-10-19,Nacoes Shopping,Nacoes Shopping,TikTok Ads,13797,0,29.35,0.0,0.0,0.0,0.0,0.0
2025-10-20,Nacoes Shopping,Nacoes Shopping,TikTok Ads,12737,0,28.54,0.0,0.0,0.0,0.0,0.0
2025-10-21,Nacoes Shopping,Nacoes Shopping,TikTok Ads,11039,0,27.18,0.0,0.0,0.0,0.0,0.0
2025-10-22,Nacoes Shopping,Nacoes Shopping,TikTok Ads,9722,0,25.240000000000002,0.0,0.0,0.0,0.0,0.0
2025-10-23,Nacoes Shopping,Nacoes Shopping,TikTok Ads,8995,0,22.95,0.0,0.0,0.0,0.0,0.0
2025-10-24,Nacoes Shopping,Nacoes Shopping,TikTok Ads,5910,0,13.93,0.0,0.0,0.0,0.0,0.0
2025-10-25,Nacoes Shopping,Nacoes Shopping,TikTok Ads,4005,0,8.84,0.0,0.0,0.0,0.0,0.0
2025-10-26,Nacoes Shopping,Nacoes Shopping,TikTok Ads,825,0,1.63,0.0,0.0,0.0,0.0,0.0
2025-10-27,Nacoes Shopping,Nacoes Shopping,TikTok Ads,0,0,0.0,0.0,0.0,0.0,0.0,0.0
2025-10-30,Nacoes Shopping,Nacoes Shopping,TikTok Ads,13255,5,38.980000000000004,0.0,0.0,0.0,0.0,0.03772161448509996
2025-10-31,Nacoes Shopping,Nacoes Shopping,TikTok Ads,25618,9,77.64,0.0,0.0,0.0,0.0,0.03513154813022094
2025-11-01,Nacoes Shopping,Nacoes Shopping,TikTok Ads,28983,15,74.28,0.0,0.0,0.0,0.0,0.05175447676223993
2025-11-02,Nacoes Shopping,Nacoes Shopping,TikTok Ads,27761,21,68.81,0.0,0.0,0.0,0.0,0.07564568999675805
2025-11-03,Nacoes Shopping,Nacoes Shopping,TikTok Ads,25771,7,67.53,0.0,0.0,0.0,0.0,0.027162314229172323
2025-11-04,Nacoes Shopping,Nacoes Shopping,TikTok Ads,26857,10,69.31,0.0,0.0,0.0,0.0,0.037234240607662804
2025-11-05,Nacoes Shopping,Nacoes Shopping,TikTok Ads,25235,16,67.83,0.0,0.0,0.0,0.0,0.06340400237765009
2025-11-06,Nacoes Shopping,Nacoes Shopping,TikTok Ads,22915,11,65.24,0.0,0.0,0.0,0.0,0.048003491162993676
2025-11-07,Nacoes Shopping,Nacoes Shopping,TikTok Ads,20477,8,59.89999999999999,0.0,0.0,0.0,0.0,0.03906822288421156
2025-11-08,Nacoes Shopping,Nacoes Shopping,TikTok Ads,17885,15,46.160000000000004,0.0,0.0,0.0,0.0,0.08386916410399776
2025-11-09,Nacoes Shopping,Nacoes Shopping,TikTok Ads,15071,5,40.19,0.0,0.0,0.0,0.0,0.033176298852100064
2025-11-10,Nacoes Shopping,Nacoes Shopping,TikTok Ads,14680,9,41.48,0.0,0.0,0.0,0.0,0.06130790190735695
2025-11-11,Nacoes Shopping,Nacoes Shopping,TikTok Ads,19862,875,86.18,0.0,0.0,0.0,0.0,4.405397240962642
2025-11-12,Nacoes Shopping,Nacoes Shopping,TikTok Ads,18801,937,80.31,0.0,0.0,0.0,0.0,4.983777458645817
2025-11-13,Nacoes Shopping,Nacoes Shopping,TikTok Ads,18344,1227,87.77,0.0,0.0,0.0,0.0,6.688835586567815
2025-11-14,Nacoes Shopping,Nacoes Shopping,TikTok Ads,16957,1334,90.39,0.0,0.0,0.0,0.0,7.866957598631834
2025-11-15,Nacoes Shopping,Nacoes Shopping,TikTok Ads,16921,756,77.07,0.0,0.0,0.0,0.0,4.4678210507653215
2025-11-16,Nacoes Shopping,Nacoes Shopping,TikTok Ads,16845,1058,80.78999999999999,0.0,0.0,0.0,0.0,6.280795488275452
2025-11-17,Nacoes Shopping,Nacoes Shopping,TikTok Ads,16071,1037,77.22999999999999,0.0,0.0,0.0,0.0,6.452616514218157
2025-11-18,Nacoes Shopping,Nacoes Shopping,TikTok Ads,15100,624,73.93,0.0,0.0,0.0,0.0,4.1324503311258285
2025-11-19,Nacoes Shopping,Nacoes Shopping,TikTok Ads,14499,886,77.25,0.0,0.0,0.0,0.0,6.110766259742051
2025-11-20,Nacoes Shopping,Nacoes Shopping,TikTok Ads,15321,870,74.49000000000001,0.0,0.0,0.0,0.0,5.678480516937537
2025-11-21,Nacoes Shopping,Nacoes Shopping,TikTok Ads,15006,829,65.77,0.0,0.0,0.0,0.0,5.524456883913102
2025-11-22,Nacoes Shopping,Nacoes Shopping,TikTok Ads,14718,843,64.4,0.0,0.0,0.0,0.0,5.727680391357522
2025-11-23,Nacoes Shopping,Nacoes Shopping,TikTok Ads,16389,900,65.58,0.0,0.0,0.0,0.0,5.491488193300385
2025-11-24,Nacoes Shopping,Nacoes Shopping,TikTok Ads,12954,850,62.32,0.0,0.0,0.0,0.0,6.561679790026247
2025-11-25,Nacoes Shopping,Nacoes Shopping,TikTok Ads,29275,790,105.0,0.0,0.0,0.0,0.0,2.6985482493595216
2025-11-26,Nacoes Shopping,Nacoes Shopping,TikTok Ads,35751,811,120.58000000000001,0.0,0.0,0.0,0.0,2.268468014880703
2025-11-27,Nacoes Shopping,Nacoes Shopping,TikTok Ads,34901,696,131.9,0.0,0.0,0.0,0.0,1.9942122002234892
2025-11-28,Nacoes Shopping,Nacoes Shopping,TikTok Ads,30427,716,125.88,0.0,0.0,0.0,0.0,2.3531731685673907
2025-11-29,Nacoes Shopping,Nacoes Shopping,TikTok Ads,33029,884,128.63,0.0,0.0,0.0,0.0,2.676435859396288
2025-11-30,Nacoes Shopping,Nacoes Shopping,TikTok Ads,19422,1015,79.69000000000001,0.0,0.0,0.0,0.0,5.226032334466069
2025-12-01,Nacoes Shopping,Nacoes Shopping,TikTok Ads,19609,968,69.13,0.0,0.0,0.0,0.0,4.936508745983987
2025-12-02,Nacoes Shopping,Nacoes Shopping,TikTok Ads,19715,1040,72.75,0.0,0.0,0.0,0.0,5.275171189449657
2025-12-03,Nacoes Shopping,Nacoes Shopping,TikTok Ads,23820,1024,76.28999999999999,0.0,0.0,0.0,0.0,4.298908480268682
2025-12-04,Nacoes Shopping,Nacoes Shopping,TikTok Ads,29208,1037,91.14,0.0,0.0,0.0,0.0,3.5503971514653516
2025-12-05,Nacoes Shopping,Nacoes Shopping,TikTok Ads,27808,905,91.44,0.0,0.0,0.0,0.0,3.2544591484464904
2025-12-06,Nacoes Shopping,Nacoes Shopping,TikTok Ads,26033,1018,97.27,0.0,0.0,0.0,0.0,3.9104213882380057
2025-12-07,Nacoes Shopping,Nacoes Shopping,TikTok Ads,26315,848,94.33,0.0,0.0,0.0,0.0,3.2224966749002473
2025-12-08,Nacoes Shopping,Nacoes Shopping,TikTok Ads,29389,1057,99.44,0.0,0.0,0.0,0.0,3.5965837558270106
2025-12-09,Nacoes Shopping,Nacoes Shopping,TikTok Ads,30672,1027,94.18,0.0,0.0,0.0,0.0,3.3483307250912886
2025-12-10,Nacoes Shopping,Nacoes Shopping,TikTok Ads,30615,744,93.45,0.0,0.0,0.0,0.0,2.430181283684468
2025-12-11,Nacoes Shopping,Nacoes Shopping,TikTok Ads,28815,767,94.49,0.0,0.0,0.0,0.0,2.661808086066285
2025-12-12,Nacoes Shopping,Nacoes Shopping,TikTok Ads,29014,1258,101.73,0.0,0.0,0.0,0.0,4.335837871372441
2025-12-13,Nacoes Shopping,Nacoes Shopping,TikTok Ads,29979,937,92.53999999999999,0.0,0.0,0.0,0.0,3.1255211981720534
2025-12-13,GERAL,GERAL,Google Ads,276686,2287,1766.735467,7791.753443,5.0,0.0028300784658442588,0.226744272637016,0.8265687457984864
2025-12-14,GERAL,GERAL,Google Ads,303606,2774,1823.4503939999997,7537.6933500000005,6.0,0.0032904651641430947,0.24191092809579468,0.9136841827895364
2025-12-14,Nacoes Shopping,Nacoes Shopping,TikTok Ads,30583,1142,92.57000000000001,0.0,0.0,0.0,0.0,3.73410064414871
2025-12-15,Nacoes Shopping,Nacoes Shopping,TikTok Ads,30421,964,88.06,0.0,0.0,0.0,0.0,3.168863613950889
2025-12-15,GERAL,GERAL,Google Ads,275162,1891,1497.642103,6250.410014,9.0,0.006009446437150546,0.23960701772291765,0.6872315217944338
2025-12-16,Nacoes Shopping,Nacoes Shopping,TikTok Ads,28378,1030,84.94,0.0,0.0,0.0,0.0,3.6295722038198606
2025-12-16,GERAL,GERAL,Google Ads,218888,2047,1354.756694,6445.469745,12.0,0.008857679060119117,0.21018742583516695,0.9351814626658383
2025-12-17,GERAL,GERAL,Google Ads,198815,1638,1138.3053610000002,5854.3583340000005,9.0,0.007906490040680744,0.19443725444497195,0.8238814978749087
2025-12-17,Nacoes Shopping,Nacoes Shopping,TikTok Ads,28140,839,83.48,0.0,0.0,0.0,0.0,2.9815209665955935
2025-12-18,GERAL,GERAL,Google Ads,130210,1435,913.899902,4784.0416669999995,10.0,0.010942117378627315,0.19103092439683805,1.1020658935565624
2025-12-18,Nacoes Shopping,Nacoes Shopping,TikTok Ads,25010,838,80.14,0.0,0.0,0.0,0.0,3.350659736105558
2025-12-19,Nacoes Shopping,Nacoes Shopping,TikTok Ads,25731,996,83.03,0.0,0.0,0.0,0.0,3.870817302086977
2025-12-19,GERAL,GERAL,Google Ads,126111,1611,903.147636,5410.837662,10.0,0.01107238684063831,0.16691456894793827,1.277446059423841
2025-12-20,Nacoes Shopping,Nacoes Shopping,TikTok Ads,25104,858,82.64,0.0,0.0,0.0,0.0,3.4177820267686427
2025-12-20,GERAL,GERAL,Google Ads,139804,2139,943.3588809999999,6248.678242,12.0,0.012720503555634626,0.15096934815098773,1.5299991416554606
2025-12-21,Nacoes Shopping,Nacoes Shopping,TikTok Ads,27991,799,82.57,0.0,0.0,0.0,0.0,2.8544889428744953
2025-12-21,GERAL,GERAL,Google Ads,126134,2394,842.511051,5406.592812000001,22.0,0.026112417129588488,0.15583031315582635,1.8979815117256251
2025-12-22,Nacoes Shopping,Nacoes Shopping,TikTok Ads,26926,976,81.74,0.0,0.0,0.0,0.0,3.6247493129317387
2025-12-22,GERAL,GERAL,Google Ads,143444,2143,807.2515410000001,6289.949578,5.0,0.00619385624684735,0.12833990654288838,1.4939628008142551
2025-12-23,Nacoes Shopping,Nacoes Shopping,TikTok Ads,25875,779,81.88,0.0,0.0,0.0,0.0,3.010628019323671
2025-12-23,GERAL,GERAL,Google Ads,145409,2316,835.0695669999999,5568.548153,9.0,0.010777545195824387,0.14996181123981384,1.5927487294459075
2025-12-24,GERAL,GERAL,Google Ads,152515,2212,765.111141,4086.246491,12.0,0.015683995901975764,0.18724057461662313,1.4503491459856406
2025-12-24,Nacoes Shopping,Nacoes Shopping,TikTok Ads,30440,866,79.94999999999999,0.0,0.0,0.0,0.0,2.844940867279895
2025-12-25,GERAL,GERAL,Google Ads,145832,2550,779.226059,3368.9775769999997,12.0,0.015399895654670348,0.23129452220750119,1.7485874156563719
2025-12-25,Nacoes Shopping,Nacoes Shopping,TikTok Ads,30600,1062,78.99000000000001,0.0,0.0,0.0,0.0,3.4705882352941178
2025-12-26,Nacoes Shopping,Nacoes Shopping,TikTok Ads,30730,1008,74.82,0.0,0.0,0.0,0.0,3.2801822323462417
2025-12-26,GERAL,GERAL,Google Ads,164669,2559,790.5327799999999,6477.958639,10.0,0.012649696828511022,0.12203424320134808,1.5540265623766465
2025-12-27,GERAL,GERAL,Google Ads,161880,2602,777.5939910000001,5915.100001,10.0,0.012860181683168381,0.13145914538529205,1.607363479120336
2025-12-27,Nacoes Shopping,Nacoes Shopping,TikTok Ads,33573,1431,85.52,0.0,0.0,0.0,0.0,4.262353677061925
2025-12-28,GERAL,GERAL,Google Ads,167823,2676,822.326152,5747.143884,11.0,0.013376687550610698,0.14308431607034391,1.5945371015891743
2025-12-28,Nacoes Shopping,Nacoes Shopping,TikTok Ads,32098,1527,83.09,0.0,0.0,0.0,0.0,4.757305751137142
2025-12-29,GERAL,GERAL,Google Ads,161702,3175,813.1761250000001,6757.125168999999,15.0,0.01844618839491875,0.12034350476895837,1.9634883922276782
2025-12-29,Nacoes Shopping,Nacoes Shopping,TikTok Ads,33576,1579,79.37,0.0,0.0,0.0,0.0,4.7027638789611625
2025-12-30,GERAL,GERAL,Google Ads,176257,3027,738.3703449999999,6704.115073,10.0,0.013543339149136604,0.11013688413161281,1.7173786005662186
2025-12-30,Nacoes Shopping,Nacoes Shopping,TikTok Ads,29421,1634,73.63,0.0,0.0,0.0,0.0,5.553856089187995
2025-12-31,Nacoes Shopping,Nacoes Shopping,TikTok Ads,21654,1094,50.26,0.0,0.0,0.0,0.0,5.05218435392999
2025-12-31,GERAL,GERAL,Google Ads,151027,2352,622.133309,4273.719378,7.0,0.011251607812562885,0.14557186702584665,1.5573374297311076
2026-01-01,GERAL,GERAL,Google Ads,136922,2773,650.5454030000001,4066.975094,6.0,0.009223030356268614,0.15995804940132247,2.0252406479601524
2026-01-01,Nacoes Shopping,Nacoes Shopping,TikTok Ads,54,4,0.0,0.0,0.0,0.0,0.0,7.4074074074074066
2026-01-02,Nacoes Shopping,Nacoes Shopping,TikTok Ads,5,2,0.0,0.0,0.0,0.0,0.0,40.0
2026-01-02,GERAL,GERAL,Google Ads,609,13,6.021053,23.0,0.0,0.0,0.2617849130434783,2.134646962233169
2026-01-03,GERAL,GERAL,Google Ads,630,10,4.978249,22.0,0.0,0.0,0.22628404545454545,1.5873015873015872
2026-01-03,Nacoes Shopping,Nacoes Shopping,TikTok Ads,3,0,0.0,0.0,0.0,0.0,0.0,0.0
2026-01-04,Nacoes Shopping,Nacoes Shopping,TikTok Ads,6,0,0.0,0.0,0.0,0.0,0.0,0.0
2026-01-05,GERAL,GERAL,Google Ads,17,2,0.822178,0.0,0.0,0.0,0.0,11.76470588235294
2026-01-05,Nacoes Shopping,Nacoes Shopping,TikTok Ads,8,1,0.0,0.0,0.0,0.0,0.0,12.5
2026-01-06,Nacoes Shopping,Nacoes Shopping,TikTok Ads,0,0,0.0,0.0,0.0,0.0,0.0,0.0
2026-01-06,GERAL,GERAL,Google Ads,185243,1768,1023.364977,3939.636366,8.0,0.007817347847345767,0.25976127792704,0.9544220294424082
2026-01-07,Nacoes Shopping,Nacoes Shopping,TikTok Ads,2,0,0.0,0.0,0.0,0.0,0.0,0.0
2026-01-07,GERAL,GERAL,Google Ads,229373,1867,1020.5652309999999,5242.635283,5.0,0.004899245876817452,0.19466645606825442,0.8139580508603891
2026-01-08,Nacoes Shopping,Nacoes Shopping,TikTok Ads,0,0,0.0,0.0,0.0,0.0,0.0,0.0
2026-01-08,GERAL,GERAL,Google Ads,343665,4757,1603.3942450000002,6826.798325,12.0,0.007484123157745273,0.23486767422560417,1.3841968195772045
2026-01-09,Nacoes Shopping,Nacoes Shopping,TikTok Ads,0,0,0.0,0.0,0.0,0.0,0.0,0.0
2026-01-09,GERAL,GERAL,Google Ads,562187,11984,2809.25718,9227.423066,11.0,0.00391562583814416,0.304446556737079,2.1316750476265014
2026-01-10,Nacoes Shopping,Nacoes Shopping,TikTok Ads,0,0,0.0,0.0,0.0,0.0,0.0,0.0
2026-01-10,GERAL,GERAL,Google Ads,633037,15069,3000.1853689999994,10524.052213,7.0,0.0023331891663524746,0.28507891335753477,2.380429579945564
2026-01-11,Nacoes Shopping,Nacoes Shopping,TikTok Ads,0,0,0.0,0.0,0.0,0.0,0.0,0.0
2026-01-11,GERAL,GERAL,Google Ads,589993,14633,2449.230269,8142.841972,4.0,0.0016331661627035036,0.3007832249995678,2.4801989176142767
2026-01-12,GERAL,GERAL,Google Ads,445411,13329,2148.9615289999997,7129.578246,19.0,0.008841479823438943,0.30141495819975883,2.99251702360292
2026-01-12,Nacoes Shopping,Nacoes Shopping,TikTok Ads,0,0,0.0,0.0,0.0,0.0,0.0,0.0
2026-01-13,GERAL,GERAL,Google Ads,495532,14207,2270.9334720000006,7380.066760999999,14.0,0.006164865757899224,0.3077117789774966,2.8670196879313545
2026-01-13,Nacoes Shopping,Nacoes Shopping,TikTok Ads,0,0,0.0,0.0,0.0,0.0,0.0,0.0
2026-01-14,Nacoes Shopping,Nacoes Shopping,TikTok Ads,9413,0,11.98,0.0,0.0,0.0,0.0,0.0
2026-01-14,GERAL,GERAL,Google Ads,503858,13738,2137.3268890000004,6864.138458,13.0,0.006082363941101383,0.31137584156814224,2.7265618487748533
2026-01-15,GERAL,GERAL,Google Ads,507270,13219,2445.3353539999994,7013.690237000001,13.0,0.005316244243855971,0.3486517469933138,2.605910067616851
2026-01-15,Nacoes Shopping,Nacoes Shopping,TikTok Ads,21494,0,34.65,0.0,0.0,0.0,0.0,0.0
2026-01-16,GERAL,GERAL,Google Ads,521942,9887,2919.347996,7471.698887,7.0,0.002397795675469722,0.3907207771821975,1.8942717773239173
2026-01-16,Nacoes Shopping,Nacoes Shopping,TikTok Ads,20387,0,33.66,0.0,0.0,0.0,0.0,0.0
2026-01-17,GERAL,GERAL,Google Ads,555034,12578,3164.5798139999997,8729.909025,22.0,0.006951949798413269,0.3624986016392077,2.266167478028373
2026-01-17,Nacoes Shopping,Nacoes Shopping,TikTok Ads,20552,0,33.8,0.0,0.0,0.0,0.0,0.0
2026-01-18,Nacoes Shopping,Nacoes Shopping,TikTok Ads,20265,0,33.46,0.0,0.0,0.0,0.0,0.0
2026-01-18,GERAL,GERAL,Google Ads,366121,8039,3031.2296739999992,7448.177321,26.0,0.008577377103098393,0.40697603498959434,2.1957221792795276
2026-01-19,Nacoes Shopping,Nacoes Shopping,TikTok Ads,17300,0,31.47,0.0,0.0,0.0,0.0,0.0
2026-01-19,GERAL,GERAL,Google Ads,227570,5658,1143.3131899999998,6609.349732,19.0,0.016618368585426712,0.1729842172618745,2.4862679615063494
2026-01-20,GERAL,GERAL,Google Ads,250294,4629,1123.847211,5991.651933000001,9.0,0.008008206019385672,0.18756884137581958,1.849425076110494
2026-01-20,Nacoes Shopping,Nacoes Shopping,TikTok Ads,15140,0,30.59,0.0,0.0,0.0,0.0,0.0
2026-01-21,Nacoes Shopping,Nacoes Shopping,TikTok Ads,19038,0,33.739999999999995,0.0,0.0,0.0,0.0,0.0
2026-01-21,GERAL,GERAL,Google Ads,247465,4888,1214.4968039999999,6278.858703,14.0,0.011527407856398116,0.19342636320510298,1.9752288202372053
2026-01-22,Nacoes Shopping,Nacoes Shopping,TikTok Ads,19593,0,31.490000000000002,0.0,0.0,0.0,0.0,0.0
2026-01-22,GERAL,GERAL,Google Ads,244481,5124,1216.564015,5706.570174,8.0,0.006575897282314404,0.21318655127432765,2.09586839059068
2026-01-23,Nacoes Shopping,Nacoes Shopping,TikTok Ads,18274,0,30.4,0.0,0.0,0.0,0.0,0.0
2026-01-23,GERAL,GERAL,Google Ads,234361,4610,1266.257717,5894.4814320000005,11.0,0.008687015172599339,0.21482088485778097,1.967050831836355
2026-01-24,Nacoes Shopping,Nacoes Shopping,TikTok Ads,17731,0,30.78,0.0,0.0,0.0,0.0,0.0
2026-01-24,GERAL,GERAL,Google Ads,222947,5503,1272.3305489999998,6324.687046999999,15.0,0.011789389173897767,0.20116893366344613,2.468299640721786
2026-01-25,Nacoes Shopping,Nacoes Shopping,TikTok Ads,18244,0,28.72,0.0,0.0,0.0,0.0,0.0
2026-01-25,GERAL,GERAL,Google Ads,212033,5234,1177.231927,5130.936495,5.0,0.0042472514424084255,0.2294380232823365,2.468483679427259
2026-01-26,GERAL,GERAL,Google Ads,242934,3932,1191.088054,5245.304063,9.0,0.007556116417905069,0.22707702731703394,1.6185466011344647
2026-01-26,Nacoes Shopping,Nacoes Shopping,TikTok Ads,14688,0,28.46,0.0,0.0,0.0,0.0,0.0
2026-01-27,Nacoes Shopping,Nacoes Shopping,TikTok Ads,14869,0,26.41,0.0,0.0,0.0,0.0,0.0
2026-01-27,GERAL,GERAL,Google Ads,180186,4484,1009.522607,5419.856266,8.0,0.007924537741431679,0.18626372314206313,2.4885396201702688
2026-01-28,GERAL,GERAL,Google Ads,151654,4100,982.878252,4568.932697,11.0,0.011191620099047629,0.21512206836519307,2.703522491988342
2026-01-28,Nacoes Shopping,Nacoes Shopping,TikTok Ads,19483,0,30.18,0.0,0.0,0.0,0.0,0.0
2026-01-29,Nacoes Shopping,Nacoes Shopping,TikTok Ads,31480,0,52.06999999999999,0.0,0.0,0.0,0.0,0.0
2026-01-29,GERAL,GERAL,Google Ads,144415,4590,981.891882,5468.163813,11.0,0.011202862760810563,0.17956519145707606,3.1783402001177166
2026-01-30,GERAL,GERAL,Google Ads,141425,3586,966.1168700000001,4755.561738,6.0,0.0062104287652072565,0.20315515247759358,2.5356195863531905
2026-01-30,Nacoes Shopping,Nacoes Shopping,TikTok Ads,52380,0,97.27999999999999,0.0,0.0,0.0,0.0,0.0
2026-01-31,GERAL,GERAL,Google Ads,132304,5190,994.614533,5061.204321,15.0,0.015081219409449348,0.19651736423150026,3.922783891643488
2026-01-31,Nacoes Shopping,Nacoes Shopping,TikTok Ads,47769,0,92.02999999999999,0.0,0.0,0.0,0.0,0.0
2026-02-01,GERAL,GERAL,Google Ads,126484,4847,895.290631,4212.816458,6.0,0.006701734377917332,0.2125159355803105,3.832105246513393
2026-02-01,Nacoes Shopping,Nacoes Shopping,TikTok Ads,50195,0,84.8,0.0,0.0,0.0,0.0,0.0
2026-02-02,Nacoes Shopping,Nacoes Shopping,TikTok Ads,45254,0,82.53999999999999,0.0,0.0,0.0,0.0,0.0
2026-02-02,GERAL,GERAL,Google Ads,188433,4755,1467.6179279999997,4709.559353,8.0,0.005451009998836701,0.3116253173590697,2.5234433459107484
2026-02-03,Nacoes Shopping,Nacoes Shopping,TikTok Ads,40649,0,82.03,0.0,0.0,0.0,0.0,0.0
2026-02-03,GERAL,GERAL,Google Ads,574901,8872,6910.471547,8687.417472000001,7.0,0.0010129554766836232,0.7954575187934515,1.5432222243481921
2026-02-04,Nacoes Shopping,Nacoes Shopping,TikTok Ads,39335,0,81.69,0.0,0.0,0.0,0.0,0.0
2026-02-04,GERAL,GERAL,Google Ads,529988,9855,7777.871197000001,8772.602809,6.0,0.0007714193058782276,0.8866092955924686,1.8594760636089873
2026-02-05,GERAL,GERAL,Google Ads,377631,3398,4686.870352,7200.542294999999,4.0,0.0008534479726526047,0.6509051901902619,0.8998201948462916
2026-02-05,Nacoes Shopping,Nacoes Shopping,TikTok Ads,42084,0,83.03999999999999,0.0,0.0,0.0,0.0,0.0
2026-02-06,GERAL,GERAL,Google Ads,715,32,7.184525,27.333334,0.0,0.0,0.2628484691988178,4.475524475524476
2026-02-06,Nacoes Shopping,Nacoes Shopping,TikTok Ads,43683,0,79.32,0.0,0.0,0.0,0.0,0.0
2026-02-07,Nacoes Shopping,Nacoes Shopping,TikTok Ads,32928,0,63.57000000000001,0.0,0.0,0.0,0.0,0.0
2026-02-07,GERAL,GERAL,Google Ads,1282300,17102,11396.384164,17957.396208000002,7.0,0.0006142299082995357,0.6346345557003927,1.3336972627310302
2026-02-08,Nacoes Shopping,Nacoes Shopping,TikTok Ads,16942,0,31.43,0.0,0.0,0.0,0.0,0.0
2026-02-08,GERAL,GERAL,Google Ads,986492,16279,9163.022110999998,15377.354175000002,13.0,0.001418745894369697,0.5958776787424809,1.6501907770159312
2026-02-09,Nacoes Shopping,Nacoes Shopping,TikTok Ads,9109,0,18.45,0.0,0.0,0.0,0.0,0.0
2026-02-09,GERAL,GERAL,Google Ads,204568,4285,1616.43303,4497.756375999999,6.0,0.0037118766374131815,0.35938652405125293,2.094658011028118
2026-02-10,GERAL,GERAL,Google Ads,58718,3418,514.608951,2866.2348620000002,6.0,0.011659338587758066,0.1795417946458569,5.821042951054191
2026-02-10,Nacoes Shopping,Nacoes Shopping,TikTok Ads,11900,0,19.58,0.0,0.0,0.0,0.0,0.0
2026-02-11,GERAL,GERAL,Google Ads,61133,3085,467.5206219999999,2671.945921,1.0,0.0021389430817449592,0.17497383398576646,5.0463742986602975
2026-02-11,BS,BS,Meta Ads,175998,140,220.12,0.0,0.0,0.0,0.0,0.07954635848134638
2026-02-11,CS,CS,Meta Ads,271630,474,346.19,0.0,0.0,0.0,0.0,0.17450208003534218
2026-02-11,GS,GS,Meta Ads,94056,118,128.67000000000002,0.0,0.0,0.0,0.0,0.12545717444926427
2026-02-11,NR,NR,Meta Ads,180649,272,248.77999999999997,0.0,0.0,0.0,0.0,0.1505682289965624
2026-02-11,NS,NS,Meta Ads,155349,269,213.64000000000001,0.0,0.0,0.0,0.0,0.17315850118121134
2026-02-11,NK,NK,Meta Ads,149245,154,226.67000000000004,0.0,0.0,0.0,0.0,0.10318603638312843
2026-02-11,Nacoes Shopping,Nacoes Shopping,TikTok Ads,12188,0,18.44,0.0,0.0,0.0,0.0,0.0
2026-02-12,GERAL,GERAL,Google Ads,59913,3025,547.599542,2888.8305920000003,4.0,0.0073046080086020225,0.18955751282766808,5.04898769882997
2026-02-12,BS,BS,Meta Ads,254466,910,445.25,0.0,0.0,0.0,0.0,0.3576116259146605
2026-02-12,CS,CS,Meta Ads,236910,503,309.09999999999997,0.0,0.0,0.0,0.0,0.2123169135958803
2026-02-12,GS,GS,Meta Ads,65550,62,86.78999999999999,0.0,0.0,0.0,0.0,0.09458428680396644
2026-02-12,NK,NK,Meta Ads,164311,179,249.92000000000002,0.0,0.0,0.0,0.0,0.10893975448996111
2026-02-12,NR,NR,Meta Ads,218188,355,301.42,0.0,0.0,0.0,0.0,0.16270372339450384
2026-02-12,NS,NS,Meta Ads,156957,255,216.19,0.0,0.0,0.0,0.0,0.16246487891588143
2026-02-12,Nacoes Shopping,Nacoes Shopping,TikTok Ads,11286,0,18.0,0.0,0.0,0.0,0.0,0.0
2026-02-13,Nacoes Shopping,Nacoes Shopping,TikTok Ads,10651,0,18.12,0.0,0.0,0.0,0.0,0.0
2026-02-13,GERAL,GERAL,Google Ads,97684,3417,718.034024,3645.343911,1.0,0.0013926916644273113,0.1969729171048301,3.4980140043405266
2026-02-13,BS,BS,Meta Ads,300613,1259,537.99,0.0,0.0,0.0,0.0,0.4188108964016859
2026-02-13,CS,CS,Meta Ads,255834,614,385.43000000000006,0.0,0.0,0.0,0.0,0.2399993745944636
2026-02-13,GS,GS,Meta Ads,67241,88,87.27,0.0,0.0,0.0,0.0,0.13087253312710995
2026-02-13,NR,NR,Meta Ads,244211,352,332.53,0.0,0.0,0.0,0.0,0.14413765145714158
2026-02-13,NS,NS,Meta Ads,163923,242,220.95000000000002,0.0,0.0,0.0,0.0,0.14763028983120124
2026-02-13,NK,NK,Meta Ads,172273,209,263.04999999999995,0.0,0.0,0.0,0.0,0.12131906915186941
2026-02-14,GS,GS,Meta Ads,75847,81,93.83000000000001,0.0,0.0,0.0,0.0,0.10679394043271323
2026-02-14,Nacoes Shopping,Nacoes Shopping,TikTok Ads,10271,0,18.04,0.0,0.0,0.0,0.0,0.0
2026-02-14,GERAL,GERAL,Google Ads,103054,4873,693.343873,5273.2501919999995,4.0,0.005769143069935227,0.13148321201445473,4.7285888951423525
2026-02-14,NS,NS,Meta Ads,178333,322,227.32999999999998,0.0,0.0,0.0,0.0,0.18056108516090685
2026-02-14,NR,NR,Meta Ads,245187,385,317.90999999999997,0.0,0.0,0.0,0.0,0.1570230069294049
2026-02-14,NK,NK,Meta Ads,162986,188,237.82999999999998,0.0,0.0,0.0,0.0,0.11534733044555974
2026-02-14,CS,CS,Meta Ads,282153,753,395.85,0.0,0.0,0.0,0.0,0.26687648190875163
2026-02-14,BS,BS,Meta Ads,343768,896,550.38,0.0,0.0,0.0,0.0,0.2606408973493751
2026-02-15,Nacoes Shopping,Nacoes Shopping,TikTok Ads,8968,0,16.9,0.0,0.0,0.0,0.0,0.0
2026-02-15,GERAL,GERAL,Google Ads,96372,4507,590.888508,4442.366582000001,8.0,0.013538933134912145,0.1330120999906261,4.676669572074877
2026-02-15,NR,NR,Meta Ads,250208,360,302.84000000000003,0.0,0.0,0.0,0.0,0.14388029159739096
2026-02-15,NK,NK,Meta Ads,177400,190,236.88000000000002,0.0,0.0,0.0,0.0,0.10710259301014656
2026-02-15,NS,NS,Meta Ads,187798,308,225.63,0.0,0.0,0.0,0.0,0.16400600645374286
2026-02-15,GS,GS,Meta Ads,85304,106,98.9,0.0,0.0,0.0,0.0,0.12426146487855201
2026-02-15,CS,CS,Meta Ads,456993,1125,688.1199999999999,0.0,0.0,0.0,0.0,0.246174449061583
2026-02-15,BS,BS,Meta Ads,373437,1071,584.52,0.0,0.0,0.0,0.0,0.28679536307328946
2026-02-16,Nacoes Shopping,Nacoes Shopping,TikTok Ads,8598,0,16.27,0.0,0.0,0.0,0.0,0.0
2026-02-16,CS,CS,Meta Ads,402656,974,641.5699999999999,0.0,0.0,0.0,0.0,0.24189382500198678
2026-02-16,GERAL,GERAL,Google Ads,95031,4559,586.991626,4364.469656,6.0,0.010221610895689336,0.13449323108319486,4.7973819069566765
2026-02-16,BS,BS,Meta Ads,376045,1100,556.8,0.0,0.0,0.0,0.0,0.2925181826643088
2026-02-16,NR,NR,Meta Ads,210160,289,238.99,0.0,0.0,0.0,0.0,0.1375142748382185
2026-02-16,NK,NK,Meta Ads,168245,230,217.55,0.0,0.0,0.0,0.0,0.1367053998632946
2026-02-16,GS,GS,Meta Ads,81019,90,88.89999999999999,0.0,0.0,0.0,0.0,0.11108505412310693
2026-02-16,NS,NS,Meta Ads,180188,280,206.0,0.0,0.0,0.0,0.0,0.15539325593269251
2026-02-17,GS,GS,Meta Ads,81966,92,85.82,0.0,0.0,0.0,0.0,0.1122416611765854
2026-02-17,NK,NK,Meta Ads,167519,214,203.61,0.0,0.0,0.0,0.0,0.12774670335902197
2026-02-17,NR,NR,Meta Ads,211280,265,229.66000000000003,0.0,0.0,0.0,0.0,0.12542597500946612
2026-02-17,BS,BS,Meta Ads,244045,433,303.67999999999995,0.0,0.0,0.0,0.0,0.17742629433096355
2026-02-17,NS,NS,Meta Ads,182311,258,199.99999999999997,0.0,0.0,0.0,0.0,0.1415164197442831
2026-02-17,GERAL,GERAL,Google Ads,105149,4359,509.614863,3706.373579,3.0,0.00588679847824611,0.13749689612710247,4.145545844468326
2026-02-17,Nacoes Shopping,Nacoes Shopping,TikTok Ads,11534,0,17.24,0.0,0.0,0.0,0.0,0.0
2026-02-17,CS,CS,Meta Ads,137298,210,149.79000000000002,0.0,0.0,0.0,0.0,0.15295197308045275
2026-02-18,GERAL,GERAL,Google Ads,93739,2422,429.65646499999997,2574.442003,1.0,0.002327440831130052,0.16689304497802662,2.5837698289932685
2026-02-18,GS,GS,Meta Ads,75984,78,80.74999999999999,0.0,0.0,0.0,0.0,0.10265319014529375
2026-02-18,NS,NS,Meta Ads,172711,257,192.18,0.0,0.0,0.0,0.0,0.14880349253956032
2026-02-18,NR,NR,Meta Ads,199598,316,218.76000000000002,0.0,0.0,0.0,0.0,0.1583182196214391
2026-02-18,NK,NK,Meta Ads,161684,171,204.0,0.0,0.0,0.0,0.0,0.10576185646075059
2026-02-18,BS,BS,Meta Ads,72410,42,71.28999999999999,0.0,0.0,0.0,0.0,0.058003038254384756
2026-02-18,CS,CS,Meta Ads,38944,42,40.88,0.0,0.0,0.0,0.0,0.10784716516023006
2026-02-18,Nacoes Shopping,Nacoes Shopping,TikTok Ads,11417,0,15.84,0.0,0.0,0.0,0.0,0.0
2026-02-19,Nacoes Shopping,Nacoes Shopping,TikTok Ads,10159,0,15.54,0.0,0.0,0.0,0.0,0.0
2026-02-19,GERAL,GERAL,Google Ads,77890,1999,469.411167,2043.4657929999998,2.0,0.004260657054202547,0.22971324922980985,2.5664398510720243
2026-02-19,CS,CS,Meta Ads,81955,113,96.32,0.0,0.0,0.0,0.0,0.13788054420108597
2026-02-19,NS,NS,Meta Ads,165198,219,201.20000000000002,0.0,0.0,0.0,0.0,0.13256819089819488
2026-02-19,NR,NR,Meta Ads,152399,183,180.85,0.0,0.0,0.0,0.0,0.12007952808089292
2026-02-19,NK,NK,Meta Ads,171488,256,237.51999999999998,0.0,0.0,0.0,0.0,0.1492815823847733
2026-02-19,GS,GS,Meta Ads,41571,38,47.96,0.0,0.0,0.0,0.0,0.09140987707777055
2026-02-19,BS,BS,Meta Ads,44269,19,46.71,0.0,0.0,0.0,0.0,0.04291942442792925
2026-02-20,GS,GS,Meta Ads,33145,36,39.74,0.0,0.0,0.0,0.0,0.10861366721979183
2026-02-20,BS,BS,Meta Ads,40508,20,44.61,0.0,0.0,0.0,0.0,0.04937296336526119
2026-02-20,GERAL,GERAL,Google Ads,115545,2942,676.7428439999999,3090.446329,0.0,0.0,0.21897899913342903,2.546194123501666
2026-02-20,Nacoes Shopping,Nacoes Shopping,TikTok Ads,8981,0,15.15,0.0,0.0,0.0,0.0,0.0
2026-02-20,CS,CS,Meta Ads,230399,938,365.93,0.0,0.0,0.0,0.0,0.40711982256867435
2026-02-20,NS,NS,Meta Ads,168260,244,210.2,0.0,0.0,0.0,0.0,0.14501366932128848
2026-02-20,NR,NR,Meta Ads,187121,242,230.92,0.0,0.0,0.0,0.0,0.1293280818294045
2026-02-20,NK,NK,Meta Ads,190532,235,262.42,0.0,0.0,0.0,0.0,0.12333886171351793
2026-02-21,Nacoes Shopping,Nacoes Shopping,TikTok Ads,8479,0,14.61,0.0,0.0,0.0,0.0,0.0
2026-02-21,NR,NR,Meta Ads,213581,285,256.23,0.0,0.0,0.0,0.0,0.13343883585150365
2026-02-21,GERAL,GERAL,Google Ads,109841,4134,718.574974,3690.487728,0.0,0.0,0.19471002939479223,3.763621962655111
2026-02-21,BS,BS,Meta Ads,46310,20,49.68,0.0,0.0,0.0,0.0,0.04318721658389117
2026-02-21,NS,NS,Meta Ads,169445,270,208.69,0.0,0.0,0.0,0.0,0.15934373985659062
2026-02-21,NK,NK,Meta Ads,223476,307,318.79999999999995,0.0,0.0,0.0,0.0,0.13737493064132167
2026-02-21,GS,GS,Meta Ads,35473,42,41.42,0.0,0.0,0.0,0.0,0.11839990979054492
2026-02-21,CS,CS,Meta Ads,404433,3979,953.99,0.0,0.0,0.0,0.0,0.9838465209317736
2026-02-22,CS,CS,Meta Ads,168021,1856,409.4,0.0,0.0,0.0,0.0,1.1046238267835569
2026-02-22,GERAL,GERAL,Google Ads,106725,3153,630.130904,3087.0721799999997,0.0,0.0,0.20411926487575682,2.9543218552354182
2026-02-22,Nacoes Shopping,Nacoes Shopping,TikTok Ads,7699,0,13.25,0.0,0.0,0.0,0.0,0.0
2026-02-22,BS,BS,Meta Ads,50161,26,50.85,0.0,0.0,0.0,0.0,0.05183309742628735
2026-02-22,NR,NR,Meta Ads,220221,255,250.28000000000003,0.0,0.0,0.0,0.0,0.11579277180650348
2026-02-22,NS,NS,Meta Ads,172623,265,201.89999999999998,0.0,0.0,0.0,0.0,0.15351372644433245
2026-02-22,NK,NK,Meta Ads,167394,209,194.27999999999997,0.0,0.0,0.0,0.0,0.12485513220306584
2026-02-22,GS,GS,Meta Ads,40232,41,45.0,0.0,0.0,0.0,0.0,0.1019089282163452
2026-02-23,NR,NR,Meta Ads,199334,211,236.23999999999998,0.0,0.0,0.0,0.0,0.10585248878766292
2026-02-23,NK,NK,Meta Ads,67753,81,84.52,0.0,0.0,0.0,0.0,0.11955190176080764
2026-02-23,GS,GS,Meta Ads,90804,135,113.16,0.0,0.0,0.0,0.0,0.14867186467556495
2026-02-23,BS,BS,Meta Ads,50570,41,53.31999999999999,0.0,0.0,0.0,0.0,0.08107573660272889
2026-02-23,GERAL,GERAL,Google Ads,42991,2009,349.981427,1786.4274540000001,0.0,0.0,0.1959113571706226,4.673071107906306
2026-02-23,NS,NS,Meta Ads,131221,165,156.60999999999999,0.0,0.0,0.0,0.0,0.12574206872375612
2026-02-23,Nacoes Shopping,Nacoes Shopping,TikTok Ads,5650,0,12.04,0.0,0.0,0.0,0.0,0.0
2026-02-24,Nacoes Shopping,Nacoes Shopping,TikTok Ads,6869,0,11.38,0.0,0.0,0.0,0.0,0.0
2026-02-24,NK,NK,Meta Ads,61690,58,69.91,0.0,0.0,0.0,0.0,0.09401847949424542
2026-02-24,GERAL,GERAL,Google Ads,48733,2369,413.77025,2075.116252,0.0,0.0,0.19939617821469408,4.861182361028462
2026-02-24,BS,BS,Meta Ads,93952,97,105.57000000000001,0.0,0.0,0.0,0.0,0.10324420980926431
2026-02-24,GS,GS,Meta Ads,126302,186,157.87,0.0,0.0,0.0,0.0,0.1472660765466897
2026-02-24,NR,NR,Meta Ads,207290,233,270.16,0.0,0.0,0.0,0.0,0.1124029137922717
2026-02-24,NS,NS,Meta Ads,97983,134,122.03999999999999,0.0,0.0,0.0,0.0,0.13675841727646632
2026-02-25,BS,BS,Meta Ads,89942,65,106.19999999999999,0.0,0.0,0.0,0.0,0.07226879544595405
2026-02-25,Nacoes Shopping,Nacoes Shopping,TikTok Ads,2044,0,3.25,0.0,0.0,0.0,0.0,0.0
2026-02-25,GERAL,GERAL,Google Ads,26789,2307,375.476434,1580.780524,0.0,0.0,0.2375259742256288,8.611743626115196
2026-02-25,NK,NK,Meta Ads,58664,44,70.33,0.0,0.0,0.0,0.0,0.07500340924587481
2026-02-25,NR,NR,Meta Ads,219174,217,297.75000000000006,0.0,0.0,0.0,0.0,0.09900809402575123
2026-02-25,NS,NS,Meta Ads,71796,90,91.66000000000001,0.0,0.0,0.0,0.0,0.12535517299013874
2026-02-25,GS,GS,Meta Ads,120489,194,157.69,0.0,0.0,0.0,0.0,0.16101054868079245
2026-02-26,NK,NK,Meta Ads,65783,91,87.71000000000001,0.0,0.0,0.0,0.0,0.1383336120274235
2026-02-26,GERAL,GERAL,Google Ads,35282,2223,436.39123800000004,1445.993463,0.0,0.0,0.301793368480809,6.3006632277081795
2026-02-26,BS,BS,Meta Ads,87450,77,106.57000000000001,0.0,0.0,0.0,0.0,0.0880503144654088
2026-02-26,GS,GS,Meta Ads,111982,147,154.07999999999998,0.0,0.0,0.0,0.0,0.1312710971406119
2026-02-26,NS,NS,Meta Ads,67201,100,94.37,0.0,0.0,0.0,0.0,0.14880730941503847
2026-02-26,NR,NR,Meta Ads,204644,222,285.63,0.0,0.0,0.0,0.0,0.10848106956470749
2026-02-27,Nacoes Shopping,Nacoes Shopping,TikTok Ads,0,0,0.0,0.0,0.0,0.0,0.0,0.0
2026-02-27,NS,NS,Meta Ads,81058,127,110.34,0.0,0.0,0.0,0.0,0.15667793431863603
2026-02-27,NR,NR,Meta Ads,241843,217,357.48,0.0,0.0,0.0,0.0,0.08972763321659093
2026-02-27,NK,NK,Meta Ads,111080,211,163.31,0.0,0.0,0.0,0.0,0.18995318689232984
2026-02-27,GS,GS,Meta Ads,224472,545,440.72999999999996,0.0,0.0,0.0,0.0,0.24279197405467054
2026-02-27,BS,BS,Meta Ads,87693,77,111.82,0.0,0.0,0.0,0.0,0.08780632433603594
2026-02-27,GERAL,GERAL,Google Ads,42381,2354,548.567769,1564.829323,1.0,0.0018229288275957752,0.3505607678339755,5.554375781600245
2026-02-28,GERAL,GERAL,Google Ads,49765,3868,636.1439389999999,2322.9993940000004,0.0,0.0,0.2738459341156418,7.772530895207474
2026-02-28,NS,NS,Meta Ads,101473,134,129.87,0.0,0.0,0.0,0.0,0.13205483231992746
2026-02-28,NK,NK,Meta Ads,139540,237,189.54000000000002,0.0,0.0,0.0,0.0,0.16984377239501217
2026-02-28,GS,GS,Meta Ads,487034,969,893.8199999999999,0.0,0.0,0.0,0.0,0.19895941556441646
2026-02-28,BS,BS,Meta Ads,98142,100,120.59,0.0,0.0,0.0,0.0,0.10189317519512543
2026-02-28,NR,NR,Meta Ads,206422,226,291.0,0.0,0.0,0.0,0.0,0.10948445417639592
2026-03-01,NS,NS,Meta Ads,124194,154,133.7,0.0,0.0,0.0,0.0,0.12399954909254876
2026-03-01,NR,NR,Meta Ads,232071,241,277.46999999999997,0.0,0.0,0.0,0.0,0.10384752941987581
2026-03-01,NK,NK,Meta Ads,188556,263,207.20999999999998,0.0,0.0,0.0,0.0,0.13948110906043829
2026-03-01,GS,GS,Meta Ads,105681,144,124.57,0.0,0.0,0.0,0.0,0.1362591194254407
2026-03-01,BS,BS,Meta Ads,139010,133,134.81,0.0,0.0,0.0,0.0,0.09567657003093302
2026-03-01,GERAL,GERAL,Google Ads,40429,3748,529.978316,2157.032107,0.0,0.0,0.2456979264611382,9.270573103465335
2026-03-02,NS,NS,Meta Ads,104848,99,114.0,0.0,0.0,0.0,0.0,0.09442240195330383
2026-03-02,NR,NR,Meta Ads,226977,232,274.65999999999997,0.0,0.0,0.0,0.0,0.10221299955502099
2026-03-02,NK,NK,Meta Ads,155429,167,166.62,0.0,0.0,0.0,0.0,0.1074445566786121
2026-03-02,GS,GS,Meta Ads,69006,56,74.89,0.0,0.0,0.0,0.0,0.08115236356258876
2026-03-02,BS,BS,Meta Ads,111695,88,103.77999999999999,0.0,0.0,0.0,0.0,0.07878597967679843
2026-03-02,Nacoes Shopping,Nacoes Shopping,TikTok Ads,0,0,0.0,0.0,0.0,0.0,0.0,0.0
2026-03-02,GERAL,GERAL,Google Ads,43884,2331,384.77102,1301.8878750000001,0.0,0.0,0.29554850873774363,5.311730926989335
2026-03-03,NS,NS,Meta Ads,276702,284,398.49,0.0,0.0,0.0,0.0,0.10263749448865567
2026-03-03,NR,NR,Meta Ads,256476,292,329.52000000000004,0.0,0.0,0.0,0.0,0.11385080865266145
2026-03-03,NK,NK,Meta Ads,156628,181,171.44,0.0,0.0,0.0,0.0,0.11556043619276248
2026-03-03,GS,GS,Meta Ads,50079,47,56.38,0.0,0.0,0.0,0.0,0.09385171429141956
2026-03-03,Nacoes Shopping,Nacoes Shopping,TikTok Ads,0,0,0.0,0.0,0.0,0.0,0.0,0.0
2026-03-03,BS,BS,Meta Ads,179238,167,208.04999999999998,0.0,0.0,0.0,0.0,0.09317220678650733
2026-03-03,GERAL,GERAL,Google Ads,41592,2517,467.777026,1502.635155,0.0,0.0,0.3113044603298929,6.051644547028275
2026-03-04,NR,NR,Meta Ads,264035,294,350.17,0.0,0.0,0.0,0.0,0.11134887420228379
2026-03-04,GERAL,GERAL,Google Ads,45842,2765,473.52285800000004,1454.304694,0.0,0.0,0.3256008592653281,6.031586754504603
2026-03-04,BS,BS,Meta Ads,212906,178,256.47,0.0,0.0,0.0,0.0,0.08360497120795092
2026-03-04,GS,GS,Meta Ads,35772,32,41.57,0.0,0.0,0.0,0.0,0.08945544000894555
2026-03-04,NK,NK,Meta Ads,152214,179,175.28,0.0,0.0,0.0,0.0,0.11759759286268016
2026-03-04,Nacoes Shopping,Nacoes Shopping,TikTok Ads,0,0,0.0,0.0,0.0,0.0,0.0,0.0
2026-03-04,NS,NS,Meta Ads,355984,364,474.98,0.0,0.0,0.0,0.0,0.10225178659715042
2026-03-05,NS,NS,Meta Ads,303722,295,396.48,0.0,0.0,0.0,0.0,0.09712829495393814
2026-03-05,NR,NR,Meta Ads,4482,5,5.8100000000000005,0.0,0.0,0.0,0.0,0.11155734047300313
2026-03-05,Nacoes Shopping,Nacoes Shopping,TikTok Ads,0,0,0.0,0.0,0.0,0.0,0.0,0.0
2026-03-05,GS,GS,Meta Ads,33542,29,39.5,0.0,0.0,0.0,0.0,0.08645876811162125
2026-03-05,NK,NK,Meta Ads,148677,168,175.08000000000004,0.0,0.0,0.0,0.0,0.11299663027906132
2026-03-05,GERAL,GERAL,Google Ads,50526,2683,531.4994300000001,1426.924906,0.0,0.0,0.3724789074499482,5.310137355025136
2026-03-05,BS,BS,Meta Ads,216570,168,253.18,0.0,0.0,0.0,0.0,0.07757307106247402
2026-03-06,NS,NS,Meta Ads,233918,180,315.29,0.0,0.0,0.0,0.0,0.07695004232252327
2026-03-06,GERAL,GERAL,Google Ads,51924,3285,543.084361,1722.037925,0.0,0.0,0.31537305486463074,6.326554194592096
2026-03-06,BS,BS,Meta Ads,246316,207,303.14000000000004,0.0,0.0,0.0,0.0,0.08403838971077802
2026-03-06,CS,CS,Meta Ads,11813,14,15.3,0.0,0.0,0.0,0.0,0.11851350207398628
2026-03-06,GS,GS,Meta Ads,213959,296,289.56,0.0,0.0,0.0,0.0,0.1383442622184624
2026-03-06,NK,NK,Meta Ads,146837,164,180.74,0.0,0.0,0.0,0.0,0.1116884708894897
2026-03-06,NR,NR,Meta Ads,252382,252,368.53,0.0,0.0,0.0,0.0,0.09984864213771188
2026-03-06,Nacoes Shopping,Nacoes Shopping,TikTok Ads,0,0,0.0,0.0,0.0,0.0,0.0,0.0
2026-03-07,NS,NS,Meta Ads,253373,217,346.02000000000004,0.0,0.0,0.0,0.0,0.08564448461359339
2026-03-07,NR,NR,Meta Ads,273210,338,395.81,0.0,0.0,0.0,0.0,0.1237143589180484
2026-03-07,NK,NK,Meta Ads,160490,157,196.47,0.0,0.0,0.0,0.0,0.09782540968284628
2026-03-07,CS,CS,Meta Ads,17626,39,20.7,0.0,0.0,0.0,0.0,0.2212640417564961
2026-03-07,BS,BS,Meta Ads,283560,234,346.64,0.0,0.0,0.0,0.0,0.08252221752010155
2026-03-07,GS,GS,Meta Ads,278138,411,367.01,0.0,0.0,0.0,0.0,0.1477683739726323
2026-03-07,GERAL,GERAL,Google Ads,53777,5572,735.974912,2713.151879,0.0,0.0,0.27126196572204503,10.361306878405266
2026-03-08,NS,NS,Meta Ads,284129,241,363.64,0.0,0.0,0.0,0.0,0.08482062725029828
2026-03-08,NK,NK,Meta Ads,185629,187,212.0,0.0,0.0,0.0,0.0,0.10073856994327396
2026-03-08,NR,NR,Meta Ads,260263,336,340.78999999999996,0.0,0.0,0.0,0.0,0.12910017943388036
2026-03-08,GS,GS,Meta Ads,305409,458,378.70000000000005,0.0,0.0,0.0,0.0,0.14996283672059435
2026-03-08,BS,BS,Meta Ads,330184,315,377.69000000000005,0.0,0.0,0.0,0.0,0.09540135197344511
2026-03-08,GERAL,GERAL,Google Ads,64915,5718,715.952095,1442.0,0.0,0.0,0.4964993723994452,8.808441808518833
2026-03-08,CS,CS,Meta Ads,20930,36,22.22,0.0,0.0,0.0,0.0,0.17200191113234592
2026-03-09,NS,NS,Meta Ads,238218,174,309.98,0.0,0.0,0.0,0.0,0.07304233936982092
2026-03-09,NR,NR,Meta Ads,274597,351,364.03999999999996,0.0,0.0,0.0,0.0,0.12782368343426914
2026-03-09,BS,BS,Meta Ads,280039,234,326.83000000000004,0.0,0.0,0.0,0.0,0.08355978988640868
2026-03-09,GS,GS,Meta Ads,262299,402,323.42,0.0,0.0,0.0,0.0,0.15326021067560303
2026-03-09,CS,CS,Meta Ads,17298,25,18.82,0.0,0.0,0.0,0.0,0.14452537865649207
2026-03-09,Nacoes Shopping,Nacoes Shopping,TikTok Ads,0,0,0.0,0.0,0.0,0.0,0.0,0.0
2026-03-09,GERAL,GERAL,Google Ads,86486,3785,930.73347,2293.0,0.0,0.0,0.40590208024422153,4.376430867423629
2026-03-09,NK,NK,Meta Ads,226983,254,277.12,0.0,0.0,0.0,0.0,0.11190265350268522
2026-03-10,BS,BS,Meta Ads,246389,229,311.78,0.0,0.0,0.0,0.0,0.0929424609053164
2026-03-10,CS,CS,Meta Ads,34805,70,40.84,0.0,0.0,0.0,0.0,0.2011205286596753
2026-03-10,GS,GS,Meta Ads,351226,478,575.96,0.0,0.0,0.0,0.0,0.13609470825052813
2026-03-10,NK,NK,Meta Ads,218226,162,288.73,0.0,0.0,0.0,0.0,0.07423496741909764
2026-03-10,NR,NR,Meta Ads,141643,190,199.62,0.0,0.0,0.0,0.0,0.13414005633882367
2026-03-10,NS,NS,Meta Ads,227151,177,320.24,0.0,0.0,0.0,0.0,0.07792173488120238
2026-03-10,GERAL,GERAL,Google Ads,103673,3376,1400.364418,2125.0,0.0,0.0,0.6589950202352941,3.2563926962661442
2026-03-11,NS,NS,Meta Ads,208896,165,298.79999999999995,0.0,0.0,0.0,0.0,0.07898667279411765
2026-03-11,GERAL,GERAL,Google Ads,105016,3174,1528.27124,378.0,0.0,0.0,4.043045608465609,3.0223965871867144
2026-03-11,NK,NK,Meta Ads,191386,149,265.8,0.0,0.0,0.0,0.0,0.0778531345030462
2026-03-11,GS,GS,Meta Ads,444760,616,753.31,0.0,0.0,0.0,0.0,0.13850166381868873
2026-03-11,CS,CS,Meta Ads,49933,77,59.45,0.0,0.0,0.0,0.0,0.15420663689343722
2026-03-11,BS,BS,Meta Ads,236253,215,306.49999999999994,0.0,0.0,0.0,0.0,0.09100413539722246
2026-03-11,NR,NR,Meta Ads,75175,74,104.88,0.0,0.0,0.0,0.0,0.0984369803791154
2026-03-12,NR,NR,Meta Ads,64400,56,91.21000000000001,0.0,0.0,0.0,0.0,0.08695652173913043
2026-03-12,GERAL,GERAL,Google Ads,124134,3468,1773.9526770000002,5.0,0.0,0.0,354.79053540000007,2.7937551355792936
2026-03-12,BS,BS,Meta Ads,231841,193,305.99,0.0,0.0,0.0,0.0,0.08324670787306819
2026-03-12,CS,CS,Meta Ads,48269,107,59.730000000000004,0.0,0.0,0.0,0.0,0.22167436657067682
2026-03-12,GS,GS,Meta Ads,458173,591,802.72,0.0,0.0,0.0,0.0,0.12899057779485043
2026-03-12,NK,NK,Meta Ads,195552,172,275.28000000000003,0.0,0.0,0.0,0.0,0.08795614465717559
2026-03-12,NS,NS,Meta Ads,207676,139,299.86,0.0,0.0,0.0,0.0,0.06693118126312139
2026-03-12,Nacoes Shopping,Nacoes Shopping,TikTok Ads,0,0,0.0,0.0,0.0,0.0,0.0,0.0
