stat_time_day,gender,ctr,cost_per_conversion,clicks,spend,cpc,conversion,conversion_rate,impressions,cpm,shopping,shopping_sigla
2025-03-25 00:00:00,NONE,0.0,0.0,0,0.27,0.0,0,0.0,64,4.22,Nacoes Shopping,NS
2025-03-25 00:00:00,MALE,0.0,0.0,0,33.95,0.0,0,0.0,6272,5.41,Nacoes Shopping,NS
2025-03-25 00:00:00,FEMALE,0.0,0.0,0,48.38,0.0,0,0.0,14056,3.44,Nacoes Shopping,NS
2025-03-26 00:00:00,NONE,0.0,0.0,0,0.61,0.0,0,0.0,68,8.97,Nacoes Shopping,NS
2025-03-26 00:00:00,MALE,0.0,0.0,0,46.25,0.0,0,0.0,7070,6.54,Nacoes Shopping,NS
2025-03-26 00:00:00,FEMALE,0.01,0.0,2,84.03,42.02,0,0.0,16929,4.96,Nacoes Shopping,NS
2025-03-27 00:00:00,NONE,0.0,0.0,0,0.26,0.0,0,0.0,58,4.48,Nacoes Shopping,NS
2025-03-27 00:00:00,MALE,0.01,0.0,1,45.17,45.17,0,0.0,7097,6.36,Nacoes Shopping,NS
2025-03-27 00:00:00,FEMALE,0.0,0.0,0,72.91,0.0,0,0.0,16030,4.55,Nacoes Shopping,NS
2025-03-28 00:00:00,NONE,0.0,0.0,0,0.27,0.0,0,0.0,55,4.91,Nacoes Shopping,NS
2025-03-28 00:00:00,MALE,0.0,0.0,0,29.46,0.0,0,0.0,5617,5.24,Nacoes Shopping,NS
2025-03-28 00:00:00,FEMALE,0.0,0.0,0,54.03,0.0,0,0.0,15689,3.44,Nacoes Shopping,NS
2025-03-29 00:00:00,NONE,0.0,0.0,0,0.53,0.0,0,0.0,81,6.54,Nacoes Shopping,NS
2025-03-29 00:00:00,MALE,0.02,0.0,1,39.78,39.78,0,0.0,6265,6.35,Nacoes Shopping,NS
2025-03-29 00:00:00,FEMALE,0.0,0.0,0,82.09,0.0,0,0.0,20871,3.93,Nacoes Shopping,NS
2025-03-30 00:00:00,NONE,1.25,0.0,1,0.21,0.21,0,0.0,80,2.63,Nacoes Shopping,NS
2025-03-30 00:00:00,MALE,0.01,0.0,1,36.4,36.4,0,0.0,6677,5.45,Nacoes Shopping,NS
2025-03-30 00:00:00,FEMALE,0.01,0.0,1,71.91,71.91,0,0.0,18542,3.88,Nacoes Shopping,NS
2025-03-31 00:00:00,NONE,0.0,0.0,0,0.33,0.0,0,0.0,28,11.79,Nacoes Shopping,NS
2025-03-31 00:00:00,MALE,0.0,0.0,0,13.51,0.0,0,0.0,2540,5.32,Nacoes Shopping,NS
2025-03-31 00:00:00,FEMALE,0.0,0.0,0,26.02,0.0,0,0.0,6737,3.86,Nacoes Shopping,NS
2025-04-01 00:00:00,NONE,0.0,0.0,0,0.0,0.0,0,0.0,0,0.0,Nacoes Shopping,NS
2025-04-01 00:00:00,MALE,0.0,0.0,0,0.0,0.0,0,0.0,0,0.0,Nacoes Shopping,NS
2025-04-01 00:00:00,FEMALE,0.0,0.0,0,0.0,0.0,0,0.0,0,0.0,Nacoes Shopping,NS
2025-04-02 00:00:00,NONE,0.0,0.0,0,0.01,0.0,0,0.0,14,0.71,Nacoes Shopping,NS
2025-04-02 00:00:00,MALE,0.0,0.0,0,1.83,0.0,0,0.0,1708,1.07,Nacoes Shopping,NS
2025-04-02 00:00:00,FEMALE,0.0,0.0,0,2.55,0.0,0,0.0,2330,1.09,Nacoes Shopping,NS
2025-04-03 00:00:00,NONE,0.0,0.0,0,0.04,0.0,0,0.0,32,1.25,Nacoes Shopping,NS
2025-04-03 00:00:00,MALE,0.0,0.0,0,5.53,0.0,0,0.0,4232,1.31,Nacoes Shopping,NS
2025-04-03 00:00:00,FEMALE,0.0,0.0,0,7.24,0.0,0,0.0,5639,1.28,Nacoes Shopping,NS
2025-04-04 00:00:00,NONE,0.0,0.0,0,0.02,0.0,0,0.0,17,1.18,Nacoes Shopping,NS
2025-04-04 00:00:00,MALE,0.0,0.0,0,8.41,0.0,0,0.0,5897,1.43,Nacoes Shopping,NS
2025-04-04 00:00:00,FEMALE,0.0,0.0,0,10.73,0.0,0,0.0,7312,1.47,Nacoes Shopping,NS
2025-04-05 00:00:00,NONE,0.0,0.0,0,0.03,0.0,0,0.0,39,0.77,Nacoes Shopping,NS
2025-04-05 00:00:00,MALE,0.0,0.0,0,8.68,0.0,0,0.0,6241,1.39,Nacoes Shopping,NS
2025-04-05 00:00:00,FEMALE,0.0,0.0,0,10.63,0.0,0,0.0,7445,1.43,Nacoes Shopping,NS
2025-04-06 00:00:00,NONE,0.0,0.0,0,0.04,0.0,0,0.0,54,0.74,Nacoes Shopping,NS
2025-04-06 00:00:00,MALE,0.0,0.0,0,8.59,0.0,0,0.0,6341,1.35,Nacoes Shopping,NS
2025-04-06 00:00:00,FEMALE,0.0,0.0,0,10.85,0.0,0,0.0,7756,1.4,Nacoes Shopping,NS
2025-04-07 00:00:00,NONE,0.0,0.0,0,0.06,0.0,0,0.0,53,1.13,Nacoes Shopping,NS
2025-04-07 00:00:00,MALE,0.0,0.0,0,8.65,0.0,0,0.0,5860,1.48,Nacoes Shopping,NS
2025-04-07 00:00:00,FEMALE,0.0,0.0,0,9.73,0.0,0,0.0,6223,1.56,Nacoes Shopping,NS
2025-04-08 00:00:00,NONE,0.0,0.0,0,0.08,0.0,0,0.0,79,1.01,Nacoes Shopping,NS
2025-04-08 00:00:00,MALE,0.0,0.0,0,9.22,0.0,0,0.0,5617,1.64,Nacoes Shopping,NS
2025-04-08 00:00:00,FEMALE,0.0,0.0,0,8.99,0.0,0,0.0,5400,1.66,Nacoes Shopping,NS
2025-04-09 00:00:00,NONE,0.0,0.0,0,0.08,0.0,0,0.0,42,1.9,Nacoes Shopping,NS
2025-04-09 00:00:00,MALE,0.0,0.0,0,9.01,0.0,0,0.0,5568,1.62,Nacoes Shopping,NS
2025-04-09 00:00:00,FEMALE,0.0,0.0,0,9.35,0.0,0,0.0,5419,1.73,Nacoes Shopping,NS
2025-04-10 00:00:00,NONE,0.0,0.0,0,0.08,0.0,0,0.0,40,2.0,Nacoes Shopping,NS
2025-04-10 00:00:00,MALE,0.0,0.0,0,8.27,0.0,0,0.0,5354,1.54,Nacoes Shopping,NS
2025-04-10 00:00:00,FEMALE,0.0,0.0,0,8.77,0.0,0,0.0,6063,1.45,Nacoes Shopping,NS
2025-04-11 00:00:00,NONE,0.0,0.0,0,0.04,0.0,0,0.0,44,0.91,Nacoes Shopping,NS
2025-04-11 00:00:00,MALE,0.0,0.0,0,7.87,0.0,0,0.0,5422,1.45,Nacoes Shopping,NS
2025-04-11 00:00:00,FEMALE,0.0,0.0,0,8.93,0.0,0,0.0,5973,1.5,Nacoes Shopping,NS
2025-04-12 00:00:00,NONE,0.0,0.0,0,0.04,0.0,0,0.0,54,0.74,Nacoes Shopping,NS
2025-04-12 00:00:00,MALE,0.0,0.0,0,8.0,0.0,0,0.0,5476,1.46,Nacoes Shopping,NS
2025-04-12 00:00:00,FEMALE,0.0,0.0,0,8.98,0.0,0,0.0,6314,1.42,Nacoes Shopping,NS
2025-04-13 00:00:00,NONE,0.0,0.0,0,0.1,0.0,0,0.0,90,1.11,Nacoes Shopping,NS
2025-04-13 00:00:00,MALE,0.0,0.0,0,7.43,0.0,0,0.0,5323,1.4,Nacoes Shopping,NS
2025-04-13 00:00:00,FEMALE,0.0,0.0,0,9.21,0.0,0,0.0,6363,1.45,Nacoes Shopping,NS
2025-04-14 00:00:00,NONE,0.0,0.0,0,0.11,0.0,0,0.0,85,1.29,Nacoes Shopping,NS
2025-04-14 00:00:00,MALE,0.0,0.0,0,7.42,0.0,0,0.0,4806,1.54,Nacoes Shopping,NS
2025-04-14 00:00:00,FEMALE,0.0,0.0,0,8.61,0.0,0,0.0,5659,1.52,Nacoes Shopping,NS
2025-04-15 00:00:00,NONE,0.0,0.0,0,0.06,0.0,0,0.0,41,1.46,Nacoes Shopping,NS
2025-04-15 00:00:00,MALE,0.0,0.0,0,8.31,0.0,0,0.0,5046,1.65,Nacoes Shopping,NS
2025-04-15 00:00:00,FEMALE,0.0,0.0,0,7.93,0.0,0,0.0,4793,1.65,Nacoes Shopping,NS
2025-04-16 00:00:00,NONE,0.0,0.0,0,0.07,0.0,0,0.0,69,1.01,Nacoes Shopping,NS
2025-04-16 00:00:00,MALE,0.0,0.0,0,8.08,0.0,0,0.0,5070,1.59,Nacoes Shopping,NS
2025-04-16 00:00:00,FEMALE,0.0,0.0,0,8.52,0.0,0,0.0,4986,1.71,Nacoes Shopping,NS
2025-04-17 00:00:00,NONE,0.0,0.0,0,0.1,0.0,0,0.0,62,1.61,Nacoes Shopping,NS
2025-04-17 00:00:00,MALE,0.0,0.0,0,7.45,0.0,0,0.0,4966,1.5,Nacoes Shopping,NS
2025-04-17 00:00:00,FEMALE,0.0,0.0,0,9.58,0.0,0,0.0,6050,1.58,Nacoes Shopping,NS
2025-04-18 00:00:00,NONE,0.0,0.0,0,0.07,0.0,0,0.0,37,1.89,Nacoes Shopping,NS
2025-04-18 00:00:00,MALE,0.0,0.0,0,7.52,0.0,0,0.0,5004,1.5,Nacoes Shopping,NS
2025-04-18 00:00:00,FEMALE,0.0,0.0,0,9.28,0.0,0,0.0,6543,1.42,Nacoes Shopping,NS
2025-04-19 00:00:00,NONE,0.0,0.0,0,0.07,0.0,0,0.0,50,1.4,Nacoes Shopping,NS
2025-04-19 00:00:00,MALE,0.0,0.0,0,6.92,0.0,0,0.0,4549,1.52,Nacoes Shopping,NS
2025-04-19 00:00:00,FEMALE,0.0,0.0,0,9.06,0.0,0,0.0,6437,1.41,Nacoes Shopping,NS
2025-04-20 00:00:00,NONE,0.0,0.0,0,0.06,0.0,0,0.0,70,0.86,Nacoes Shopping,NS
2025-04-20 00:00:00,MALE,0.0,0.0,0,6.97,0.0,0,0.0,4835,1.44,Nacoes Shopping,NS
2025-04-20 00:00:00,FEMALE,0.0,0.0,0,8.49,0.0,0,0.0,6384,1.33,Nacoes Shopping,NS
2025-04-21 00:00:00,NONE,0.0,0.0,0,0.06,0.0,0,0.0,79,0.76,Nacoes Shopping,NS
2025-04-21 00:00:00,MALE,0.0,0.0,0,6.63,0.0,0,0.0,4789,1.38,Nacoes Shopping,NS
2025-04-21 00:00:00,FEMALE,0.0,0.0,0,8.38,0.0,0,0.0,6479,1.29,Nacoes Shopping,NS
2025-04-22 00:00:00,NONE,0.0,0.0,0,0.11,0.0,0,0.0,68,1.62,Nacoes Shopping,NS
2025-04-22 00:00:00,MALE,0.0,0.0,0,6.97,0.0,0,0.0,4647,1.5,Nacoes Shopping,NS
2025-04-22 00:00:00,FEMALE,0.0,0.0,0,7.66,0.0,0,0.0,4971,1.54,Nacoes Shopping,NS
2025-04-23 00:00:00,NONE,0.0,0.0,0,0.04,0.0,0,0.0,65,0.62,Nacoes Shopping,NS
2025-04-23 00:00:00,MALE,0.0,0.0,0,7.39,0.0,0,0.0,4544,1.63,Nacoes Shopping,NS
2025-04-23 00:00:00,FEMALE,0.0,0.0,0,7.47,0.0,0,0.0,4856,1.54,Nacoes Shopping,NS
2025-04-24 00:00:00,NONE,0.0,0.0,0,0.03,0.0,0,0.0,32,0.94,Nacoes Shopping,NS
2025-04-24 00:00:00,MALE,0.0,0.0,0,6.25,0.0,0,0.0,3983,1.57,Nacoes Shopping,NS
2025-04-24 00:00:00,FEMALE,0.0,0.0,0,7.12,0.0,0,0.0,4605,1.55,Nacoes Shopping,NS
2025-04-25 00:00:00,NONE,0.0,0.0,0,0.02,0.0,0,0.0,44,0.45,Nacoes Shopping,NS
2025-04-25 00:00:00,MALE,0.0,0.0,0,6.51,0.0,0,0.0,3742,1.74,Nacoes Shopping,NS
2025-04-25 00:00:00,FEMALE,0.0,0.0,0,6.9,0.0,0,0.0,4157,1.66,Nacoes Shopping,NS
2025-04-26 00:00:00,NONE,0.0,0.0,0,0.08,0.0,0,0.0,49,1.63,Nacoes Shopping,NS
2025-04-26 00:00:00,MALE,0.0,0.0,0,6.21,0.0,0,0.0,3923,1.58,Nacoes Shopping,NS
2025-04-26 00:00:00,FEMALE,0.0,0.0,0,7.06,0.0,0,0.0,4534,1.56,Nacoes Shopping,NS
2025-04-27 00:00:00,NONE,0.0,0.0,0,0.04,0.0,0,0.0,47,0.85,Nacoes Shopping,NS
2025-04-27 00:00:00,MALE,0.0,0.0,0,5.49,0.0,0,0.0,3759,1.46,Nacoes Shopping,NS
2025-04-27 00:00:00,FEMALE,0.0,0.0,0,6.39,0.0,0,0.0,4582,1.39,Nacoes Shopping,NS
2025-04-28 00:00:00,NONE,0.0,0.0,0,0.03,0.0,0,0.0,58,0.52,Nacoes Shopping,NS
2025-04-28 00:00:00,MALE,0.0,0.0,0,4.76,0.0,0,0.0,3058,1.56,Nacoes Shopping,NS
2025-04-28 00:00:00,FEMALE,0.0,0.0,0,5.72,0.0,0,0.0,3561,1.61,Nacoes Shopping,NS
2025-04-29 00:00:00,NONE,0.0,0.0,0,0.08,0.0,0,0.0,23,3.48,Nacoes Shopping,NS
2025-04-29 00:00:00,MALE,0.32,0.0,12,9.99,0.83,0,0.0,3754,2.66,Nacoes Shopping,NS
2025-04-29 00:00:00,FEMALE,0.31,0.0,14,9.72,0.69,0,0.0,4545,2.14,Nacoes Shopping,NS
2025-04-30 00:00:00,NONE,0.0,0.0,0,0.04,0.0,0,0.0,23,1.74,Nacoes Shopping,NS
2025-04-30 00:00:00,MALE,0.45,0.0,16,10.67,0.67,0,0.0,3590,2.97,Nacoes Shopping,NS
2025-04-30 00:00:00,FEMALE,0.17,0.0,6,12.68,2.11,0,0.0,3530,3.59,Nacoes Shopping,NS
2025-05-01 00:00:00,NONE,0.0,0.0,0,0.02,0.0,0,0.0,26,0.77,Nacoes Shopping,NS
2025-05-01 00:00:00,MALE,0.34,0.0,13,9.75,0.75,0,0.0,3856,2.53,Nacoes Shopping,NS
2025-05-01 00:00:00,FEMALE,0.32,0.0,14,11.95,0.85,0,0.0,4322,2.76,Nacoes Shopping,NS
2025-05-02 00:00:00,NONE,0.0,0.0,0,0.03,0.0,0,0.0,22,1.36,Nacoes Shopping,NS
2025-05-02 00:00:00,MALE,0.18,0.0,8,9.7,1.21,0,0.0,4560,2.13,Nacoes Shopping,NS
2025-05-02 00:00:00,FEMALE,0.31,0.0,19,12.05,0.63,0,0.0,6191,1.95,Nacoes Shopping,NS
2025-05-03 00:00:00,NONE,0.0,0.0,0,0.1,0.0,0,0.0,30,3.33,Nacoes Shopping,NS
2025-05-03 00:00:00,MALE,0.17,0.0,8,10.35,1.29,0,0.0,4645,2.23,Nacoes Shopping,NS
2025-05-03 00:00:00,FEMALE,0.25,0.0,15,12.93,0.86,0,0.0,5929,2.18,Nacoes Shopping,NS
2025-05-04 00:00:00,NONE,3.03,0.0,1,0.07,0.07,0,0.0,33,2.12,Nacoes Shopping,NS
2025-05-04 00:00:00,MALE,0.33,0.0,14,11.54,0.82,0,0.0,4226,2.73,Nacoes Shopping,NS
2025-05-04 00:00:00,FEMALE,0.42,0.0,20,11.78,0.59,0,0.0,4715,2.5,Nacoes Shopping,NS
2025-05-05 00:00:00,NONE,0.0,0.0,0,0.23,0.0,0,0.0,42,5.48,Nacoes Shopping,NS
2025-05-05 00:00:00,MALE,0.16,0.0,7,9.86,1.41,0,0.0,4245,2.32,Nacoes Shopping,NS
2025-05-05 00:00:00,FEMALE,0.23,0.0,12,11.48,0.96,0,0.0,5144,2.23,Nacoes Shopping,NS
2025-05-06 00:00:00,NONE,0.0,0.0,0,0.13,0.0,0,0.0,35,3.71,Nacoes Shopping,NS
2025-05-06 00:00:00,MALE,0.05,0.0,4,19.16,4.79,0,0.0,7844,2.44,Nacoes Shopping,NS
2025-05-06 00:00:00,FEMALE,0.06,0.0,6,21.83,3.64,0,0.0,9381,2.33,Nacoes Shopping,NS
2025-05-07 00:00:00,NONE,0.0,0.0,0,0.08,0.0,0,0.0,41,1.95,Nacoes Shopping,NS
2025-05-07 00:00:00,MALE,0.0,0.0,0,24.86,0.0,0,0.0,9751,2.55,Nacoes Shopping,NS
2025-05-07 00:00:00,FEMALE,0.0,0.0,0,28.47,0.0,0,0.0,11651,2.44,Nacoes Shopping,NS
2025-05-08 00:00:00,NONE,0.0,0.0,0,0.16,0.0,0,0.0,93,1.72,Nacoes Shopping,NS
2025-05-08 00:00:00,MALE,0.16,0.0,32,42.32,1.32,0,0.0,20031,2.11,Nacoes Shopping,NS
2025-05-08 00:00:00,FEMALE,0.18,0.0,45,52.5,1.17,0,0.0,25005,2.1,Nacoes Shopping,NS
2025-05-09 00:00:00,NONE,0.0,0.0,0,0.2,0.0,0,0.0,122,1.64,Nacoes Shopping,NS
2025-05-09 00:00:00,MALE,0.17,0.0,27,33.27,1.23,0,0.0,16171,2.06,Nacoes Shopping,NS
2025-05-09 00:00:00,FEMALE,0.17,0.0,31,39.17,1.26,0,0.0,18453,2.12,Nacoes Shopping,NS
2025-05-10 00:00:00,NONE,0.0,0.0,0,0.28,0.0,0,0.0,136,2.06,Nacoes Shopping,NS
2025-05-10 00:00:00,MALE,0.16,0.0,24,31.7,1.32,0,0.0,14905,2.13,Nacoes Shopping,NS
2025-05-10 00:00:00,FEMALE,0.17,0.0,30,39.91,1.33,0,0.0,17237,2.32,Nacoes Shopping,NS
2025-05-11 00:00:00,NONE,0.0,0.0,0,0.13,0.0,0,0.0,113,1.15,Nacoes Shopping,NS
2025-05-11 00:00:00,MALE,0.1,0.0,15,30.84,2.06,0,0.0,14895,2.07,Nacoes Shopping,NS
2025-05-11 00:00:00,FEMALE,0.14,0.0,24,41.88,1.75,0,0.0,17366,2.41,Nacoes Shopping,NS
2025-05-12 00:00:00,NONE,0.0,0.0,0,0.13,0.0,0,0.0,121,1.07,Nacoes Shopping,NS
2025-05-12 00:00:00,MALE,0.17,0.0,24,31.87,1.33,0,0.0,14090,2.26,Nacoes Shopping,NS
2025-05-12 00:00:00,FEMALE,0.15,0.0,25,40.85,1.63,0,0.0,16812,2.43,Nacoes Shopping,NS
2025-05-13 00:00:00,NONE,0.0,0.0,0,0.2,0.0,0,0.0,138,1.45,Nacoes Shopping,NS
2025-05-13 00:00:00,MALE,0.14,0.0,20,31.54,1.58,0,0.0,14099,2.24,Nacoes Shopping,NS
2025-05-13 00:00:00,FEMALE,0.21,0.0,35,41.13,1.18,0,0.0,16444,2.5,Nacoes Shopping,NS
2025-05-14 00:00:00,NONE,0.65,0.0,1,0.24,0.24,0,0.0,154,1.56,Nacoes Shopping,NS
2025-05-14 00:00:00,MALE,0.19,0.0,28,33.7,1.2,0,0.0,14420,2.34,Nacoes Shopping,NS
2025-05-14 00:00:00,FEMALE,0.21,0.0,32,38.82,1.21,0,0.0,15079,2.57,Nacoes Shopping,NS
2025-05-15 00:00:00,NONE,0.0,0.0,0,0.36,0.0,0,0.0,211,1.71,Nacoes Shopping,NS
2025-05-15 00:00:00,MALE,0.09,0.0,28,60.82,2.17,0,0.0,29961,2.03,Nacoes Shopping,NS
2025-05-15 00:00:00,FEMALE,0.1,0.0,39,84.58,2.17,0,0.0,39648,2.13,Nacoes Shopping,NS
2025-05-16 00:00:00,NONE,0.0,0.0,0,0.4,0.0,0,0.0,246,1.63,Nacoes Shopping,NS
2025-05-16 00:00:00,MALE,0.08,0.0,32,77.1,2.41,0,0.0,38198,2.02,Nacoes Shopping,NS
2025-05-16 00:00:00,FEMALE,0.07,0.0,37,108.49,2.93,0,0.0,49868,2.18,Nacoes Shopping,NS
2025-05-17 00:00:00,NONE,0.0,0.0,0,0.4,0.0,0,0.0,238,1.68,Nacoes Shopping,NS
2025-05-17 00:00:00,MALE,0.09,0.0,22,51.21,2.33,0,0.0,25008,2.05,Nacoes Shopping,NS
2025-05-17 00:00:00,FEMALE,0.11,0.0,35,64.24,1.84,0,0.0,30501,2.11,Nacoes Shopping,NS
2025-05-18 00:00:00,NONE,0.0,0.0,0,0.36,0.0,0,0.0,235,1.53,Nacoes Shopping,NS
2025-05-18 00:00:00,MALE,0.17,0.0,35,40.74,1.16,0,0.0,20355,2.0,Nacoes Shopping,NS
2025-05-18 00:00:00,FEMALE,0.16,0.0,39,47.72,1.22,0,0.0,23816,2.0,Nacoes Shopping,NS
2025-05-19 00:00:00,NONE,0.4,0.0,1,0.41,0.41,0,0.0,252,1.63,Nacoes Shopping,NS
2025-05-19 00:00:00,MALE,0.16,0.0,32,39.54,1.24,0,0.0,19543,2.02,Nacoes Shopping,NS
2025-05-19 00:00:00,FEMALE,0.21,0.0,45,47.07,1.05,0,0.0,21296,2.21,Nacoes Shopping,NS
2025-05-20 00:00:00,NONE,0.0,0.0,0,0.32,0.0,0,0.0,206,1.55,Nacoes Shopping,NS
2025-05-20 00:00:00,MALE,0.1,0.0,20,41.92,2.1,0,0.0,19141,2.19,Nacoes Shopping,NS
2025-05-20 00:00:00,FEMALE,0.15,0.0,31,45.72,1.47,0,0.0,20007,2.29,Nacoes Shopping,NS
2025-05-21 00:00:00,NONE,0.0,0.0,0,0.42,0.0,0,0.0,246,1.71,Nacoes Shopping,NS
2025-05-21 00:00:00,MALE,0.18,0.0,34,40.7,1.2,0,0.0,18761,2.17,Nacoes Shopping,NS
2025-05-21 00:00:00,FEMALE,0.18,0.0,36,45.85,1.27,0,0.0,19848,2.31,Nacoes Shopping,NS
2025-05-22 00:00:00,NONE,0.0,0.0,0,0.68,0.0,0,0.0,285,2.39,Nacoes Shopping,NS
2025-05-22 00:00:00,MALE,0.12,0.0,23,39.36,1.71,0,0.0,18795,2.09,Nacoes Shopping,NS
2025-05-22 00:00:00,FEMALE,0.11,0.0,25,46.98,1.88,0,0.0,21822,2.15,Nacoes Shopping,NS
2025-05-23 00:00:00,NONE,0.0,0.0,0,0.46,0.0,0,0.0,234,1.97,Nacoes Shopping,NS
2025-05-23 00:00:00,MALE,0.11,0.0,20,39.5,1.98,0,0.0,17942,2.2,Nacoes Shopping,NS
2025-05-23 00:00:00,FEMALE,0.14,0.0,30,46.14,1.54,0,0.0,21392,2.16,Nacoes Shopping,NS
2025-05-24 00:00:00,NONE,0.0,0.0,0,0.6,0.0,0,0.0,301,1.99,Nacoes Shopping,NS
2025-05-24 00:00:00,MALE,0.18,0.0,31,38.44,1.24,0,0.0,17660,2.18,Nacoes Shopping,NS
2025-05-24 00:00:00,FEMALE,0.2,0.0,45,46.45,1.03,0,0.0,22061,2.11,Nacoes Shopping,NS
2025-05-25 00:00:00,NONE,0.29,0.0,1,0.51,0.51,0,0.0,339,1.5,Nacoes Shopping,NS
2025-05-25 00:00:00,MALE,0.15,0.0,28,41.21,1.47,0,0.0,18493,2.23,Nacoes Shopping,NS
2025-05-25 00:00:00,FEMALE,0.09,0.0,20,44.69,2.23,0,0.0,21195,2.11,Nacoes Shopping,NS
2025-05-26 00:00:00,NONE,0.0,0.0,0,0.88,0.0,0,0.0,395,2.23,Nacoes Shopping,NS
2025-05-26 00:00:00,MALE,0.13,0.0,22,38.77,1.76,0,0.0,17314,2.24,Nacoes Shopping,NS
2025-05-26 00:00:00,FEMALE,0.07,0.0,14,45.36,3.24,0,0.0,19093,2.38,Nacoes Shopping,NS
2025-05-27 00:00:00,NONE,0.21,0.0,1,0.96,0.96,0,0.0,484,1.98,Nacoes Shopping,NS
2025-05-27 00:00:00,MALE,0.14,0.0,24,40.8,1.7,0,0.0,17687,2.31,Nacoes Shopping,NS
2025-05-27 00:00:00,FEMALE,0.15,0.0,26,43.36,1.67,0,0.0,17467,2.48,Nacoes Shopping,NS
2025-05-28 00:00:00,NONE,0.51,0.0,3,1.28,0.43,0,0.0,594,2.15,Nacoes Shopping,NS
2025-05-28 00:00:00,MALE,0.14,0.0,23,40.56,1.76,0,0.0,17017,2.38,Nacoes Shopping,NS
2025-05-28 00:00:00,FEMALE,0.13,0.0,23,42.12,1.83,0,0.0,17217,2.45,Nacoes Shopping,NS
2025-05-29 00:00:00,NONE,0.0,0.0,0,0.93,0.0,0,0.0,396,2.35,Nacoes Shopping,NS
2025-05-29 00:00:00,MALE,0.1,0.0,16,38.07,2.38,0,0.0,16378,2.32,Nacoes Shopping,NS
2025-05-29 00:00:00,FEMALE,0.12,0.0,23,43.86,1.91,0,0.0,18604,2.36,Nacoes Shopping,NS
2025-05-30 00:00:00,NONE,0.0,0.0,0,0.63,0.0,0,0.0,297,2.12,Nacoes Shopping,NS
2025-05-30 00:00:00,MALE,0.13,0.0,18,34.62,1.92,0,0.0,14140,2.45,Nacoes Shopping,NS
2025-05-30 00:00:00,FEMALE,0.13,0.0,22,43.45,1.98,0,0.0,17362,2.5,Nacoes Shopping,NS
2025-05-31 00:00:00,NONE,0.0,0.0,0,0.48,0.0,0,0.0,166,2.89,Nacoes Shopping,NS
2025-05-31 00:00:00,MALE,0.21,0.0,23,33.5,1.46,0,0.0,10721,3.12,Nacoes Shopping,NS
2025-05-31 00:00:00,FEMALE,0.25,0.0,28,35.48,1.27,0,0.0,11427,3.1,Nacoes Shopping,NS
2025-06-01 00:00:00,NONE,0.0,0.0,0,0.0,0.0,0,0.0,0,0.0,Nacoes Shopping,NS
2025-06-01 00:00:00,MALE,0.0,0.0,0,0.0,0.0,0,0.0,0,0.0,Nacoes Shopping,NS
2025-06-01 00:00:00,FEMALE,0.0,0.0,0,0.0,0.0,0,0.0,0,0.0,Nacoes Shopping,NS
2025-06-02 00:00:00,NONE,0.0,0.0,0,0.0,0.0,0,0.0,0,0.0,Nacoes Shopping,NS
2025-06-02 00:00:00,FEMALE,0.0,0.0,0,0.0,0.0,0,0.0,0,0.0,Nacoes Shopping,NS
2025-06-03 00:00:00,NONE,0.0,0.0,0,0.0,0.0,0,0.0,0,0.0,Nacoes Shopping,NS
2025-06-04 00:00:00,NONE,1.54,0.0,1,0.12,0.12,0,0.0,65,1.85,Nacoes Shopping,NS
2025-06-04 00:00:00,MALE,0.08,0.0,5,17.55,3.51,0,0.0,6466,2.71,Nacoes Shopping,NS
2025-06-04 00:00:00,FEMALE,0.15,0.0,12,17.35,1.45,0,0.0,7974,2.18,Nacoes Shopping,NS
2025-06-05 00:00:00,NONE,0.75,0.0,1,0.38,0.38,0,0.0,133,2.86,Nacoes Shopping,NS
2025-06-05 00:00:00,MALE,0.16,0.0,19,31.39,1.65,0,0.0,12251,2.56,Nacoes Shopping,NS
2025-06-05 00:00:00,FEMALE,0.11,0.0,17,37.88,2.23,0,0.0,14943,2.53,Nacoes Shopping,NS
2025-06-06 00:00:00,NONE,0.0,0.0,0,0.34,0.0,0,0.0,185,1.84,Nacoes Shopping,NS
2025-06-06 00:00:00,MALE,0.14,0.0,17,37.45,2.2,0,0.0,12211,3.07,Nacoes Shopping,NS
2025-06-06 00:00:00,FEMALE,0.14,0.0,21,41.72,1.99,0,0.0,14700,2.84,Nacoes Shopping,NS
2025-06-07 00:00:00,NONE,0.0,0.0,0,0.66,0.0,0,0.0,210,3.14,Nacoes Shopping,NS
2025-06-07 00:00:00,MALE,0.12,0.0,17,37.28,2.19,0,0.0,13958,2.67,Nacoes Shopping,NS
2025-06-07 00:00:00,FEMALE,0.15,0.0,25,43.11,1.72,0,0.0,16517,2.61,Nacoes Shopping,NS
2025-06-08 00:00:00,NONE,0.0,0.0,0,1.92,0.0,0,0.0,213,9.01,Nacoes Shopping,NS
2025-06-08 00:00:00,MALE,0.1,0.0,13,35.79,2.75,0,0.0,13540,2.64,Nacoes Shopping,NS
2025-06-08 00:00:00,FEMALE,0.12,0.0,19,41.74,2.2,0,0.0,16336,2.56,Nacoes Shopping,NS
2025-06-09 00:00:00,NONE,0.0,0.0,0,0.55,0.0,0,0.0,155,3.55,Nacoes Shopping,NS
2025-06-09 00:00:00,MALE,0.16,0.0,20,35.02,1.75,0,0.0,12324,2.84,Nacoes Shopping,NS
2025-06-09 00:00:00,FEMALE,0.1,0.0,15,39.56,2.64,0,0.0,14403,2.75,Nacoes Shopping,NS
2025-06-10 00:00:00,NONE,0.0,0.0,0,0.29,0.0,0,0.0,118,2.46,Nacoes Shopping,NS
2025-06-10 00:00:00,MALE,0.11,0.0,13,34.95,2.69,0,0.0,11526,3.03,Nacoes Shopping,NS
2025-06-10 00:00:00,FEMALE,0.15,0.0,20,39.0,1.95,0,0.0,13029,2.99,Nacoes Shopping,NS
2025-06-11 00:00:00,NONE,0.0,0.0,0,0.2,0.0,0,0.0,119,1.68,Nacoes Shopping,NS
2025-06-11 00:00:00,MALE,0.11,0.0,14,34.2,2.44,0,0.0,12354,2.77,Nacoes Shopping,NS
2025-06-11 00:00:00,FEMALE,0.19,0.0,25,40.36,1.61,0,0.0,13239,3.05,Nacoes Shopping,NS
2025-06-12 00:00:00,NONE,0.0,0.0,0,0.26,0.0,0,0.0,83,3.13,Nacoes Shopping,NS
2025-06-12 00:00:00,MALE,0.15,0.0,17,31.03,1.83,0,0.0,11171,2.78,Nacoes Shopping,NS
2025-06-12 00:00:00,FEMALE,0.17,0.0,22,36.55,1.66,0,0.0,12754,2.87,Nacoes Shopping,NS
2025-06-13 00:00:00,NONE,0.0,0.0,0,0.15,0.0,0,0.0,80,1.88,Nacoes Shopping,NS
2025-06-13 00:00:00,MALE,0.1,0.0,11,29.41,2.67,0,0.0,11346,2.59,Nacoes Shopping,NS
2025-06-13 00:00:00,FEMALE,0.19,0.0,24,35.25,1.47,0,0.0,12619,2.79,Nacoes Shopping,NS
2025-06-14 00:00:00,NONE,0.0,0.0,0,0.14,0.0,0,0.0,65,2.15,Nacoes Shopping,NS
2025-06-14 00:00:00,MALE,0.23,0.0,24,25.8,1.08,0,0.0,10607,2.43,Nacoes Shopping,NS
2025-06-14 00:00:00,FEMALE,0.16,0.0,19,31.87,1.68,0,0.0,12130,2.63,Nacoes Shopping,NS
2025-06-15 00:00:00,NONE,0.0,0.0,0,0.16,0.0,0,0.0,53,3.02,Nacoes Shopping,NS
2025-06-15 00:00:00,MALE,0.15,0.0,9,15.92,1.77,0,0.0,6033,2.64,Nacoes Shopping,NS
2025-06-15 00:00:00,FEMALE,0.03,0.0,2,16.72,8.36,0,0.0,6468,2.59,Nacoes Shopping,NS
2025-06-16 00:00:00,NONE,0.0,0.0,0,0.05,0.0,0,0.0,24,2.08,Nacoes Shopping,NS
2025-06-16 00:00:00,MALE,0.0,0.0,0,5.01,0.0,0,0.0,2511,2.0,Nacoes Shopping,NS
2025-06-16 00:00:00,FEMALE,0.0,0.0,0,4.76,0.0,0,0.0,2345,2.03,Nacoes Shopping,NS
2025-06-17 00:00:00,NONE,0.0,0.0,0,0.02,0.0,0,0.0,15,1.33,Nacoes Shopping,NS
2025-06-17 00:00:00,MALE,0.0,0.0,0,4.74,0.0,0,0.0,2308,2.05,Nacoes Shopping,NS
2025-06-17 00:00:00,FEMALE,0.0,0.0,0,4.69,0.0,0,0.0,2175,2.16,Nacoes Shopping,NS
2025-06-18 00:00:00,NONE,0.0,0.0,0,0.03,0.0,0,0.0,10,3.0,Nacoes Shopping,NS
2025-06-18 00:00:00,MALE,0.0,0.0,0,4.86,0.0,0,0.0,2208,2.2,Nacoes Shopping,NS
2025-06-18 00:00:00,FEMALE,0.0,0.0,0,4.55,0.0,0,0.0,1977,2.3,Nacoes Shopping,NS
2025-06-19 00:00:00,NONE,0.0,0.0,0,0.0,0.0,0,0.0,16,0.0,Nacoes Shopping,NS
2025-06-19 00:00:00,MALE,0.0,0.0,0,4.82,0.0,0,0.0,2216,2.18,Nacoes Shopping,NS
2025-06-19 00:00:00,FEMALE,0.0,0.0,0,5.31,0.0,0,0.0,2360,2.25,Nacoes Shopping,NS
2025-06-20 00:00:00,NONE,0.0,0.0,0,0.03,0.0,0,0.0,11,2.73,Nacoes Shopping,NS
2025-06-20 00:00:00,MALE,0.0,0.0,0,4.34,0.0,0,0.0,1918,2.26,Nacoes Shopping,NS
2025-06-20 00:00:00,FEMALE,0.0,0.0,0,4.37,0.0,0,0.0,2087,2.09,Nacoes Shopping,NS
2025-06-21 00:00:00,NONE,0.0,0.0,0,0.01,0.0,0,0.0,10,1.0,Nacoes Shopping,NS
2025-06-21 00:00:00,MALE,0.0,0.0,0,3.92,0.0,0,0.0,1824,2.15,Nacoes Shopping,NS
2025-06-21 00:00:00,FEMALE,0.0,0.0,0,4.39,0.0,0,0.0,1985,2.21,Nacoes Shopping,NS
2025-06-22 00:00:00,NONE,0.0,0.0,0,0.0,0.0,0,0.0,5,0.0,Nacoes Shopping,NS
2025-06-22 00:00:00,MALE,0.0,0.0,0,3.64,0.0,0,0.0,1823,2.0,Nacoes Shopping,NS
2025-06-22 00:00:00,FEMALE,0.0,0.0,0,4.49,0.0,0,0.0,2097,2.14,Nacoes Shopping,NS
2025-06-23 00:00:00,NONE,0.0,0.0,0,0.0,0.0,0,0.0,9,0.0,Nacoes Shopping,NS
2025-06-23 00:00:00,MALE,0.0,0.0,0,3.83,0.0,0,0.0,1653,2.32,Nacoes Shopping,NS
2025-06-23 00:00:00,FEMALE,0.0,0.0,0,3.68,0.0,0,0.0,1725,2.13,Nacoes Shopping,NS
2025-06-24 00:00:00,NONE,0.0,0.0,0,0.0,0.0,0,0.0,4,0.0,Nacoes Shopping,NS
2025-06-24 00:00:00,MALE,0.0,0.0,0,3.54,0.0,0,0.0,1502,2.36,Nacoes Shopping,NS
2025-06-24 00:00:00,FEMALE,0.0,0.0,0,3.45,0.0,0,0.0,1379,2.5,Nacoes Shopping,NS
2025-06-25 00:00:00,NONE,0.0,0.0,0,0.02,0.0,0,0.0,8,2.5,Nacoes Shopping,NS
2025-06-25 00:00:00,MALE,0.0,0.0,0,3.43,0.0,0,0.0,1310,2.62,Nacoes Shopping,NS
2025-06-25 00:00:00,FEMALE,0.0,0.0,0,3.06,0.0,0,0.0,1260,2.43,Nacoes Shopping,NS
2025-06-26 00:00:00,NONE,0.0,0.0,0,0.0,0.0,0,0.0,9,0.0,Nacoes Shopping,NS
2025-06-26 00:00:00,MALE,0.0,0.0,0,2.97,0.0,0,0.0,1118,2.66,Nacoes Shopping,NS
2025-06-26 00:00:00,FEMALE,0.0,0.0,0,2.77,0.0,0,0.0,1074,2.58,Nacoes Shopping,NS
2025-06-27 00:00:00,NONE,0.0,0.0,0,0.03,0.0,0,0.0,8,3.75,Nacoes Shopping,NS
2025-06-27 00:00:00,MALE,0.0,0.0,0,3.87,0.0,0,0.0,1442,2.68,Nacoes Shopping,NS
2025-06-27 00:00:00,FEMALE,0.0,0.0,0,3.98,0.0,0,0.0,1526,2.61,Nacoes Shopping,NS
2025-06-28 00:00:00,NONE,0.0,0.0,0,0.02,0.0,0,0.0,10,2.0,Nacoes Shopping,NS
2025-06-28 00:00:00,MALE,0.0,0.0,0,6.28,0.0,0,0.0,2197,2.86,Nacoes Shopping,NS
2025-06-28 00:00:00,FEMALE,0.0,0.0,0,7.05,0.0,0,0.0,2603,2.71,Nacoes Shopping,NS
2025-06-29 00:00:00,NONE,0.0,0.0,0,0.05,0.0,0,0.0,19,2.63,Nacoes Shopping,NS
2025-06-29 00:00:00,MALE,0.0,0.0,0,6.63,0.0,0,0.0,2556,2.59,Nacoes Shopping,NS
2025-06-29 00:00:00,FEMALE,0.0,0.0,0,6.45,0.0,0,0.0,2562,2.52,Nacoes Shopping,NS
2025-06-30 00:00:00,NONE,0.0,0.0,0,0.08,0.0,0,0.0,48,1.67,Nacoes Shopping,NS
2025-06-30 00:00:00,MALE,0.0,0.0,0,11.51,0.0,0,0.0,4782,2.41,Nacoes Shopping,NS
2025-06-30 00:00:00,FEMALE,0.0,0.0,0,11.71,0.0,0,0.0,5095,2.3,Nacoes Shopping,NS
2025-07-01 00:00:00,NONE,0.0,0.0,0,0.1,0.0,0,0.0,58,1.72,Nacoes Shopping,NS
2025-07-01 00:00:00,MALE,0.0,0.0,0,13.58,0.0,0,0.0,8184,1.66,Nacoes Shopping,NS
2025-07-01 00:00:00,FEMALE,0.0,0.0,0,14.53,0.0,0,0.0,8778,1.66,Nacoes Shopping,NS
2025-07-02 00:00:00,NONE,0.0,0.0,0,0.11,0.0,0,0.0,60,1.83,Nacoes Shopping,NS
2025-07-02 00:00:00,MALE,0.0,0.0,0,13.44,0.0,0,0.0,7712,1.74,Nacoes Shopping,NS
2025-07-02 00:00:00,FEMALE,0.0,0.0,0,13.25,0.0,0,0.0,7230,1.83,Nacoes Shopping,NS
2025-07-03 00:00:00,NONE,0.0,0.0,0,0.11,0.0,0,0.0,77,1.43,Nacoes Shopping,NS
2025-07-03 00:00:00,MALE,0.0,0.0,0,21.85,0.0,0,0.0,11454,1.91,Nacoes Shopping,NS
2025-07-03 00:00:00,FEMALE,0.0,0.0,0,23.16,0.0,0,0.0,10873,2.13,Nacoes Shopping,NS
2025-07-04 00:00:00,NONE,0.0,0.0,0,0.2,0.0,0,0.0,92,2.17,Nacoes Shopping,NS
2025-07-04 00:00:00,MALE,0.0,0.0,0,23.63,0.0,0,0.0,12397,1.91,Nacoes Shopping,NS
2025-07-04 00:00:00,FEMALE,0.0,0.0,0,26.8,0.0,0,0.0,12586,2.13,Nacoes Shopping,NS
2025-07-05 00:00:00,NONE,0.0,0.0,0,0.24,0.0,0,0.0,106,2.26,Nacoes Shopping,NS
2025-07-05 00:00:00,MALE,0.0,0.0,0,24.24,0.0,0,0.0,12919,1.88,Nacoes Shopping,NS
2025-07-05 00:00:00,FEMALE,0.0,0.0,0,25.8,0.0,0,0.0,13466,1.92,Nacoes Shopping,NS
2025-07-06 00:00:00,NONE,0.0,0.0,0,0.23,0.0,0,0.0,134,1.72,Nacoes Shopping,NS
2025-07-06 00:00:00,MALE,0.0,0.0,0,22.96,0.0,0,0.0,12525,1.83,Nacoes Shopping,NS
2025-07-06 00:00:00,FEMALE,0.0,0.0,0,27.33,0.0,0,0.0,14024,1.95,Nacoes Shopping,NS
2025-07-07 00:00:00,NONE,0.0,0.0,0,0.22,0.0,0,0.0,88,2.5,Nacoes Shopping,NS
2025-07-07 00:00:00,MALE,0.0,0.0,0,23.38,0.0,0,0.0,12433,1.88,Nacoes Shopping,NS
2025-07-07 00:00:00,FEMALE,0.0,0.0,0,26.32,0.0,0,0.0,13569,1.94,Nacoes Shopping,NS
2025-07-08 00:00:00,NONE,0.0,0.0,0,0.24,0.0,0,0.0,96,2.5,Nacoes Shopping,NS
2025-07-08 00:00:00,MALE,0.0,0.0,0,22.6,0.0,0,0.0,12163,1.86,Nacoes Shopping,NS
2025-07-08 00:00:00,FEMALE,0.0,0.0,0,25.33,0.0,0,0.0,12615,2.01,Nacoes Shopping,NS
2025-07-09 00:00:00,NONE,0.0,0.0,0,0.1,0.0,0,0.0,59,1.69,Nacoes Shopping,NS
2025-07-09 00:00:00,MALE,0.0,0.0,0,21.83,0.0,0,0.0,11025,1.98,Nacoes Shopping,NS
2025-07-09 00:00:00,FEMALE,0.0,0.0,0,25.62,0.0,0,0.0,12101,2.12,Nacoes Shopping,NS
2025-07-10 00:00:00,NONE,0.0,0.0,0,0.16,0.0,0,0.0,110,1.45,Nacoes Shopping,NS
2025-07-10 00:00:00,MALE,0.0,0.0,0,22.37,0.0,0,0.0,11192,2.0,Nacoes Shopping,NS
2025-07-10 00:00:00,FEMALE,0.0,0.0,0,25.47,0.0,0,0.0,11806,2.16,Nacoes Shopping,NS
2025-07-11 00:00:00,NONE,0.0,0.0,0,0.19,0.0,0,0.0,74,2.57,Nacoes Shopping,NS
2025-07-11 00:00:00,MALE,0.0,0.0,0,23.39,0.0,0,0.0,11687,2.0,Nacoes Shopping,NS
2025-07-11 00:00:00,FEMALE,0.0,0.0,0,25.17,0.0,0,0.0,12358,2.04,Nacoes Shopping,NS
2025-07-12 00:00:00,NONE,0.0,0.0,0,0.14,0.0,0,0.0,78,1.79,Nacoes Shopping,NS
2025-07-12 00:00:00,MALE,0.0,0.0,0,22.49,0.0,0,0.0,11652,1.93,Nacoes Shopping,NS
2025-07-12 00:00:00,FEMALE,0.0,0.0,0,24.62,0.0,0,0.0,12956,1.9,Nacoes Shopping,NS
2025-07-13 00:00:00,NONE,0.0,0.0,0,0.17,0.0,0,0.0,86,1.98,Nacoes Shopping,NS
2025-07-13 00:00:00,MALE,0.0,0.0,0,21.25,0.0,0,0.0,11371,1.87,Nacoes Shopping,NS
2025-07-13 00:00:00,FEMALE,0.0,0.0,0,24.83,0.0,0,0.0,13092,1.9,Nacoes Shopping,NS
2025-07-14 00:00:00,NONE,0.0,0.0,0,0.2,0.0,0,0.0,63,3.17,Nacoes Shopping,NS
2025-07-14 00:00:00,MALE,0.0,0.0,0,21.71,0.0,0,0.0,12021,1.81,Nacoes Shopping,NS
2025-07-14 00:00:00,FEMALE,0.0,0.0,0,26.19,0.0,0,0.0,13700,1.91,Nacoes Shopping,NS
2025-07-15 00:00:00,NONE,0.0,0.0,0,0.11,0.0,0,0.0,66,1.67,Nacoes Shopping,NS
2025-07-15 00:00:00,MALE,0.0,0.0,0,21.84,0.0,0,0.0,11127,1.96,Nacoes Shopping,NS
2025-07-15 00:00:00,FEMALE,0.0,0.0,0,24.41,0.0,0,0.0,11896,2.05,Nacoes Shopping,NS
2025-07-16 00:00:00,NONE,0.0,0.0,0,0.19,0.0,0,0.0,101,1.88,Nacoes Shopping,NS
2025-07-16 00:00:00,MALE,0.0,0.0,0,34.5,0.0,0,0.0,15396,2.24,Nacoes Shopping,NS
2025-07-16 00:00:00,FEMALE,0.0,0.0,0,38.18,0.0,0,0.0,17227,2.22,Nacoes Shopping,NS
2025-07-17 00:00:00,NONE,0.0,0.0,0,0.36,0.0,0,0.0,175,2.06,Nacoes Shopping,NS
2025-07-17 00:00:00,MALE,0.0,0.0,0,42.82,0.0,0,0.0,18959,2.26,Nacoes Shopping,NS
2025-07-17 00:00:00,FEMALE,0.0,0.0,0,52.03,0.0,0,0.0,22778,2.28,Nacoes Shopping,NS
2025-07-18 00:00:00,NONE,0.0,0.0,0,0.62,0.0,0,0.0,249,2.49,Nacoes Shopping,NS
2025-07-18 00:00:00,MALE,0.0,0.0,0,65.9,0.0,0,0.0,29421,2.24,Nacoes Shopping,NS
2025-07-18 00:00:00,FEMALE,0.0,0.0,0,89.08,0.0,0,0.0,36240,2.46,Nacoes Shopping,NS
2025-07-19 00:00:00,NONE,0.0,0.0,0,0.45,0.0,0,0.0,246,1.83,Nacoes Shopping,NS
2025-07-19 00:00:00,MALE,0.0,0.0,0,78.21,0.0,0,0.0,33402,2.34,Nacoes Shopping,NS
2025-07-19 00:00:00,FEMALE,0.0,0.0,0,99.57,0.0,0,0.0,39763,2.5,Nacoes Shopping,NS
2025-07-20 00:00:00,NONE,0.0,0.0,0,0.49,0.0,0,0.0,166,2.95,Nacoes Shopping,NS
2025-07-20 00:00:00,MALE,0.0,0.0,0,52.19,0.0,0,0.0,22530,2.32,Nacoes Shopping,NS
2025-07-20 00:00:00,FEMALE,0.0,0.0,0,58.66,0.0,0,0.0,25241,2.32,Nacoes Shopping,NS
2025-07-21 00:00:00,NONE,0.0,0.0,0,0.26,0.0,0,0.0,171,1.52,Nacoes Shopping,NS
2025-07-21 00:00:00,MALE,0.0,0.0,0,41.38,0.0,0,0.0,18341,2.26,Nacoes Shopping,NS
2025-07-21 00:00:00,FEMALE,0.0,0.0,0,49.78,0.0,0,0.0,21886,2.27,Nacoes Shopping,NS
2025-07-22 00:00:00,NONE,0.0,0.0,0,0.35,0.0,0,0.0,150,2.33,Nacoes Shopping,NS
2025-07-22 00:00:00,MALE,0.0,0.0,0,40.18,0.0,0,0.0,17891,2.25,Nacoes Shopping,NS
2025-07-22 00:00:00,FEMALE,0.0,0.0,0,45.44,0.0,0,0.0,20065,2.26,Nacoes Shopping,NS
2025-07-23 00:00:00,NONE,0.0,0.0,0,0.27,0.0,0,0.0,143,1.89,Nacoes Shopping,NS
2025-07-23 00:00:00,MALE,0.0,0.0,0,41.06,0.0,0,0.0,18547,2.21,Nacoes Shopping,NS
2025-07-23 00:00:00,FEMALE,0.0,0.0,0,46.7,0.0,0,0.0,20516,2.28,Nacoes Shopping,NS
2025-07-24 00:00:00,NONE,0.0,0.0,0,0.14,0.0,0,0.0,116,1.21,Nacoes Shopping,NS
2025-07-24 00:00:00,MALE,0.0,0.0,0,37.8,0.0,0,0.0,17465,2.16,Nacoes Shopping,NS
2025-07-24 00:00:00,FEMALE,0.0,0.0,0,42.32,0.0,0,0.0,19232,2.2,Nacoes Shopping,NS
2025-07-25 00:00:00,NONE,0.0,0.0,0,0.22,0.0,0,0.0,109,2.02,Nacoes Shopping,NS
2025-07-25 00:00:00,MALE,0.0,0.0,0,36.43,0.0,0,0.0,15914,2.29,Nacoes Shopping,NS
2025-07-25 00:00:00,FEMALE,0.0,0.0,0,43.26,0.0,0,0.0,18381,2.35,Nacoes Shopping,NS
2025-07-26 00:00:00,NONE,0.0,0.0,0,0.29,0.0,0,0.0,117,2.48,Nacoes Shopping,NS
2025-07-26 00:00:00,MALE,0.0,0.0,0,34.27,0.0,0,0.0,14701,2.33,Nacoes Shopping,NS
2025-07-26 00:00:00,FEMALE,0.0,0.0,0,42.87,0.0,0,0.0,17367,2.47,Nacoes Shopping,NS
2025-07-27 00:00:00,NONE,0.0,0.0,0,0.25,0.0,0,0.0,90,2.78,Nacoes Shopping,NS
2025-07-27 00:00:00,MALE,0.0,0.0,0,33.92,0.0,0,0.0,14886,2.28,Nacoes Shopping,NS
2025-07-27 00:00:00,FEMALE,0.0,0.0,0,36.63,0.0,0,0.0,15978,2.29,Nacoes Shopping,NS
2025-07-28 00:00:00,NONE,0.0,0.0,0,0.19,0.0,0,0.0,89,2.13,Nacoes Shopping,NS
2025-07-28 00:00:00,MALE,0.0,0.0,0,27.44,0.0,0,0.0,12813,2.14,Nacoes Shopping,NS
2025-07-28 00:00:00,FEMALE,0.0,0.0,0,31.95,0.0,0,0.0,14992,2.13,Nacoes Shopping,NS
2025-07-29 00:00:00,NONE,0.0,0.0,0,0.25,0.0,0,0.0,116,2.16,Nacoes Shopping,NS
2025-07-29 00:00:00,MALE,0.0,0.0,0,23.23,0.0,0,0.0,11398,2.04,Nacoes Shopping,NS
2025-07-29 00:00:00,FEMALE,0.0,0.0,0,30.75,0.0,0,0.0,14325,2.15,Nacoes Shopping,NS
2025-07-30 00:00:00,NONE,0.0,0.0,0,0.11,0.0,0,0.0,43,2.56,Nacoes Shopping,NS
2025-07-30 00:00:00,MALE,0.0,0.0,0,16.62,0.0,0,0.0,7796,2.13,Nacoes Shopping,NS
2025-07-30 00:00:00,FEMALE,0.0,0.0,0,21.89,0.0,0,0.0,9771,2.24,Nacoes Shopping,NS
2025-07-31 00:00:00,NONE,0.0,0.0,0,0.04,0.0,0,0.0,30,1.33,Nacoes Shopping,NS
2025-07-31 00:00:00,MALE,0.0,0.0,0,13.25,0.0,0,0.0,6127,2.16,Nacoes Shopping,NS
2025-07-31 00:00:00,FEMALE,0.0,0.0,0,19.9,0.0,0,0.0,8963,2.22,Nacoes Shopping,NS
2025-08-01 00:00:00,NONE,0.0,0.0,0,0.13,0.0,0,0.0,64,2.03,Nacoes Shopping,NS
2025-08-01 00:00:00,MALE,0.0,0.0,0,16.95,0.0,0,0.0,8969,1.89,Nacoes Shopping,NS
2025-08-01 00:00:00,FEMALE,0.0,0.0,0,23.19,0.0,0,0.0,11914,1.95,Nacoes Shopping,NS
2025-08-02 00:00:00,NONE,0.0,0.0,0,0.12,0.0,0,0.0,93,1.29,Nacoes Shopping,NS
2025-08-02 00:00:00,MALE,0.0,0.0,0,16.87,0.0,0,0.0,9347,1.8,Nacoes Shopping,NS
2025-08-02 00:00:00,FEMALE,0.0,0.0,0,23.27,0.0,0,0.0,11765,1.98,Nacoes Shopping,NS
2025-08-03 00:00:00,NONE,0.0,0.0,0,0.1,0.0,0,0.0,84,1.19,Nacoes Shopping,NS
2025-08-03 00:00:00,MALE,0.0,0.0,0,17.04,0.0,0,0.0,9506,1.79,Nacoes Shopping,NS
2025-08-03 00:00:00,FEMALE,0.0,0.0,0,21.81,0.0,0,0.0,11481,1.9,Nacoes Shopping,NS
2025-08-04 00:00:00,NONE,0.0,0.0,0,0.13,0.0,0,0.0,88,1.48,Nacoes Shopping,NS
2025-08-04 00:00:00,MALE,0.0,0.0,0,18.28,0.0,0,0.0,9474,1.93,Nacoes Shopping,NS
2025-08-04 00:00:00,FEMALE,0.0,0.0,0,19.0,0.0,0,0.0,9910,1.92,Nacoes Shopping,NS
2025-08-05 00:00:00,NONE,0.0,0.0,0,0.12,0.0,0,0.0,109,1.1,Nacoes Shopping,NS
2025-08-05 00:00:00,MALE,0.0,0.0,0,17.04,0.0,0,0.0,8521,2.0,Nacoes Shopping,NS
2025-08-05 00:00:00,FEMALE,0.0,0.0,0,18.82,0.0,0,0.0,8975,2.1,Nacoes Shopping,NS
2025-08-06 00:00:00,NONE,0.0,0.0,0,0.14,0.0,0,0.0,83,1.69,Nacoes Shopping,NS
2025-08-06 00:00:00,MALE,0.0,0.0,0,17.86,0.0,0,0.0,8264,2.16,Nacoes Shopping,NS
2025-08-06 00:00:00,FEMALE,0.0,0.0,0,19.26,0.0,0,0.0,8457,2.28,Nacoes Shopping,NS
2025-08-07 00:00:00,NONE,0.0,0.0,0,0.13,0.0,0,0.0,63,2.06,Nacoes Shopping,NS
2025-08-07 00:00:00,MALE,0.0,0.0,0,17.31,0.0,0,0.0,8594,2.01,Nacoes Shopping,NS
2025-08-07 00:00:00,FEMALE,0.0,0.0,0,20.0,0.0,0,0.0,9540,2.1,Nacoes Shopping,NS
2025-08-08 00:00:00,NONE,0.0,0.0,0,0.12,0.0,0,0.0,59,2.03,Nacoes Shopping,NS
2025-08-08 00:00:00,MALE,0.0,0.0,0,17.48,0.0,0,0.0,8178,2.14,Nacoes Shopping,NS
2025-08-08 00:00:00,FEMALE,0.0,0.0,0,19.67,0.0,0,0.0,8872,2.22,Nacoes Shopping,NS
2025-08-09 00:00:00,NONE,0.0,0.0,0,0.16,0.0,0,0.0,65,2.46,Nacoes Shopping,NS
2025-08-09 00:00:00,MALE,0.0,0.0,0,17.38,0.0,0,0.0,8244,2.11,Nacoes Shopping,NS
2025-08-09 00:00:00,FEMALE,0.0,0.0,0,20.03,0.0,0,0.0,9081,2.21,Nacoes Shopping,NS
2025-08-10 00:00:00,NONE,0.0,0.0,0,0.15,0.0,0,0.0,65,2.31,Nacoes Shopping,NS
2025-08-10 00:00:00,MALE,0.0,0.0,0,16.67,0.0,0,0.0,8453,1.97,Nacoes Shopping,NS
2025-08-10 00:00:00,FEMALE,0.0,0.0,0,20.27,0.0,0,0.0,9554,2.12,Nacoes Shopping,NS
2025-08-11 00:00:00,NONE,0.0,0.0,0,0.13,0.0,0,0.0,72,1.81,Nacoes Shopping,NS
2025-08-11 00:00:00,MALE,0.0,0.0,0,16.62,0.0,0,0.0,8147,2.04,Nacoes Shopping,NS
2025-08-11 00:00:00,FEMALE,0.0,0.0,0,17.84,0.0,0,0.0,8721,2.05,Nacoes Shopping,NS
2025-08-12 00:00:00,NONE,0.0,0.0,0,0.11,0.0,0,0.0,66,1.67,Nacoes Shopping,NS
2025-08-12 00:00:00,MALE,0.0,0.0,0,17.23,0.0,0,0.0,8221,2.1,Nacoes Shopping,NS
2025-08-12 00:00:00,FEMALE,0.0,0.0,0,17.98,0.0,0,0.0,8399,2.14,Nacoes Shopping,NS
2025-08-13 00:00:00,NONE,0.0,0.0,0,0.22,0.0,0,0.0,92,2.39,Nacoes Shopping,NS
2025-08-13 00:00:00,MALE,0.0,0.0,0,17.13,0.0,0,0.0,8505,2.01,Nacoes Shopping,NS
2025-08-13 00:00:00,FEMALE,0.0,0.0,0,17.92,0.0,0,0.0,8353,2.15,Nacoes Shopping,NS
2025-08-14 00:00:00,NONE,0.0,0.0,0,0.13,0.0,0,0.0,54,2.41,Nacoes Shopping,NS
2025-08-14 00:00:00,MALE,0.0,0.0,0,16.23,0.0,0,0.0,8676,1.87,Nacoes Shopping,NS
2025-08-14 00:00:00,FEMALE,0.0,0.0,0,18.53,0.0,0,0.0,9404,1.97,Nacoes Shopping,NS
2025-08-15 00:00:00,NONE,0.0,0.0,0,0.12,0.0,0,0.0,68,1.76,Nacoes Shopping,NS
2025-08-15 00:00:00,MALE,0.0,0.0,0,15.62,0.0,0,0.0,8124,1.92,Nacoes Shopping,NS
2025-08-15 00:00:00,FEMALE,0.0,0.0,0,19.01,0.0,0,0.0,8599,2.21,Nacoes Shopping,NS
2025-08-16 00:00:00,NONE,0.0,0.0,0,0.11,0.0,0,0.0,66,1.67,Nacoes Shopping,NS
2025-08-16 00:00:00,MALE,0.0,0.0,0,16.63,0.0,0,0.0,8274,2.01,Nacoes Shopping,NS
2025-08-16 00:00:00,FEMALE,0.0,0.0,0,19.23,0.0,0,0.0,8939,2.15,Nacoes Shopping,NS
2025-08-17 00:00:00,NONE,0.0,0.0,0,0.09,0.0,0,0.0,60,1.5,Nacoes Shopping,NS
2025-08-17 00:00:00,MALE,0.0,0.0,0,16.1,0.0,0,0.0,7925,2.03,Nacoes Shopping,NS
2025-08-17 00:00:00,FEMALE,0.0,0.0,0,17.18,0.0,0,0.0,8576,2.0,Nacoes Shopping,NS
2025-08-18 00:00:00,NONE,0.0,0.0,0,0.07,0.0,0,0.0,64,1.09,Nacoes Shopping,NS
2025-08-18 00:00:00,MALE,0.0,0.0,0,15.54,0.0,0,0.0,7275,2.14,Nacoes Shopping,NS
2025-08-18 00:00:00,FEMALE,0.0,0.0,0,16.48,0.0,0,0.0,7656,2.15,Nacoes Shopping,NS
2025-08-19 00:00:00,NONE,0.0,0.0,0,0.14,0.0,0,0.0,71,1.97,Nacoes Shopping,NS
2025-08-19 00:00:00,MALE,0.0,0.0,0,16.66,0.0,0,0.0,7471,2.23,Nacoes Shopping,NS
2025-08-19 00:00:00,FEMALE,0.0,0.0,0,16.08,0.0,0,0.0,6980,2.3,Nacoes Shopping,NS
2025-08-20 00:00:00,NONE,0.0,0.0,0,0.16,0.0,0,0.0,99,1.62,Nacoes Shopping,NS
2025-08-20 00:00:00,MALE,0.0,0.0,0,15.98,0.0,0,0.0,7105,2.25,Nacoes Shopping,NS
2025-08-20 00:00:00,FEMALE,0.0,0.0,0,16.17,0.0,0,0.0,6568,2.46,Nacoes Shopping,NS
2025-08-21 00:00:00,NONE,0.0,0.0,0,0.1,0.0,0,0.0,53,1.89,Nacoes Shopping,NS
2025-08-21 00:00:00,MALE,0.0,0.0,0,14.27,0.0,0,0.0,6688,2.13,Nacoes Shopping,NS
2025-08-21 00:00:00,FEMALE,0.0,0.0,0,16.04,0.0,0,0.0,7118,2.25,Nacoes Shopping,NS
2025-08-22 00:00:00,NONE,0.0,0.0,0,0.07,0.0,0,0.0,54,1.3,Nacoes Shopping,NS
2025-08-22 00:00:00,MALE,0.0,0.0,0,13.09,0.0,0,0.0,5810,2.25,Nacoes Shopping,NS
2025-08-22 00:00:00,FEMALE,0.0,0.0,0,15.8,0.0,0,0.0,6641,2.38,Nacoes Shopping,NS
2025-08-23 00:00:00,NONE,0.0,0.0,0,0.12,0.0,0,0.0,63,1.9,Nacoes Shopping,NS
2025-08-23 00:00:00,MALE,0.0,0.0,0,14.1,0.0,0,0.0,6087,2.32,Nacoes Shopping,NS
2025-08-23 00:00:00,FEMALE,0.0,0.0,0,15.13,0.0,0,0.0,6810,2.22,Nacoes Shopping,NS
2025-08-24 00:00:00,NONE,0.0,0.0,0,0.09,0.0,0,0.0,54,1.67,Nacoes Shopping,NS
2025-08-24 00:00:00,MALE,0.0,0.0,0,13.54,0.0,0,0.0,6492,2.09,Nacoes Shopping,NS
2025-08-24 00:00:00,FEMALE,0.0,0.0,0,13.76,0.0,0,0.0,6466,2.13,Nacoes Shopping,NS
2025-08-25 00:00:00,NONE,0.0,0.0,0,0.06,0.0,0,0.0,52,1.15,Nacoes Shopping,NS
2025-08-25 00:00:00,MALE,0.0,0.0,0,11.88,0.0,0,0.0,5116,2.32,Nacoes Shopping,NS
2025-08-25 00:00:00,FEMALE,0.0,0.0,0,10.85,0.0,0,0.0,4670,2.32,Nacoes Shopping,NS
2025-08-26 00:00:00,NONE,0.0,0.0,0,0.15,0.0,0,0.0,57,2.63,Nacoes Shopping,NS
2025-08-26 00:00:00,MALE,0.0,0.0,0,11.94,0.0,0,0.0,5101,2.34,Nacoes Shopping,NS
2025-08-26 00:00:00,FEMALE,0.0,0.0,0,10.5,0.0,0,0.0,4482,2.34,Nacoes Shopping,NS
2025-08-27 00:00:00,NONE,0.0,0.0,0,0.25,0.0,0,0.0,87,2.87,Nacoes Shopping,NS
2025-08-27 00:00:00,MALE,0.0,0.0,0,13.83,0.0,0,0.0,5655,2.45,Nacoes Shopping,NS
2025-08-27 00:00:00,FEMALE,0.0,0.0,0,11.51,0.0,0,0.0,4797,2.4,Nacoes Shopping,NS
2025-08-28 00:00:00,NONE,0.0,0.0,0,0.04,0.0,0,0.0,50,0.8,Nacoes Shopping,NS
2025-08-28 00:00:00,MALE,0.0,0.0,0,12.52,0.0,0,0.0,5507,2.27,Nacoes Shopping,NS
2025-08-28 00:00:00,FEMALE,0.0,0.0,0,12.86,0.0,0,0.0,5761,2.23,Nacoes Shopping,NS
2025-08-29 00:00:00,NONE,0.0,0.0,0,0.14,0.0,0,0.0,78,1.79,Nacoes Shopping,NS
2025-08-29 00:00:00,MALE,0.0,0.0,0,22.37,0.0,0,0.0,10138,2.21,Nacoes Shopping,NS
2025-08-29 00:00:00,FEMALE,0.0,0.0,0,23.61,0.0,0,0.0,10602,2.23,Nacoes Shopping,NS
2025-08-30 00:00:00,NONE,0.0,0.0,0,0.18,0.0,0,0.0,95,1.89,Nacoes Shopping,NS
2025-08-30 00:00:00,MALE,0.0,0.0,0,25.08,0.0,0,0.0,11351,2.21,Nacoes Shopping,NS
2025-08-30 00:00:00,FEMALE,0.0,0.0,0,27.98,0.0,0,0.0,12245,2.29,Nacoes Shopping,NS
2025-08-31 00:00:00,NONE,0.0,0.0,0,0.2,0.0,0,0.0,113,1.77,Nacoes Shopping,NS
2025-08-31 00:00:00,MALE,0.0,0.0,0,21.85,0.0,0,0.0,10416,2.1,Nacoes Shopping,NS
2025-08-31 00:00:00,FEMALE,0.0,0.0,0,23.52,0.0,0,0.0,10223,2.3,Nacoes Shopping,NS
2025-09-01 00:00:00,NONE,0.0,0.0,0,0.26,0.0,0,0.0,130,2.0,Nacoes Shopping,NS
2025-09-01 00:00:00,MALE,0.0,0.0,0,18.39,0.0,0,0.0,9884,1.86,Nacoes Shopping,NS
2025-09-01 00:00:00,FEMALE,0.0,0.0,0,23.38,0.0,0,0.0,11213,2.09,Nacoes Shopping,NS
2025-09-02 00:00:00,NONE,0.0,0.0,0,0.21,0.0,0,0.0,134,1.57,Nacoes Shopping,NS
2025-09-02 00:00:00,MALE,0.0,0.0,0,19.87,0.0,0,0.0,9452,2.1,Nacoes Shopping,NS
2025-09-02 00:00:00,FEMALE,0.0,0.0,0,21.9,0.0,0,0.0,10415,2.1,Nacoes Shopping,NS
2025-09-03 00:00:00,NONE,0.0,0.0,0,0.26,0.0,0,0.0,155,1.68,Nacoes Shopping,NS
2025-09-03 00:00:00,MALE,0.0,0.0,0,19.43,0.0,0,0.0,8730,2.23,Nacoes Shopping,NS
2025-09-03 00:00:00,FEMALE,0.0,0.0,0,22.68,0.0,0,0.0,9590,2.36,Nacoes Shopping,NS
2025-09-04 00:00:00,NONE,0.0,0.0,0,0.23,0.0,0,0.0,133,1.73,Nacoes Shopping,NS
2025-09-04 00:00:00,MALE,0.0,0.0,0,19.75,0.0,0,0.0,8365,2.36,Nacoes Shopping,NS
2025-09-04 00:00:00,FEMALE,0.0,0.0,0,23.15,0.0,0,0.0,8923,2.59,Nacoes Shopping,NS
2025-09-05 00:00:00,NONE,0.0,0.0,0,0.21,0.0,0,0.0,117,1.79,Nacoes Shopping,NS
2025-09-05 00:00:00,MALE,0.0,0.0,0,20.17,0.0,0,0.0,9134,2.21,Nacoes Shopping,NS
2025-09-05 00:00:00,FEMALE,0.0,0.0,0,24.41,0.0,0,0.0,10981,2.22,Nacoes Shopping,NS
2025-09-06 00:00:00,NONE,0.0,0.0,0,0.21,0.0,0,0.0,112,1.88,Nacoes Shopping,NS
2025-09-06 00:00:00,MALE,0.0,0.0,0,19.16,0.0,0,0.0,8552,2.24,Nacoes Shopping,NS
2025-09-06 00:00:00,FEMALE,0.0,0.0,0,22.59,0.0,0,0.0,10658,2.12,Nacoes Shopping,NS
2025-09-07 00:00:00,NONE,0.0,0.0,0,0.25,0.0,0,0.0,101,2.48,Nacoes Shopping,NS
2025-09-07 00:00:00,MALE,0.0,0.0,0,20.02,0.0,0,0.0,8758,2.29,Nacoes Shopping,NS
2025-09-07 00:00:00,FEMALE,0.0,0.0,0,21.73,0.0,0,0.0,10022,2.17,Nacoes Shopping,NS
2025-09-08 00:00:00,NONE,0.0,0.0,0,0.24,0.0,0,0.0,133,1.8,Nacoes Shopping,NS
2025-09-08 00:00:00,MALE,0.0,0.0,0,18.75,0.0,0,0.0,8412,2.23,Nacoes Shopping,NS
2025-09-08 00:00:00,FEMALE,0.0,0.0,0,21.9,0.0,0,0.0,9653,2.27,Nacoes Shopping,NS
2025-09-09 00:00:00,NONE,0.0,0.0,0,0.13,0.0,0,0.0,49,2.65,Nacoes Shopping,NS
2025-09-09 00:00:00,MALE,0.0,0.0,0,24.89,0.0,0,0.0,11225,2.22,Nacoes Shopping,NS
2025-09-09 00:00:00,FEMALE,0.0,0.0,0,31.66,0.0,0,0.0,13053,2.43,Nacoes Shopping,NS
2025-09-10 00:00:00,NONE,0.0,0.0,0,0.09,0.0,0,0.0,41,2.2,Nacoes Shopping,NS
2025-09-10 00:00:00,MALE,0.0,0.0,0,31.92,0.0,0,0.0,13834,2.31,Nacoes Shopping,NS
2025-09-10 00:00:00,FEMALE,0.0,0.0,0,44.71,0.0,0,0.0,16370,2.73,Nacoes Shopping,NS
2025-09-11 00:00:00,NONE,0.0,0.0,0,0.04,0.0,0,0.0,31,1.29,Nacoes Shopping,NS
2025-09-11 00:00:00,MALE,0.0,0.0,0,32.63,0.0,0,0.0,13457,2.42,Nacoes Shopping,NS
2025-09-11 00:00:00,FEMALE,0.0,0.0,0,44.77,0.0,0,0.0,15375,2.91,Nacoes Shopping,NS
2025-09-12 00:00:00,NONE,0.0,0.0,0,0.08,0.0,0,0.0,27,2.96,Nacoes Shopping,NS
2025-09-12 00:00:00,MALE,0.0,0.0,0,31.04,0.0,0,0.0,12216,2.54,Nacoes Shopping,NS
2025-09-12 00:00:00,FEMALE,0.0,0.0,0,45.05,0.0,0,0.0,15117,2.98,Nacoes Shopping,NS
2025-09-13 00:00:00,NONE,0.0,0.0,0,0.04,0.0,0,0.0,14,2.86,Nacoes Shopping,NS
2025-09-13 00:00:00,MALE,0.0,0.0,0,13.22,0.0,0,0.0,4653,2.84,Nacoes Shopping,NS
2025-09-13 00:00:00,FEMALE,0.0,0.0,0,16.91,0.0,0,0.0,5608,3.02,Nacoes Shopping,NS
2025-09-14 00:00:00,NONE,0.0,0.0,0,0.0,0.0,0,0.0,0,0.0,Nacoes Shopping,NS
2025-09-14 00:00:00,MALE,0.0,0.0,0,0.0,0.0,0,0.0,0,0.0,Nacoes Shopping,NS
2025-09-14 00:00:00,FEMALE,0.0,0.0,0,0.0,0.0,0,0.0,0,0.0,Nacoes Shopping,NS
2025-09-15 00:00:00,NONE,0.0,0.0,0,0.0,0.0,0,0.0,0,0.0,Nacoes Shopping,NS
2025-09-15 00:00:00,MALE,0.0,0.0,0,0.0,0.0,0,0.0,0,0.0,Nacoes Shopping,NS
2025-09-16 00:00:00,NONE,0.0,0.0,0,0.0,0.0,0,0.0,0,0.0,Nacoes Shopping,NS
2025-09-17 00:00:00,NONE,0.0,0.0,0,0.0,0.0,0,0.0,0,0.0,Nacoes Shopping,NS
2025-09-18 00:00:00,NONE,0.0,0.0,0,0.0,0.0,0,0.0,0,0.0,Nacoes Shopping,NS
2025-09-26 00:00:00,NONE,0.0,0.0,0,0.02,0.0,0,0.0,19,1.05,Nacoes Shopping,NS
2025-09-26 00:00:00,MALE,0.0,0.0,0,8.36,0.0,0,0.0,3816,2.19,Nacoes Shopping,NS
2025-09-26 00:00:00,FEMALE,0.0,0.0,0,11.77,0.0,0,0.0,4964,2.37,Nacoes Shopping,NS
2025-09-27 00:00:00,NONE,0.0,0.0,0,0.03,0.0,0,0.0,29,1.03,Nacoes Shopping,NS
2025-09-27 00:00:00,MALE,0.0,0.0,0,18.32,0.0,0,0.0,7734,2.37,Nacoes Shopping,NS
2025-09-27 00:00:00,FEMALE,0.0,0.0,0,23.94,0.0,0,0.0,9704,2.47,Nacoes Shopping,NS
2025-09-28 00:00:00,NONE,0.0,0.0,0,0.1,0.0,0,0.0,49,2.04,Nacoes Shopping,NS
2025-09-28 00:00:00,MALE,0.0,0.0,0,19.36,0.0,0,0.0,8396,2.31,Nacoes Shopping,NS
2025-09-28 00:00:00,FEMALE,0.0,0.0,0,23.32,0.0,0,0.0,9836,2.37,Nacoes Shopping,NS
2025-09-29 00:00:00,NONE,0.0,0.0,0,0.16,0.0,0,0.0,58,2.76,Nacoes Shopping,NS
2025-09-29 00:00:00,MALE,0.0,0.0,0,19.62,0.0,0,0.0,8082,2.43,Nacoes Shopping,NS
2025-09-29 00:00:00,FEMALE,0.0,0.0,0,22.76,0.0,0,0.0,8962,2.54,Nacoes Shopping,NS
2025-09-30 00:00:00,NONE,0.0,0.0,0,0.18,0.0,0,0.0,78,2.31,Nacoes Shopping,NS
2025-09-30 00:00:00,MALE,0.0,0.0,0,21.12,0.0,0,0.0,8461,2.5,Nacoes Shopping,NS
2025-09-30 00:00:00,FEMALE,0.0,0.0,0,20.26,0.0,0,0.0,8045,2.52,Nacoes Shopping,NS
2025-10-01 00:00:00,NONE,0.0,0.0,0,0.14,0.0,0,0.0,97,1.44,Nacoes Shopping,NS
2025-10-01 00:00:00,MALE,0.0,0.0,0,16.78,0.0,0,0.0,8906,1.88,Nacoes Shopping,NS
2025-10-01 00:00:00,FEMALE,0.0,0.0,0,23.27,0.0,0,0.0,10118,2.3,Nacoes Shopping,NS
2025-10-02 00:00:00,NONE,0.0,0.0,0,0.19,0.0,0,0.0,107,1.78,Nacoes Shopping,NS
2025-10-02 00:00:00,MALE,0.0,0.0,0,17.85,0.0,0,0.0,9213,1.94,Nacoes Shopping,NS
2025-10-02 00:00:00,FEMALE,0.0,0.0,0,22.71,0.0,0,0.0,9366,2.42,Nacoes Shopping,NS
2025-10-03 00:00:00,NONE,0.0,0.0,0,0.13,0.0,0,0.0,73,1.78,Nacoes Shopping,NS
2025-10-03 00:00:00,MALE,0.0,0.0,0,18.64,0.0,0,0.0,9212,2.02,Nacoes Shopping,NS
2025-10-03 00:00:00,FEMALE,0.0,0.0,0,22.06,0.0,0,0.0,10055,2.19,Nacoes Shopping,NS
2025-10-04 00:00:00,NONE,0.0,0.0,0,0.11,0.0,0,0.0,71,1.55,Nacoes Shopping,NS
2025-10-04 00:00:00,MALE,0.0,0.0,0,16.59,0.0,0,0.0,8818,1.88,Nacoes Shopping,NS
2025-10-04 00:00:00,FEMALE,0.0,0.0,0,21.77,0.0,0,0.0,10453,2.08,Nacoes Shopping,NS
2025-10-05 00:00:00,NONE,0.0,0.0,0,0.05,0.0,0,0.0,56,0.89,Nacoes Shopping,NS
2025-10-05 00:00:00,MALE,0.0,0.0,0,16.75,0.0,0,0.0,9032,1.85,Nacoes Shopping,NS
2025-10-05 00:00:00,FEMALE,0.0,0.0,0,20.71,0.0,0,0.0,10149,2.04,Nacoes Shopping,NS
2025-10-06 00:00:00,NONE,0.0,0.0,0,0.09,0.0,0,0.0,55,1.64,Nacoes Shopping,NS
2025-10-06 00:00:00,MALE,0.0,0.0,0,16.6,0.0,0,0.0,8501,1.95,Nacoes Shopping,NS
2025-10-06 00:00:00,FEMALE,0.0,0.0,0,20.7,0.0,0,0.0,9370,2.21,Nacoes Shopping,NS
2025-10-07 00:00:00,NONE,0.0,0.0,0,0.24,0.0,0,0.0,83,2.89,Nacoes Shopping,NS
2025-10-07 00:00:00,MALE,0.0,0.0,0,16.93,0.0,0,0.0,7843,2.16,Nacoes Shopping,NS
2025-10-07 00:00:00,FEMALE,0.0,0.0,0,20.84,0.0,0,0.0,9142,2.28,Nacoes Shopping,NS
2025-10-08 00:00:00,NONE,0.0,0.0,0,0.1,0.0,0,0.0,61,1.64,Nacoes Shopping,NS
2025-10-08 00:00:00,MALE,0.0,0.0,0,16.52,0.0,0,0.0,7618,2.17,Nacoes Shopping,NS
2025-10-08 00:00:00,FEMALE,0.0,0.0,0,20.67,0.0,0,0.0,8316,2.49,Nacoes Shopping,NS
2025-10-09 00:00:00,NONE,0.0,0.0,0,0.2,0.0,0,0.0,77,2.6,Nacoes Shopping,NS
2025-10-09 00:00:00,MALE,0.0,0.0,0,16.5,0.0,0,0.0,7404,2.23,Nacoes Shopping,NS
2025-10-09 00:00:00,FEMALE,0.0,0.0,0,20.06,0.0,0,0.0,8485,2.36,Nacoes Shopping,NS
2025-10-10 00:00:00,NONE,0.0,0.0,0,0.1,0.0,0,0.0,63,1.59,Nacoes Shopping,NS
2025-10-10 00:00:00,MALE,0.0,0.0,0,17.2,0.0,0,0.0,7832,2.2,Nacoes Shopping,NS
2025-10-10 00:00:00,FEMALE,0.0,0.0,0,20.28,0.0,0,0.0,9671,2.1,Nacoes Shopping,NS
2025-10-11 00:00:00,NONE,0.0,0.0,0,0.13,0.0,0,0.0,46,2.83,Nacoes Shopping,NS
2025-10-11 00:00:00,MALE,0.0,0.0,0,15.19,0.0,0,0.0,7653,1.98,Nacoes Shopping,NS
2025-10-11 00:00:00,FEMALE,0.0,0.0,0,19.4,0.0,0,0.0,9402,2.06,Nacoes Shopping,NS
2025-10-12 00:00:00,NONE,0.0,0.0,0,0.09,0.0,0,0.0,51,1.76,Nacoes Shopping,NS
2025-10-12 00:00:00,MALE,0.0,0.0,0,15.12,0.0,0,0.0,8042,1.88,Nacoes Shopping,NS
2025-10-12 00:00:00,FEMALE,0.0,0.0,0,19.65,0.0,0,0.0,9543,2.06,Nacoes Shopping,NS
2025-10-13 00:00:00,NONE,0.0,0.0,0,0.14,0.0,0,0.0,65,2.15,Nacoes Shopping,NS
2025-10-13 00:00:00,MALE,0.0,0.0,0,13.62,0.0,0,0.0,7111,1.92,Nacoes Shopping,NS
2025-10-13 00:00:00,FEMALE,0.0,0.0,0,20.22,0.0,0,0.0,8998,2.25,Nacoes Shopping,NS
2025-10-14 00:00:00,NONE,0.0,0.0,0,0.17,0.0,0,0.0,71,2.39,Nacoes Shopping,NS
2025-10-14 00:00:00,MALE,0.0,0.0,0,13.83,0.0,0,0.0,6834,2.02,Nacoes Shopping,NS
2025-10-14 00:00:00,FEMALE,0.0,0.0,0,19.94,0.0,0,0.0,8331,2.39,Nacoes Shopping,NS
2025-10-15 00:00:00,NONE,0.0,0.0,0,0.15,0.0,0,0.0,71,2.11,Nacoes Shopping,NS
2025-10-15 00:00:00,MALE,0.0,0.0,0,14.39,0.0,0,0.0,6524,2.21,Nacoes Shopping,NS
2025-10-15 00:00:00,FEMALE,0.0,0.0,0,18.16,0.0,0,0.0,7327,2.48,Nacoes Shopping,NS
2025-10-16 00:00:00,NONE,0.0,0.0,0,0.17,0.0,0,0.0,55,3.09,Nacoes Shopping,NS
2025-10-16 00:00:00,MALE,0.0,0.0,0,15.86,0.0,0,0.0,6865,2.31,Nacoes Shopping,NS
2025-10-16 00:00:00,FEMALE,0.0,0.0,0,17.11,0.0,0,0.0,6995,2.45,Nacoes Shopping,NS
2025-10-17 00:00:00,NONE,0.0,0.0,0,0.12,0.0,0,0.0,65,1.85,Nacoes Shopping,NS
2025-10-17 00:00:00,MALE,0.0,0.0,0,15.8,0.0,0,0.0,6848,2.31,Nacoes Shopping,NS
2025-10-17 00:00:00,FEMALE,0.0,0.0,0,17.67,0.0,0,0.0,7731,2.29,Nacoes Shopping,NS
2025-10-18 00:00:00,NONE,0.0,0.0,0,0.12,0.0,0,0.0,44,2.73,Nacoes Shopping,NS
2025-10-18 00:00:00,MALE,0.0,0.0,0,13.24,0.0,0,0.0,6561,2.02,Nacoes Shopping,NS
2025-10-18 00:00:00,FEMALE,0.0,0.0,0,17.58,0.0,0,0.0,7911,2.22,Nacoes Shopping,NS
2025-10-19 00:00:00,NONE,0.0,0.0,0,0.04,0.0,0,0.0,33,1.21,Nacoes Shopping,NS
2025-10-19 00:00:00,MALE,0.0,0.0,0,13.19,0.0,0,0.0,6412,2.06,Nacoes Shopping,NS
2025-10-19 00:00:00,FEMALE,0.0,0.0,0,16.12,0.0,0,0.0,7352,2.19,Nacoes Shopping,NS
2025-10-20 00:00:00,NONE,0.0,0.0,0,0.14,0.0,0,0.0,61,2.3,Nacoes Shopping,NS
2025-10-20 00:00:00,MALE,0.0,0.0,0,13.78,0.0,0,0.0,6298,2.19,Nacoes Shopping,NS
2025-10-20 00:00:00,FEMALE,0.0,0.0,0,14.62,0.0,0,0.0,6378,2.29,Nacoes Shopping,NS
2025-10-21 00:00:00,NONE,0.0,0.0,0,0.13,0.0,0,0.0,49,2.65,Nacoes Shopping,NS
2025-10-21 00:00:00,MALE,0.0,0.0,0,13.44,0.0,0,0.0,5543,2.42,Nacoes Shopping,NS
2025-10-21 00:00:00,FEMALE,0.0,0.0,0,13.61,0.0,0,0.0,5447,2.5,Nacoes Shopping,NS
2025-10-22 00:00:00,NONE,0.0,0.0,0,0.13,0.0,0,0.0,64,2.03,Nacoes Shopping,NS
2025-10-22 00:00:00,MALE,0.0,0.0,0,13.08,0.0,0,0.0,5082,2.57,Nacoes Shopping,NS
2025-10-22 00:00:00,FEMALE,0.0,0.0,0,12.03,0.0,0,0.0,4576,2.63,Nacoes Shopping,NS
2025-10-23 00:00:00,NONE,0.0,0.0,0,0.15,0.0,0,0.0,49,3.06,Nacoes Shopping,NS
2025-10-23 00:00:00,MALE,0.0,0.0,0,12.43,0.0,0,0.0,4879,2.55,Nacoes Shopping,NS
2025-10-23 00:00:00,FEMALE,0.0,0.0,0,10.37,0.0,0,0.0,4067,2.55,Nacoes Shopping,NS
2025-10-24 00:00:00,NONE,0.0,0.0,0,0.07,0.0,0,0.0,20,3.5,Nacoes Shopping,NS
2025-10-24 00:00:00,MALE,0.0,0.0,0,6.91,0.0,0,0.0,2962,2.33,Nacoes Shopping,NS
2025-10-24 00:00:00,FEMALE,0.0,0.0,0,6.95,0.0,0,0.0,2928,2.37,Nacoes Shopping,NS
2025-10-25 00:00:00,NONE,0.0,0.0,0,0.03,0.0,0,0.0,6,5.0,Nacoes Shopping,NS
2025-10-25 00:00:00,MALE,0.0,0.0,0,4.17,0.0,0,0.0,1834,2.27,Nacoes Shopping,NS
2025-10-25 00:00:00,FEMALE,0.0,0.0,0,4.64,0.0,0,0.0,2165,2.14,Nacoes Shopping,NS
2025-10-26 00:00:00,NONE,0.0,0.0,0,0.0,0.0,0,0.0,1,0.0,Nacoes Shopping,NS
2025-10-26 00:00:00,MALE,0.0,0.0,0,0.83,0.0,0,0.0,462,1.8,Nacoes Shopping,NS
2025-10-26 00:00:00,FEMALE,0.0,0.0,0,0.8,0.0,0,0.0,362,2.21,Nacoes Shopping,NS
2025-10-27 00:00:00,MALE,0.0,0.0,0,0.0,0.0,0,0.0,0,0.0,Nacoes Shopping,NS
2025-10-30 00:00:00,NONE,0.0,0.0,0,0.13,0.0,0,0.0,50,2.6,Nacoes Shopping,NS
2025-10-30 00:00:00,MALE,0.02,0.0,1,17.93,17.93,0,0.0,5590,3.21,Nacoes Shopping,NS
2025-10-30 00:00:00,FEMALE,0.05,0.0,4,20.92,5.23,0,0.0,7615,2.75,Nacoes Shopping,NS
2025-10-31 00:00:00,NONE,0.0,0.0,0,0.31,0.0,0,0.0,79,3.92,Nacoes Shopping,NS
2025-10-31 00:00:00,MALE,0.05,0.0,5,33.64,6.73,0,0.0,10633,3.16,Nacoes Shopping,NS
2025-10-31 00:00:00,FEMALE,0.03,0.0,4,43.69,10.92,0,0.0,14906,2.93,Nacoes Shopping,NS
2025-11-01 00:00:00,NONE,0.0,0.0,0,0.14,0.0,0,0.0,61,2.3,Nacoes Shopping,NS
2025-11-01 00:00:00,MALE,0.03,0.0,4,31.89,7.97,0,0.0,11826,2.7,Nacoes Shopping,NS
2025-11-01 00:00:00,FEMALE,0.06,0.0,11,42.25,3.84,0,0.0,17096,2.47,Nacoes Shopping,NS
2025-11-02 00:00:00,NONE,0.0,0.0,0,0.13,0.0,0,0.0,72,1.81,Nacoes Shopping,NS
2025-11-02 00:00:00,MALE,0.09,0.0,11,31.59,2.87,0,0.0,11589,2.73,Nacoes Shopping,NS
2025-11-02 00:00:00,FEMALE,0.06,0.0,10,37.09,3.71,0,0.0,16100,2.3,Nacoes Shopping,NS
2025-11-03 00:00:00,NONE,0.0,0.0,0,0.19,0.0,0,0.0,63,3.02,Nacoes Shopping,NS
2025-11-03 00:00:00,MALE,0.04,0.0,4,31.14,7.79,0,0.0,11306,2.75,Nacoes Shopping,NS
2025-11-03 00:00:00,FEMALE,0.02,0.0,3,36.2,12.07,0,0.0,14402,2.51,Nacoes Shopping,NS
2025-11-04 00:00:00,NONE,0.0,0.0,0,0.28,0.0,0,0.0,98,2.86,Nacoes Shopping,NS
2025-11-04 00:00:00,MALE,0.07,0.0,8,31.7,3.96,0,0.0,11741,2.7,Nacoes Shopping,NS
2025-11-04 00:00:00,FEMALE,0.01,0.0,2,37.33,18.67,0,0.0,15018,2.49,Nacoes Shopping,NS
2025-11-05 00:00:00,NONE,0.0,0.0,0,0.17,0.0,0,0.0,71,2.39,Nacoes Shopping,NS
2025-11-05 00:00:00,MALE,0.09,0.0,9,28.24,3.14,0,0.0,10393,2.72,Nacoes Shopping,NS
2025-11-05 00:00:00,FEMALE,0.05,0.0,7,39.42,5.63,0,0.0,14771,2.67,Nacoes Shopping,NS
2025-11-06 00:00:00,NONE,0.0,0.0,0,0.14,0.0,0,0.0,57,2.46,Nacoes Shopping,NS
2025-11-06 00:00:00,MALE,0.04,0.0,4,29.85,7.46,0,0.0,9634,3.1,Nacoes Shopping,NS
2025-11-06 00:00:00,FEMALE,0.05,0.0,7,35.25,5.04,0,0.0,13224,2.67,Nacoes Shopping,NS
2025-11-07 00:00:00,NONE,0.0,0.0,0,0.05,0.0,0,0.0,50,1.0,Nacoes Shopping,NS
2025-11-07 00:00:00,MALE,0.05,0.0,4,25.15,6.29,0,0.0,7980,3.15,Nacoes Shopping,NS
2025-11-07 00:00:00,FEMALE,0.03,0.0,4,34.7,8.68,0,0.0,12447,2.79,Nacoes Shopping,NS
2025-11-08 00:00:00,NONE,0.0,0.0,0,0.06,0.0,0,0.0,32,1.88,Nacoes Shopping,NS
2025-11-08 00:00:00,MALE,0.17,0.0,11,17.25,1.57,0,0.0,6393,2.7,Nacoes Shopping,NS
2025-11-08 00:00:00,FEMALE,0.03,0.0,4,28.85,7.21,0,0.0,11460,2.52,Nacoes Shopping,NS
2025-11-09 00:00:00,NONE,0.0,0.0,0,0.14,0.0,0,0.0,35,4.0,Nacoes Shopping,NS
2025-11-09 00:00:00,MALE,0.04,0.0,2,13.82,6.91,0,0.0,5120,2.7,Nacoes Shopping,NS
2025-11-09 00:00:00,FEMALE,0.03,0.0,3,26.23,8.74,0,0.0,9916,2.65,Nacoes Shopping,NS
2025-11-10 00:00:00,NONE,0.0,0.0,0,0.09,0.0,0,0.0,49,1.84,Nacoes Shopping,NS
2025-11-10 00:00:00,MALE,0.02,0.0,1,15.77,15.77,0,0.0,5282,2.99,Nacoes Shopping,NS
2025-11-10 00:00:00,FEMALE,0.09,0.0,8,25.62,3.2,0,0.0,9349,2.74,Nacoes Shopping,NS
2025-11-11 00:00:00,NONE,5.75,0.0,5,0.4,0.08,0,0.0,87,4.6,Nacoes Shopping,NS
2025-11-11 00:00:00,MALE,4.19,0.0,382,38.98,0.1,0,0.0,9111,4.28,Nacoes Shopping,NS
2025-11-11 00:00:00,FEMALE,4.58,0.0,488,46.8,0.1,0,0.0,10664,4.39,Nacoes Shopping,NS
2025-11-12 00:00:00,NONE,1.56,0.0,1,0.22,0.22,0,0.0,64,3.44,Nacoes Shopping,NS
2025-11-12 00:00:00,MALE,4.39,0.0,419,37.69,0.09,0,0.0,9543,3.95,Nacoes Shopping,NS
2025-11-12 00:00:00,FEMALE,5.62,0.0,517,42.4,0.08,0,0.0,9194,4.61,Nacoes Shopping,NS
2025-11-13 00:00:00,NONE,16.67,0.0,14,0.72,0.05,0,0.0,84,8.57,Nacoes Shopping,NS
2025-11-13 00:00:00,MALE,6.01,0.0,553,40.91,0.07,0,0.0,9208,4.44,Nacoes Shopping,NS
2025-11-13 00:00:00,FEMALE,7.29,0.0,660,46.14,0.07,0,0.0,9052,5.1,Nacoes Shopping,NS
2025-11-14 00:00:00,NONE,2.63,0.0,2,0.27,0.14,0,0.0,76,3.55,Nacoes Shopping,NS
2025-11-14 00:00:00,MALE,6.5,0.0,539,40.53,0.08,0,0.0,8289,4.89,Nacoes Shopping,NS
2025-11-14 00:00:00,FEMALE,9.23,0.0,793,49.59,0.06,0,0.0,8592,5.77,Nacoes Shopping,NS
2025-11-15 00:00:00,NONE,6.19,0.0,6,0.42,0.07,0,0.0,97,4.33,Nacoes Shopping,NS
2025-11-15 00:00:00,MALE,4.4,0.0,374,39.14,0.1,0,0.0,8506,4.6,Nacoes Shopping,NS
2025-11-15 00:00:00,FEMALE,4.52,0.0,376,37.51,0.1,0,0.0,8318,4.51,Nacoes Shopping,NS
2025-11-16 00:00:00,NONE,3.23,0.0,2,0.75,0.38,0,0.0,62,12.1,Nacoes Shopping,NS
2025-11-16 00:00:00,MALE,6.25,0.0,533,37.9,0.07,0,0.0,8528,4.44,Nacoes Shopping,NS
2025-11-16 00:00:00,FEMALE,6.34,0.0,523,42.14,0.08,0,0.0,8255,5.1,Nacoes Shopping,NS
2025-11-17 00:00:00,NONE,3.23,0.0,3,0.25,0.08,0,0.0,93,2.69,Nacoes Shopping,NS
2025-11-17 00:00:00,MALE,5.44,0.0,428,34.86,0.08,0,0.0,7866,4.43,Nacoes Shopping,NS
2025-11-17 00:00:00,FEMALE,7.47,0.0,606,42.12,0.07,0,0.0,8112,5.19,Nacoes Shopping,NS
2025-11-18 00:00:00,NONE,9.26,0.0,5,0.37,0.07,0,0.0,54,6.85,Nacoes Shopping,NS
2025-11-18 00:00:00,MALE,3.73,0.0,280,37.3,0.13,0,0.0,7514,4.96,Nacoes Shopping,NS
2025-11-18 00:00:00,FEMALE,4.5,0.0,339,36.26,0.11,0,0.0,7532,4.81,Nacoes Shopping,NS
2025-11-19 00:00:00,NONE,3.51,0.0,2,0.31,0.16,0,0.0,57,5.44,Nacoes Shopping,NS
2025-11-19 00:00:00,MALE,6.24,0.0,433,36.7,0.08,0,0.0,6937,5.29,Nacoes Shopping,NS
2025-11-19 00:00:00,FEMALE,6.01,0.0,451,40.24,0.09,0,0.0,7505,5.36,Nacoes Shopping,NS
2025-11-20 00:00:00,NONE,7.5,0.0,6,0.33,0.06,0,0.0,80,4.13,Nacoes Shopping,NS
2025-11-20 00:00:00,MALE,5.31,0.0,386,33.97,0.09,0,0.0,7271,4.67,Nacoes Shopping,NS
2025-11-20 00:00:00,FEMALE,6.0,0.0,478,40.19,0.08,0,0.0,7970,5.04,Nacoes Shopping,NS
2025-11-21 00:00:00,NONE,0.0,0.0,0,0.11,0.0,0,0.0,43,2.56,Nacoes Shopping,NS
2025-11-21 00:00:00,MALE,5.02,0.0,353,29.15,0.08,0,0.0,7035,4.14,Nacoes Shopping,NS
2025-11-21 00:00:00,FEMALE,6.0,0.0,476,36.51,0.08,0,0.0,7928,4.61,Nacoes Shopping,NS
2025-11-22 00:00:00,NONE,2.22,0.0,1,0.18,0.18,0,0.0,45,4.0,Nacoes Shopping,NS
2025-11-22 00:00:00,MALE,6.09,0.0,448,32.17,0.07,0,0.0,7362,4.37,Nacoes Shopping,NS
2025-11-22 00:00:00,FEMALE,5.39,0.0,394,32.05,0.08,0,0.0,7311,4.38,Nacoes Shopping,NS
2025-11-23 00:00:00,NONE,2.78,0.0,2,0.23,0.12,0,0.0,72,3.19,Nacoes Shopping,NS
2025-11-23 00:00:00,MALE,5.71,0.0,463,32.23,0.07,0,0.0,8102,3.98,Nacoes Shopping,NS
2025-11-23 00:00:00,FEMALE,5.3,0.0,435,33.12,0.08,0,0.0,8215,4.03,Nacoes Shopping,NS
2025-11-24 00:00:00,NONE,5.36,0.0,3,0.18,0.06,0,0.0,56,3.21,Nacoes Shopping,NS
2025-11-24 00:00:00,MALE,6.39,0.0,432,31.51,0.07,0,0.0,6762,4.66,Nacoes Shopping,NS
2025-11-24 00:00:00,FEMALE,6.76,0.0,415,30.63,0.07,0,0.0,6136,4.99,Nacoes Shopping,NS
2025-11-25 00:00:00,NONE,0.96,0.0,1,0.31,0.31,0,0.0,104,2.98,Nacoes Shopping,NS
2025-11-25 00:00:00,MALE,2.36,0.0,340,48.15,0.14,0,0.0,14411,3.34,Nacoes Shopping,NS
2025-11-25 00:00:00,FEMALE,3.04,0.0,449,56.54,0.13,0,0.0,14760,3.83,Nacoes Shopping,NS
2025-11-26 00:00:00,NONE,1.2,0.0,2,0.44,0.22,0,0.0,166,2.65,Nacoes Shopping,NS
2025-11-26 00:00:00,MALE,2.3,0.0,414,60.04,0.15,0,0.0,18023,3.33,Nacoes Shopping,NS
2025-11-26 00:00:00,FEMALE,2.25,0.0,395,60.1,0.15,0,0.0,17562,3.42,Nacoes Shopping,NS
2025-11-27 00:00:00,NONE,0.55,0.0,1,0.52,0.52,0,0.0,181,2.87,Nacoes Shopping,NS
2025-11-27 00:00:00,MALE,1.64,0.0,270,58.57,0.22,0,0.0,16465,3.56,Nacoes Shopping,NS
2025-11-27 00:00:00,FEMALE,2.33,0.0,425,72.81,0.17,0,0.0,18255,3.99,Nacoes Shopping,NS
2025-11-28 00:00:00,NONE,5.04,0.0,7,0.83,0.12,0,0.0,139,5.97,Nacoes Shopping,NS
2025-11-28 00:00:00,MALE,1.61,0.0,241,59.29,0.25,0,0.0,14947,3.97,Nacoes Shopping,NS
2025-11-28 00:00:00,FEMALE,3.05,0.0,468,65.76,0.14,0,0.0,15341,4.29,Nacoes Shopping,NS
2025-11-29 00:00:00,NONE,1.47,0.0,2,0.53,0.27,0,0.0,136,3.9,Nacoes Shopping,NS
2025-11-29 00:00:00,MALE,2.7,0.0,444,63.17,0.14,0,0.0,16428,3.85,Nacoes Shopping,NS
2025-11-29 00:00:00,FEMALE,2.66,0.0,438,64.93,0.15,0,0.0,16465,3.94,Nacoes Shopping,NS
2025-11-30 00:00:00,NONE,1.39,0.0,1,0.18,0.18,0,0.0,72,2.5,Nacoes Shopping,NS
2025-11-30 00:00:00,MALE,3.81,0.0,356,36.6,0.1,0,0.0,9340,3.92,Nacoes Shopping,NS
2025-11-30 00:00:00,FEMALE,6.57,0.0,658,42.91,0.07,0,0.0,10010,4.29,Nacoes Shopping,NS
2025-12-01 00:00:00,NONE,3.39,0.0,2,0.14,0.07,0,0.0,59,2.37,Nacoes Shopping,NS
2025-12-01 00:00:00,MALE,4.38,0.0,395,30.65,0.08,0,0.0,9012,3.4,Nacoes Shopping,NS
2025-12-01 00:00:00,FEMALE,5.42,0.0,571,38.34,0.07,0,0.0,10538,3.64,Nacoes Shopping,NS
2025-12-02 00:00:00,NONE,1.45,0.0,1,0.22,0.22,0,0.0,69,3.19,Nacoes Shopping,NS
2025-12-02 00:00:00,MALE,3.75,0.0,358,31.21,0.09,0,0.0,9542,3.27,Nacoes Shopping,NS
2025-12-02 00:00:00,FEMALE,6.74,0.0,681,41.32,0.06,0,0.0,10104,4.09,Nacoes Shopping,NS
2025-12-03 00:00:00,NONE,8.54,0.0,7,0.42,0.06,0,0.0,82,5.12,Nacoes Shopping,NS
2025-12-03 00:00:00,MALE,3.17,0.0,362,33.35,0.09,0,0.0,11418,2.92,Nacoes Shopping,NS
2025-12-03 00:00:00,FEMALE,5.32,0.0,655,42.52,0.06,0,0.0,12320,3.45,Nacoes Shopping,NS
2025-12-04 00:00:00,NONE,5.83,0.0,12,0.51,0.04,0,0.0,206,2.48,Nacoes Shopping,NS
2025-12-04 00:00:00,MALE,2.89,0.0,415,42.44,0.1,0,0.0,14341,2.96,Nacoes Shopping,NS
2025-12-04 00:00:00,FEMALE,4.16,0.0,610,48.19,0.08,0,0.0,14661,3.29,Nacoes Shopping,NS
2025-12-05 00:00:00,NONE,8.02,0.0,15,0.62,0.04,0,0.0,187,3.32,Nacoes Shopping,NS
2025-12-05 00:00:00,MALE,2.66,0.0,354,41.18,0.12,0,0.0,13292,3.1,Nacoes Shopping,NS
2025-12-05 00:00:00,FEMALE,3.74,0.0,536,49.64,0.09,0,0.0,14329,3.46,Nacoes Shopping,NS
2025-12-06 00:00:00,NONE,5.05,0.0,5,0.4,0.08,0,0.0,99,4.04,Nacoes Shopping,NS
2025-12-06 00:00:00,MALE,3.78,0.0,468,46.64,0.1,0,0.0,12376,3.77,Nacoes Shopping,NS
2025-12-06 00:00:00,FEMALE,4.02,0.0,545,50.23,0.09,0,0.0,13558,3.7,Nacoes Shopping,NS
2025-12-07 00:00:00,NONE,4.55,0.0,5,0.69,0.14,0,0.0,110,6.27,Nacoes Shopping,NS
2025-12-07 00:00:00,MALE,2.85,0.0,359,41.4,0.12,0,0.0,12598,3.29,Nacoes Shopping,NS
2025-12-07 00:00:00,FEMALE,3.56,0.0,484,52.24,0.11,0,0.0,13607,3.84,Nacoes Shopping,NS
2025-12-08 00:00:00,NONE,5.66,0.0,9,0.48,0.05,0,0.0,159,3.02,Nacoes Shopping,NS
2025-12-08 00:00:00,MALE,3.05,0.0,425,44.05,0.1,0,0.0,13926,3.16,Nacoes Shopping,NS
2025-12-08 00:00:00,FEMALE,4.07,0.0,623,54.91,0.09,0,0.0,15304,3.59,Nacoes Shopping,NS
2025-12-09 00:00:00,NONE,3.87,0.0,7,0.57,0.08,0,0.0,181,3.15,Nacoes Shopping,NS
2025-12-09 00:00:00,MALE,2.88,0.0,457,45.77,0.1,0,0.0,15860,2.89,Nacoes Shopping,NS
2025-12-09 00:00:00,FEMALE,3.85,0.0,563,47.84,0.08,0,0.0,14631,3.27,Nacoes Shopping,NS
2025-12-10 00:00:00,NONE,10.08,0.0,13,0.69,0.05,0,0.0,129,5.35,Nacoes Shopping,NS
2025-12-10 00:00:00,MALE,2.04,0.0,312,45.25,0.15,0,0.0,15297,2.96,Nacoes Shopping,NS
2025-12-10 00:00:00,FEMALE,2.76,0.0,419,47.51,0.11,0,0.0,15189,3.13,Nacoes Shopping,NS
2025-12-11 00:00:00,NONE,3.01,0.0,4,0.48,0.12,0,0.0,133,3.61,Nacoes Shopping,NS
2025-12-11 00:00:00,MALE,2.2,0.0,312,44.45,0.14,0,0.0,14184,3.13,Nacoes Shopping,NS
2025-12-11 00:00:00,FEMALE,3.11,0.0,451,49.56,0.11,0,0.0,14498,3.42,Nacoes Shopping,NS
2025-12-12 00:00:00,NONE,16.18,0.0,22,0.93,0.04,0,0.0,136,6.84,Nacoes Shopping,NS
2025-12-12 00:00:00,MALE,3.78,0.0,520,47.95,0.09,0,0.0,13749,3.49,Nacoes Shopping,NS
2025-12-12 00:00:00,FEMALE,4.73,0.0,716,52.85,0.07,0,0.0,15129,3.49,Nacoes Shopping,NS
2025-12-13 00:00:00,NONE,1.24,0.0,2,0.37,0.19,0,0.0,161,2.3,Nacoes Shopping,NS
2025-12-13 00:00:00,MALE,2.9,0.0,413,44.47,0.11,0,0.0,14249,3.12,Nacoes Shopping,NS
2025-12-13 00:00:00,FEMALE,3.35,0.0,522,47.7,0.09,0,0.0,15569,3.06,Nacoes Shopping,NS
2025-12-14 00:00:00,NONE,5.56,0.0,9,0.69,0.08,0,0.0,162,4.26,Nacoes Shopping,NS
2025-12-14 00:00:00,MALE,3.61,0.0,541,45.11,0.08,0,0.0,14979,3.01,Nacoes Shopping,NS
2025-12-14 00:00:00,FEMALE,3.83,0.0,592,46.77,0.08,0,0.0,15442,3.03,Nacoes Shopping,NS
2025-12-15 00:00:00,NONE,1.38,0.0,2,0.52,0.26,0,0.0,145,3.59,Nacoes Shopping,NS
2025-12-15 00:00:00,MALE,2.98,0.0,449,41.51,0.09,0,0.0,15079,2.75,Nacoes Shopping,NS
2025-12-15 00:00:00,FEMALE,3.38,0.0,513,46.03,0.09,0,0.0,15197,3.03,Nacoes Shopping,NS
2025-12-16 00:00:00,NONE,2.35,0.0,2,0.29,0.15,0,0.0,85,3.41,Nacoes Shopping,NS
2025-12-16 00:00:00,MALE,2.36,0.0,320,37.19,0.12,0,0.0,13532,2.75,Nacoes Shopping,NS
2025-12-16 00:00:00,FEMALE,4.8,0.0,708,47.46,0.07,0,0.0,14761,3.22,Nacoes Shopping,NS
2025-12-17 00:00:00,NONE,4.9,0.0,5,0.54,0.11,0,0.0,102,5.29,Nacoes Shopping,NS
2025-12-17 00:00:00,MALE,2.32,0.0,316,38.2,0.12,0,0.0,13634,2.8,Nacoes Shopping,NS
2025-12-17 00:00:00,FEMALE,3.6,0.0,518,44.74,0.09,0,0.0,14404,3.11,Nacoes Shopping,NS
2025-12-18 00:00:00,NONE,17.04,0.0,23,0.88,0.04,0,0.0,135,6.52,Nacoes Shopping,NS
2025-12-18 00:00:00,MALE,2.72,0.0,330,37.7,0.11,0,0.0,12137,3.11,Nacoes Shopping,NS
2025-12-18 00:00:00,FEMALE,3.81,0.0,485,41.56,0.09,0,0.0,12738,3.26,Nacoes Shopping,NS
2025-12-19 00:00:00,NONE,3.42,0.0,4,0.4,0.1,0,0.0,117,3.42,Nacoes Shopping,NS
2025-12-19 00:00:00,MALE,3.76,0.0,470,39.82,0.08,0,0.0,12515,3.18,Nacoes Shopping,NS
2025-12-19 00:00:00,FEMALE,3.99,0.0,522,42.81,0.08,0,0.0,13099,3.27,Nacoes Shopping,NS
2025-12-20 00:00:00,NONE,3.33,0.0,4,0.39,0.1,0,0.0,120,3.25,Nacoes Shopping,NS
2025-12-20 00:00:00,MALE,3.38,0.0,434,42.21,0.1,0,0.0,12846,3.29,Nacoes Shopping,NS
2025-12-20 00:00:00,FEMALE,3.46,0.0,420,40.04,0.1,0,0.0,12138,3.3,Nacoes Shopping,NS
2025-12-21 00:00:00,NONE,2.82,0.0,4,0.48,0.12,0,0.0,142,3.38,Nacoes Shopping,NS
2025-12-21 00:00:00,MALE,2.6,0.0,367,40.39,0.11,0,0.0,14100,2.86,Nacoes Shopping,NS
2025-12-21 00:00:00,FEMALE,3.11,0.0,428,41.7,0.1,0,0.0,13749,3.03,Nacoes Shopping,NS
2025-12-22 00:00:00,NONE,0.0,0.0,0,0.32,0.0,0,0.0,88,3.64,Nacoes Shopping,NS
2025-12-22 00:00:00,MALE,3.67,0.0,526,41.82,0.08,0,0.0,14340,2.92,Nacoes Shopping,NS
2025-12-22 00:00:00,FEMALE,3.6,0.0,450,39.6,0.09,0,0.0,12498,3.17,Nacoes Shopping,NS
2025-12-23 00:00:00,NONE,1.48,0.0,2,0.44,0.22,0,0.0,135,3.26,Nacoes Shopping,NS
2025-12-23 00:00:00,MALE,3.25,0.0,437,42.81,0.1,0,0.0,13466,3.18,Nacoes Shopping,NS
2025-12-23 00:00:00,FEMALE,2.77,0.0,340,38.63,0.11,0,0.0,12274,3.15,Nacoes Shopping,NS
2025-12-24 00:00:00,NONE,5.0,0.0,8,0.56,0.07,0,0.0,160,3.5,Nacoes Shopping,NS
2025-12-24 00:00:00,MALE,2.37,0.0,393,39.84,0.1,0,0.0,16548,2.41,Nacoes Shopping,NS
2025-12-24 00:00:00,FEMALE,3.39,0.0,465,39.55,0.09,0,0.0,13732,2.88,Nacoes Shopping,NS
2025-12-25 00:00:00,NONE,5.84,0.0,9,0.49,0.05,0,0.0,154,3.18,Nacoes Shopping,NS
2025-12-25 00:00:00,MALE,2.71,0.0,396,35.13,0.09,0,0.0,14611,2.4,Nacoes Shopping,NS
2025-12-25 00:00:00,FEMALE,4.15,0.0,657,43.37,0.07,0,0.0,15835,2.74,Nacoes Shopping,NS
2025-12-26 00:00:00,NONE,14.48,0.0,32,1.04,0.03,0,0.0,221,4.71,Nacoes Shopping,NS
2025-12-26 00:00:00,MALE,3.1,0.0,449,34.93,0.08,0,0.0,14484,2.41,Nacoes Shopping,NS
2025-12-26 00:00:00,FEMALE,3.29,0.0,527,38.85,0.07,0,0.0,16025,2.42,Nacoes Shopping,NS
2025-12-27 00:00:00,NONE,10.78,0.0,25,0.95,0.04,0,0.0,232,4.09,Nacoes Shopping,NS
2025-12-27 00:00:00,MALE,3.81,0.0,594,38.61,0.07,0,0.0,15603,2.47,Nacoes Shopping,NS
2025-12-27 00:00:00,FEMALE,4.58,0.0,812,45.96,0.06,0,0.0,17738,2.59,Nacoes Shopping,NS
2025-12-28 00:00:00,NONE,4.29,0.0,7,0.44,0.06,0,0.0,163,2.7,Nacoes Shopping,NS
2025-12-28 00:00:00,MALE,4.12,0.0,616,36.81,0.06,0,0.0,14943,2.46,Nacoes Shopping,NS
2025-12-28 00:00:00,FEMALE,5.32,0.0,904,45.84,0.05,0,0.0,16992,2.7,Nacoes Shopping,NS
2025-12-29 00:00:00,NONE,7.14,0.0,14,0.64,0.05,0,0.0,196,3.27,Nacoes Shopping,NS
2025-12-29 00:00:00,MALE,3.68,0.0,574,34.49,0.06,0,0.0,15604,2.21,Nacoes Shopping,NS
2025-12-29 00:00:00,FEMALE,5.57,0.0,991,44.24,0.04,0,0.0,17776,2.49,Nacoes Shopping,NS
2025-12-30 00:00:00,NONE,5.19,0.0,12,0.63,0.05,0,0.0,231,2.73,Nacoes Shopping,NS
2025-12-30 00:00:00,MALE,4.3,0.0,571,30.84,0.05,0,0.0,13291,2.32,Nacoes Shopping,NS
2025-12-30 00:00:00,FEMALE,6.61,0.0,1051,42.16,0.04,0,0.0,15899,2.65,Nacoes Shopping,NS
2025-12-31 00:00:00,NONE,2.27,0.0,3,0.34,0.11,0,0.0,132,2.58,Nacoes Shopping,NS
2025-12-31 00:00:00,MALE,4.52,0.0,458,23.05,0.05,0,0.0,10139,2.27,Nacoes Shopping,NS
2025-12-31 00:00:00,FEMALE,5.56,0.0,633,26.87,0.04,0,0.0,11383,2.36,Nacoes Shopping,NS
2026-01-01 00:00:00,NONE,0.0,0.0,0,0.0,0.0,0,0.0,7,0.0,Nacoes Shopping,NS
2026-01-01 00:00:00,MALE,0.0,0.0,0,0.0,0.0,0,0.0,28,0.0,Nacoes Shopping,NS
2026-01-01 00:00:00,FEMALE,21.05,0.0,4,0.0,0.0,0,0.0,19,0.0,Nacoes Shopping,NS
2026-01-02 00:00:00,NONE,25.0,0.0,1,0.0,0.0,0,0.0,4,0.0,Nacoes Shopping,NS
2026-01-02 00:00:00,MALE,0.0,0.0,0,0.0,0.0,0,0.0,0,0.0,Nacoes Shopping,NS
2026-01-02 00:00:00,FEMALE,100.0,0.0,1,0.0,0.0,0,0.0,1,0.0,Nacoes Shopping,NS
2026-01-03 00:00:00,NONE,0.0,0.0,0,0.0,0.0,0,0.0,2,0.0,Nacoes Shopping,NS
2026-01-03 00:00:00,MALE,0.0,0.0,0,0.0,0.0,0,0.0,0,0.0,Nacoes Shopping,NS
2026-01-03 00:00:00,FEMALE,0.0,0.0,0,0.0,0.0,0,0.0,1,0.0,Nacoes Shopping,NS
2026-01-04 00:00:00,NONE,0.0,0.0,0,0.0,0.0,0,0.0,4,0.0,Nacoes Shopping,NS
2026-01-04 00:00:00,MALE,0.0,0.0,0,0.0,0.0,0,0.0,2,0.0,Nacoes Shopping,NS
2026-01-04 00:00:00,FEMALE,0.0,0.0,0,0.0,0.0,0,0.0,0,0.0,Nacoes Shopping,NS
2026-01-05 00:00:00,NONE,0.0,0.0,0,0.0,0.0,0,0.0,7,0.0,Nacoes Shopping,NS
2026-01-05 00:00:00,MALE,0.0,0.0,0,0.0,0.0,0,0.0,0,0.0,Nacoes Shopping,NS
2026-01-05 00:00:00,FEMALE,100.0,0.0,1,0.0,0.0,0,0.0,1,0.0,Nacoes Shopping,NS
2026-01-06 00:00:00,NONE,0.0,0.0,0,0.0,0.0,0,0.0,0,0.0,Nacoes Shopping,NS
2026-01-06 00:00:00,MALE,0.0,0.0,0,0.0,0.0,0,0.0,0,0.0,Nacoes Shopping,NS
2026-01-06 00:00:00,FEMALE,0.0,0.0,0,0.0,0.0,0,0.0,0,0.0,Nacoes Shopping,NS
2026-01-07 00:00:00,NONE,0.0,0.0,0,0.0,0.0,0,0.0,0,0.0,Nacoes Shopping,NS
2026-01-07 00:00:00,MALE,0.0,0.0,0,0.0,0.0,0,0.0,0,0.0,Nacoes Shopping,NS
2026-01-07 00:00:00,FEMALE,0.0,0.0,0,0.0,0.0,0,0.0,2,0.0,Nacoes Shopping,NS
2026-01-08 00:00:00,NONE,0.0,0.0,0,0.0,0.0,0,0.0,0,0.0,Nacoes Shopping,NS
2026-01-08 00:00:00,MALE,0.0,0.0,0,0.0,0.0,0,0.0,0,0.0,Nacoes Shopping,NS
2026-01-09 00:00:00,NONE,0.0,0.0,0,0.0,0.0,0,0.0,0,0.0,Nacoes Shopping,NS
2026-01-10 00:00:00,NONE,0.0,0.0,0,0.0,0.0,0,0.0,0,0.0,Nacoes Shopping,NS
2026-01-10 00:00:00,FEMALE,0.0,0.0,0,0.0,0.0,0,0.0,0,0.0,Nacoes Shopping,NS
2026-01-11 00:00:00,NONE,0.0,0.0,0,0.0,0.0,0,0.0,0,0.0,Nacoes Shopping,NS
2026-01-11 00:00:00,MALE,0.0,0.0,0,0.0,0.0,0,0.0,0,0.0,Nacoes Shopping,NS
2026-01-11 00:00:00,FEMALE,0.0,0.0,0,0.0,0.0,0,0.0,0,0.0,Nacoes Shopping,NS
2026-01-12 00:00:00,MALE,0.0,0.0,0,0.0,0.0,0,0.0,0,0.0,Nacoes Shopping,NS
2026-01-12 00:00:00,FEMALE,0.0,0.0,0,0.0,0.0,0,0.0,0,0.0,Nacoes Shopping,NS
2026-01-13 00:00:00,NONE,0.0,0.0,0,0.0,0.0,0,0.0,0,0.0,Nacoes Shopping,NS
2026-01-13 00:00:00,MALE,0.0,0.0,0,0.0,0.0,0,0.0,0,0.0,Nacoes Shopping,NS
2026-01-14 00:00:00,NONE,0.0,0.0,0,0.04,0.0,0,0.0,14,2.86,Nacoes Shopping,NS
2026-01-14 00:00:00,MALE,0.0,0.0,0,4.75,0.0,0,0.0,3921,1.21,Nacoes Shopping,NS
2026-01-14 00:00:00,FEMALE,0.0,0.0,0,7.19,0.0,0,0.0,5478,1.31,Nacoes Shopping,NS
2026-01-15 00:00:00,NONE,0.0,0.0,0,0.09,0.0,0,0.0,51,1.76,Nacoes Shopping,NS
2026-01-15 00:00:00,MALE,0.0,0.0,0,14.82,0.0,0,0.0,9697,1.53,Nacoes Shopping,NS
2026-01-15 00:00:00,FEMALE,0.0,0.0,0,19.74,0.0,0,0.0,11746,1.68,Nacoes Shopping,NS
2026-01-16 00:00:00,NONE,0.0,0.0,0,0.03,0.0,0,0.0,39,0.77,Nacoes Shopping,NS
2026-01-16 00:00:00,MALE,0.0,0.0,0,14.89,0.0,0,0.0,9244,1.61,Nacoes Shopping,NS
2026-01-16 00:00:00,FEMALE,0.0,0.0,0,18.74,0.0,0,0.0,11104,1.69,Nacoes Shopping,NS
2026-01-17 00:00:00,NONE,0.0,0.0,0,0.2,0.0,0,0.0,61,3.28,Nacoes Shopping,NS
2026-01-17 00:00:00,MALE,0.0,0.0,0,15.4,0.0,0,0.0,9369,1.64,Nacoes Shopping,NS
2026-01-17 00:00:00,FEMALE,0.0,0.0,0,18.2,0.0,0,0.0,11122,1.64,Nacoes Shopping,NS
2026-01-18 00:00:00,NONE,0.0,0.0,0,0.06,0.0,0,0.0,47,1.28,Nacoes Shopping,NS
2026-01-18 00:00:00,MALE,0.0,0.0,0,15.23,0.0,0,0.0,9290,1.64,Nacoes Shopping,NS
2026-01-18 00:00:00,FEMALE,0.0,0.0,0,18.17,0.0,0,0.0,10928,1.66,Nacoes Shopping,NS
2026-01-19 00:00:00,NONE,0.0,0.0,0,0.05,0.0,0,0.0,32,1.56,Nacoes Shopping,NS
2026-01-19 00:00:00,MALE,0.0,0.0,0,14.11,0.0,0,0.0,7940,1.78,Nacoes Shopping,NS
2026-01-19 00:00:00,FEMALE,0.0,0.0,0,17.31,0.0,0,0.0,9328,1.86,Nacoes Shopping,NS
2026-01-20 00:00:00,NONE,0.0,0.0,0,0.07,0.0,0,0.0,39,1.79,Nacoes Shopping,NS
2026-01-20 00:00:00,MALE,0.0,0.0,0,13.48,0.0,0,0.0,6765,1.99,Nacoes Shopping,NS
2026-01-20 00:00:00,FEMALE,0.0,0.0,0,17.04,0.0,0,0.0,8336,2.04,Nacoes Shopping,NS
2026-01-21 00:00:00,NONE,0.0,0.0,0,0.02,0.0,0,0.0,24,0.83,Nacoes Shopping,NS
2026-01-21 00:00:00,MALE,0.0,0.0,0,14.41,0.0,0,0.0,8115,1.78,Nacoes Shopping,NS
2026-01-21 00:00:00,FEMALE,0.0,0.0,0,19.31,0.0,0,0.0,10899,1.77,Nacoes Shopping,NS
2026-01-22 00:00:00,NONE,0.0,0.0,0,0.06,0.0,0,0.0,27,2.22,Nacoes Shopping,NS
2026-01-22 00:00:00,MALE,0.0,0.0,0,13.87,0.0,0,0.0,8645,1.6,Nacoes Shopping,NS
2026-01-22 00:00:00,FEMALE,0.0,0.0,0,17.56,0.0,0,0.0,10921,1.61,Nacoes Shopping,NS
2026-01-23 00:00:00,NONE,0.0,0.0,0,0.06,0.0,0,0.0,30,2.0,Nacoes Shopping,NS
2026-01-23 00:00:00,MALE,0.0,0.0,0,13.36,0.0,0,0.0,8088,1.65,Nacoes Shopping,NS
2026-01-23 00:00:00,FEMALE,0.0,0.0,0,16.98,0.0,0,0.0,10156,1.67,Nacoes Shopping,NS
2026-01-24 00:00:00,NONE,0.0,0.0,0,0.07,0.0,0,0.0,38,1.84,Nacoes Shopping,NS
2026-01-24 00:00:00,MALE,0.0,0.0,0,14.72,0.0,0,0.0,8155,1.81,Nacoes Shopping,NS
2026-01-24 00:00:00,FEMALE,0.0,0.0,0,15.99,0.0,0,0.0,9538,1.68,Nacoes Shopping,NS
2026-01-25 00:00:00,NONE,0.0,0.0,0,0.08,0.0,0,0.0,37,2.16,Nacoes Shopping,NS
2026-01-25 00:00:00,MALE,0.0,0.0,0,13.95,0.0,0,0.0,8718,1.6,Nacoes Shopping,NS
2026-01-25 00:00:00,FEMALE,0.0,0.0,0,14.69,0.0,0,0.0,9489,1.55,Nacoes Shopping,NS
2026-01-26 00:00:00,NONE,0.0,0.0,0,0.08,0.0,0,0.0,24,3.33,Nacoes Shopping,NS
2026-01-26 00:00:00,MALE,0.0,0.0,0,13.48,0.0,0,0.0,7079,1.9,Nacoes Shopping,NS
2026-01-26 00:00:00,FEMALE,0.0,0.0,0,14.9,0.0,0,0.0,7585,1.96,Nacoes Shopping,NS
2026-01-27 00:00:00,NONE,0.0,0.0,0,0.03,0.0,0,0.0,48,0.63,Nacoes Shopping,NS
2026-01-27 00:00:00,MALE,0.0,0.0,0,11.54,0.0,0,0.0,6633,1.74,Nacoes Shopping,NS
2026-01-27 00:00:00,FEMALE,0.0,0.0,0,14.84,0.0,0,0.0,8188,1.81,Nacoes Shopping,NS
2026-01-28 00:00:00,NONE,0.0,0.0,0,0.12,0.0,0,0.0,67,1.79,Nacoes Shopping,NS
2026-01-28 00:00:00,MALE,0.0,0.0,0,13.23,0.0,0,0.0,8591,1.54,Nacoes Shopping,NS
2026-01-28 00:00:00,FEMALE,0.0,0.0,0,16.83,0.0,0,0.0,10825,1.55,Nacoes Shopping,NS
2026-01-29 00:00:00,NONE,0.0,0.0,0,0.24,0.0,0,0.0,117,2.05,Nacoes Shopping,NS
2026-01-29 00:00:00,MALE,0.0,0.0,0,22.77,0.0,0,0.0,14109,1.61,Nacoes Shopping,NS
2026-01-29 00:00:00,FEMALE,0.0,0.0,0,29.06,0.0,0,0.0,17254,1.68,Nacoes Shopping,NS
2026-01-30 00:00:00,NONE,0.0,0.0,0,0.2,0.0,0,0.0,115,1.74,Nacoes Shopping,NS
2026-01-30 00:00:00,MALE,0.0,0.0,0,44.28,0.0,0,0.0,24957,1.77,Nacoes Shopping,NS
2026-01-30 00:00:00,FEMALE,0.0,0.0,0,52.8,0.0,0,0.0,27308,1.93,Nacoes Shopping,NS
2026-01-31 00:00:00,NONE,0.0,0.0,0,0.2,0.0,0,0.0,116,1.72,Nacoes Shopping,NS
2026-01-31 00:00:00,MALE,0.0,0.0,0,42.79,0.0,0,0.0,22561,1.9,Nacoes Shopping,NS
2026-01-31 00:00:00,FEMALE,0.0,0.0,0,49.04,0.0,0,0.0,25092,1.95,Nacoes Shopping,NS
2026-02-01 00:00:00,NONE,0.0,0.0,0,0.28,0.0,0,0.0,165,1.7,Nacoes Shopping,NS
2026-02-01 00:00:00,MALE,0.0,0.0,0,40.21,0.0,0,0.0,23196,1.73,Nacoes Shopping,NS
2026-02-01 00:00:00,FEMALE,0.0,0.0,0,44.31,0.0,0,0.0,26834,1.65,Nacoes Shopping,NS
2026-02-02 00:00:00,NONE,0.0,0.0,0,0.3,0.0,0,0.0,198,1.52,Nacoes Shopping,NS
2026-02-02 00:00:00,MALE,0.0,0.0,0,36.51,0.0,0,0.0,20463,1.78,Nacoes Shopping,NS
2026-02-02 00:00:00,FEMALE,0.0,0.0,0,45.73,0.0,0,0.0,24593,1.86,Nacoes Shopping,NS
2026-02-03 00:00:00,NONE,0.0,0.0,0,0.28,0.0,0,0.0,157,1.78,Nacoes Shopping,NS
2026-02-03 00:00:00,MALE,0.0,0.0,0,36.8,0.0,0,0.0,18411,2.0,Nacoes Shopping,NS
2026-02-03 00:00:00,FEMALE,0.0,0.0,0,44.95,0.0,0,0.0,22081,2.04,Nacoes Shopping,NS
2026-02-04 00:00:00,NONE,0.0,0.0,0,0.3,0.0,0,0.0,136,2.21,Nacoes Shopping,NS
2026-02-04 00:00:00,MALE,0.0,0.0,0,38.6,0.0,0,0.0,18739,2.06,Nacoes Shopping,NS
2026-02-04 00:00:00,FEMALE,0.0,0.0,0,42.79,0.0,0,0.0,20460,2.09,Nacoes Shopping,NS
2026-02-05 00:00:00,NONE,0.0,0.0,0,0.17,0.0,0,0.0,105,1.62,Nacoes Shopping,NS
2026-02-05 00:00:00,MALE,0.0,0.0,0,38.83,0.0,0,0.0,19370,2.0,Nacoes Shopping,NS
2026-02-05 00:00:00,FEMALE,0.0,0.0,0,44.04,0.0,0,0.0,22609,1.95,Nacoes Shopping,NS
2026-02-06 00:00:00,NONE,0.0,0.0,0,0.2,0.0,0,0.0,120,1.67,Nacoes Shopping,NS
2026-02-06 00:00:00,MALE,0.0,0.0,0,36.61,0.0,0,0.0,20507,1.79,Nacoes Shopping,NS
2026-02-06 00:00:00,FEMALE,0.0,0.0,0,42.51,0.0,0,0.0,23056,1.84,Nacoes Shopping,NS
2026-02-07 00:00:00,NONE,0.0,0.0,0,0.13,0.0,0,0.0,93,1.4,Nacoes Shopping,NS
2026-02-07 00:00:00,MALE,0.0,0.0,0,31.5,0.0,0,0.0,15754,2.0,Nacoes Shopping,NS
2026-02-07 00:00:00,FEMALE,0.0,0.0,0,31.94,0.0,0,0.0,17081,1.87,Nacoes Shopping,NS
2026-02-08 00:00:00,NONE,0.0,0.0,0,0.04,0.0,0,0.0,51,0.78,Nacoes Shopping,NS
2026-02-08 00:00:00,MALE,0.0,0.0,0,15.35,0.0,0,0.0,8131,1.89,Nacoes Shopping,NS
2026-02-08 00:00:00,FEMALE,0.0,0.0,0,16.04,0.0,0,0.0,8760,1.83,Nacoes Shopping,NS
2026-02-09 00:00:00,NONE,0.0,0.0,0,0.09,0.0,0,0.0,38,2.37,Nacoes Shopping,NS
2026-02-09 00:00:00,MALE,0.0,0.0,0,9.21,0.0,0,0.0,4446,2.07,Nacoes Shopping,NS
2026-02-09 00:00:00,FEMALE,0.0,0.0,0,9.15,0.0,0,0.0,4625,1.98,Nacoes Shopping,NS
2026-02-10 00:00:00,NONE,0.0,0.0,0,0.05,0.0,0,0.0,32,1.56,Nacoes Shopping,NS
2026-02-10 00:00:00,MALE,0.0,0.0,0,9.27,0.0,0,0.0,5667,1.64,Nacoes Shopping,NS
2026-02-10 00:00:00,FEMALE,0.0,0.0,0,10.26,0.0,0,0.0,6201,1.65,Nacoes Shopping,NS
2026-02-11 00:00:00,NONE,0.0,0.0,0,0.05,0.0,0,0.0,33,1.52,Nacoes Shopping,NS
2026-02-11 00:00:00,MALE,0.0,0.0,0,8.33,0.0,0,0.0,5786,1.44,Nacoes Shopping,NS
2026-02-11 00:00:00,FEMALE,0.0,0.0,0,10.06,0.0,0,0.0,6369,1.58,Nacoes Shopping,NS
2026-02-12 00:00:00,NONE,0.0,0.0,0,0.04,0.0,0,0.0,27,1.48,Nacoes Shopping,NS
2026-02-12 00:00:00,MALE,0.0,0.0,0,8.16,0.0,0,0.0,5411,1.51,Nacoes Shopping,NS
2026-02-12 00:00:00,FEMALE,0.0,0.0,0,9.8,0.0,0,0.0,5848,1.68,Nacoes Shopping,NS
2026-02-13 00:00:00,NONE,0.0,0.0,0,0.1,0.0,0,0.0,40,2.5,Nacoes Shopping,NS
2026-02-13 00:00:00,MALE,0.0,0.0,0,8.44,0.0,0,0.0,5088,1.66,Nacoes Shopping,NS
2026-02-13 00:00:00,FEMALE,0.0,0.0,0,9.58,0.0,0,0.0,5523,1.73,Nacoes Shopping,NS
2026-02-14 00:00:00,NONE,0.0,0.0,0,0.07,0.0,0,0.0,41,1.71,Nacoes Shopping,NS
2026-02-14 00:00:00,MALE,0.0,0.0,0,7.96,0.0,0,0.0,4831,1.65,Nacoes Shopping,NS
2026-02-14 00:00:00,FEMALE,0.0,0.0,0,10.01,0.0,0,0.0,5399,1.85,Nacoes Shopping,NS
2026-02-15 00:00:00,NONE,0.0,0.0,0,0.1,0.0,0,0.0,48,2.08,Nacoes Shopping,NS
2026-02-15 00:00:00,MALE,0.0,0.0,0,8.0,0.0,0,0.0,4236,1.89,Nacoes Shopping,NS
2026-02-15 00:00:00,FEMALE,0.0,0.0,0,8.8,0.0,0,0.0,4684,1.88,Nacoes Shopping,NS
2026-02-16 00:00:00,NONE,0.0,0.0,0,0.06,0.0,0,0.0,51,1.18,Nacoes Shopping,NS
2026-02-16 00:00:00,MALE,0.0,0.0,0,7.95,0.0,0,0.0,4059,1.96,Nacoes Shopping,NS
2026-02-16 00:00:00,FEMALE,0.0,0.0,0,8.26,0.0,0,0.0,4488,1.84,Nacoes Shopping,NS
2026-02-17 00:00:00,NONE,0.0,0.0,0,0.09,0.0,0,0.0,39,2.31,Nacoes Shopping,NS
2026-02-17 00:00:00,MALE,0.0,0.0,0,8.16,0.0,0,0.0,5463,1.49,Nacoes Shopping,NS
2026-02-17 00:00:00,FEMALE,0.0,0.0,0,8.99,0.0,0,0.0,6032,1.49,Nacoes Shopping,NS
2026-02-18 00:00:00,NONE,0.0,0.0,0,0.04,0.0,0,0.0,24,1.67,Nacoes Shopping,NS
2026-02-18 00:00:00,MALE,0.0,0.0,0,7.06,0.0,0,0.0,5465,1.29,Nacoes Shopping,NS
2026-02-18 00:00:00,FEMALE,0.0,0.0,0,8.74,0.0,0,0.0,5928,1.47,Nacoes Shopping,NS
2026-02-19 00:00:00,NONE,0.0,0.0,0,0.04,0.0,0,0.0,23,1.74,Nacoes Shopping,NS
2026-02-19 00:00:00,MALE,0.0,0.0,0,7.12,0.0,0,0.0,4934,1.44,Nacoes Shopping,NS
2026-02-19 00:00:00,FEMALE,0.0,0.0,0,8.38,0.0,0,0.0,5202,1.61,Nacoes Shopping,NS
2026-02-20 00:00:00,NONE,0.0,0.0,0,0.03,0.0,0,0.0,26,1.15,Nacoes Shopping,NS
2026-02-20 00:00:00,MALE,0.0,0.0,0,6.72,0.0,0,0.0,4327,1.55,Nacoes Shopping,NS
2026-02-20 00:00:00,FEMALE,0.0,0.0,0,8.4,0.0,0,0.0,4628,1.82,Nacoes Shopping,NS
2026-02-21 00:00:00,NONE,0.0,0.0,0,0.01,0.0,0,0.0,23,0.43,Nacoes Shopping,NS
2026-02-21 00:00:00,MALE,0.0,0.0,0,6.57,0.0,0,0.0,3968,1.66,Nacoes Shopping,NS
2026-02-21 00:00:00,FEMALE,0.0,0.0,0,8.03,0.0,0,0.0,4488,1.79,Nacoes Shopping,NS
2026-02-22 00:00:00,NONE,0.0,0.0,0,0.05,0.0,0,0.0,26,1.92,Nacoes Shopping,NS
2026-02-22 00:00:00,MALE,0.0,0.0,0,6.39,0.0,0,0.0,3639,1.76,Nacoes Shopping,NS
2026-02-22 00:00:00,FEMALE,0.0,0.0,0,6.81,0.0,0,0.0,4034,1.69,Nacoes Shopping,NS
2026-02-23 00:00:00,NONE,0.0,0.0,0,0.03,0.0,0,0.0,25,1.2,Nacoes Shopping,NS
2026-02-23 00:00:00,MALE,0.0,0.0,0,5.37,0.0,0,0.0,2684,2.0,Nacoes Shopping,NS
2026-02-23 00:00:00,FEMALE,0.0,0.0,0,6.64,0.0,0,0.0,2941,2.26,Nacoes Shopping,NS
2026-02-24 00:00:00,NONE,0.0,0.0,0,0.05,0.0,0,0.0,28,1.79,Nacoes Shopping,NS
2026-02-24 00:00:00,MALE,0.0,0.0,0,5.81,0.0,0,0.0,3519,1.65,Nacoes Shopping,NS
2026-02-24 00:00:00,FEMALE,0.0,0.0,0,5.52,0.0,0,0.0,3322,1.66,Nacoes Shopping,NS
2026-02-25 00:00:00,NONE,0.0,0.0,0,0.01,0.0,0,0.0,7,1.43,Nacoes Shopping,NS
2026-02-25 00:00:00,MALE,0.0,0.0,0,1.63,0.0,0,0.0,1042,1.56,Nacoes Shopping,NS
2026-02-25 00:00:00,FEMALE,0.0,0.0,0,1.61,0.0,0,0.0,995,1.62,Nacoes Shopping,NS
2026-02-27 00:00:00,NONE,0.0,0.0,0,0.0,0.0,0,0.0,0,0.0,Nacoes Shopping,NS
2026-02-27 00:00:00,MALE,0.0,0.0,0,0.0,0.0,0,0.0,0,0.0,Nacoes Shopping,NS
2026-03-02 00:00:00,NONE,0.0,0.0,0,0.0,0.0,0,0.0,0,0.0,Nacoes Shopping,NS
2026-03-03 00:00:00,NONE,0.0,0.0,0,0.0,0.0,0,0.0,0,0.0,Nacoes Shopping,NS
2026-03-04 00:00:00,MALE,0.0,0.0,0,0.0,0.0,0,0.0,0,0.0,Nacoes Shopping,NS
2026-03-05 00:00:00,FEMALE,0.0,0.0,0,0.0,0.0,0,0.0,0,0.0,Nacoes Shopping,NS
2026-03-06 00:00:00,NONE,0.0,0.0,0,0.0,0.0,0,0.0,0,0.0,Nacoes Shopping,NS
2026-03-06 00:00:00,FEMALE,0.0,0.0,0,0.0,0.0,0,0.0,0,0.0,Nacoes Shopping,NS
2026-03-09 00:00:00,NONE,0.0,0.0,0,0.0,0.0,0,0.0,0,0.0,Nacoes Shopping,NS
2026-03-12 00:00:00,NONE,0.0,0.0,0,0.0,0.0,0,0.0,0,0.0,Nacoes Shopping,NS
2026-03-22 00:00:00,NONE,0.0,0.0,0,0.0,0.0,0,0.0,0,0.0,Nacoes Shopping,NS
