platform,stat_time_day,impressions,conversion,conversion_rate,ctr,cpm,clicks,cpc,spend,cost_per_conversion,shopping,shopping_sigla
ANDROID,2025-04-25 00:00:00,4881,0,0.0,0.0,1.71,0,0.0,8.33,0.0,Nacoes Shopping,NS
IPHONE,2025-04-25 00:00:00,3062,0,0.0,0.0,1.67,0,0.0,5.1,0.0,Nacoes Shopping,NS
IPAD,2025-04-25 00:00:00,0,0,0.0,0.0,0.0,0,0.0,0.0,0.0,Nacoes Shopping,NS
ANDROID,2025-04-26 00:00:00,5023,0,0.0,0.0,1.59,0,0.0,7.98,0.0,Nacoes Shopping,NS
IPHONE,2025-04-26 00:00:00,3483,0,0.0,0.0,1.54,0,0.0,5.37,0.0,Nacoes Shopping,NS
ANDROID,2025-04-27 00:00:00,4686,0,0.0,0.0,1.41,0,0.0,6.61,0.0,Nacoes Shopping,NS
IPHONE,2025-04-27 00:00:00,3692,0,0.0,0.0,1.44,0,0.0,5.3,0.0,Nacoes Shopping,NS
IPAD,2025-04-27 00:00:00,10,0,0.0,0.0,1.0,0,0.0,0.01,0.0,Nacoes Shopping,NS
ANDROID,2025-04-28 00:00:00,3864,0,0.0,0.0,1.62,0,0.0,6.27,0.0,Nacoes Shopping,NS
IPHONE,2025-04-28 00:00:00,2808,0,0.0,0.0,1.51,0,0.0,4.24,0.0,Nacoes Shopping,NS
IPAD,2025-04-28 00:00:00,5,0,0.0,0.0,0.0,0,0.0,0.0,0.0,Nacoes Shopping,NS
ANDROID,2025-04-29 00:00:00,4909,0,0.0,0.41,2.92,20,0.72,14.35,0.0,Nacoes Shopping,NS
IPHONE,2025-04-29 00:00:00,3412,0,0.0,0.18,1.59,6,0.91,5.44,0.0,Nacoes Shopping,NS
IPAD,2025-04-29 00:00:00,1,0,0.0,0.0,0.0,0,0.0,0.0,0.0,Nacoes Shopping,NS
ANDROID,2025-04-30 00:00:00,5188,0,0.0,0.31,3.52,16,1.14,18.27,0.0,Nacoes Shopping,NS
IPHONE,2025-04-30 00:00:00,1953,0,0.0,0.31,2.62,6,0.85,5.12,0.0,Nacoes Shopping,NS
IPAD,2025-04-30 00:00:00,2,0,0.0,0.0,0.0,0,0.0,0.0,0.0,Nacoes Shopping,NS
UNKNOWN,2025-05-01 00:00:00,0,0,0.0,0.0,0.0,0,0.0,0.01,0.0,Nacoes Shopping,NS
ANDROID,2025-05-01 00:00:00,6018,0,0.0,0.25,2.78,15,1.12,16.75,0.0,Nacoes Shopping,NS
IPHONE,2025-05-01 00:00:00,2179,0,0.0,0.55,2.23,12,0.4,4.85,0.0,Nacoes Shopping,NS
IPAD,2025-05-01 00:00:00,7,0,0.0,0.0,15.71,0,0.0,0.11,0.0,Nacoes Shopping,NS
ANDROID,2025-05-02 00:00:00,6450,0,0.0,0.2,2.4,13,1.19,15.48,0.0,Nacoes Shopping,NS
IPHONE,2025-05-02 00:00:00,4320,0,0.0,0.32,1.46,14,0.45,6.3,0.0,Nacoes Shopping,NS
IPAD,2025-05-02 00:00:00,3,0,0.0,0.0,0.0,0,0.0,0.0,0.0,Nacoes Shopping,NS
ANDROID,2025-05-03 00:00:00,6588,0,0.0,0.18,2.62,12,1.44,17.23,0.0,Nacoes Shopping,NS
IPHONE,2025-05-03 00:00:00,4009,0,0.0,0.27,1.53,11,0.56,6.13,0.0,Nacoes Shopping,NS
IPAD,2025-05-03 00:00:00,7,0,0.0,0.0,2.86,0,0.0,0.02,0.0,Nacoes Shopping,NS
ANDROID,2025-05-04 00:00:00,6227,0,0.0,0.34,2.93,21,0.87,18.26,0.0,Nacoes Shopping,NS
IPHONE,2025-05-04 00:00:00,2741,0,0.0,0.51,1.85,14,0.36,5.07,0.0,Nacoes Shopping,NS
IPAD,2025-05-04 00:00:00,6,0,0.0,0.0,10.0,0,0.0,0.06,0.0,Nacoes Shopping,NS
ANDROID,2025-05-05 00:00:00,5940,0,0.0,0.15,2.67,9,1.76,15.84,0.0,Nacoes Shopping,NS
IPHONE,2025-05-05 00:00:00,3486,0,0.0,0.29,1.64,10,0.57,5.72,0.0,Nacoes Shopping,NS
IPAD,2025-05-05 00:00:00,5,0,0.0,0.0,2.0,0,0.0,0.01,0.0,Nacoes Shopping,NS
ANDROID,2025-05-06 00:00:00,11886,0,0.0,0.03,2.58,4,7.67,30.68,0.0,Nacoes Shopping,NS
IPHONE,2025-05-06 00:00:00,5368,0,0.0,0.11,1.94,6,1.74,10.43,0.0,Nacoes Shopping,NS
IPAD,2025-05-06 00:00:00,6,0,0.0,0.0,1.67,0,0.0,0.01,0.0,Nacoes Shopping,NS
WAP,2025-05-06 00:00:00,0,0,0.0,0.0,0.0,0,0.0,0.0,0.0,Nacoes Shopping,NS
ANDROID,2025-05-07 00:00:00,14101,0,0.0,0.0,2.6,0,0.0,36.63,0.0,Nacoes Shopping,NS
IPHONE,2025-05-07 00:00:00,7328,0,0.0,0.0,2.29,0,0.0,16.75,0.0,Nacoes Shopping,NS
IPAD,2025-05-07 00:00:00,14,0,0.0,0.0,2.14,0,0.0,0.03,0.0,Nacoes Shopping,NS
ANDROID,2025-05-08 00:00:00,25566,0,0.0,0.12,2.17,30,1.85,55.36,0.0,Nacoes Shopping,NS
IPHONE,2025-05-08 00:00:00,19532,0,0.0,0.24,2.02,47,0.84,39.55,0.0,Nacoes Shopping,NS
IPAD,2025-05-08 00:00:00,31,0,0.0,0.0,2.26,0,0.0,0.07,0.0,Nacoes Shopping,NS
ANDROID,2025-05-09 00:00:00,20599,0,0.0,0.15,2.15,30,1.48,44.3,0.0,Nacoes Shopping,NS
IPHONE,2025-05-09 00:00:00,14123,0,0.0,0.2,2.0,28,1.01,28.28,0.0,Nacoes Shopping,NS
IPAD,2025-05-09 00:00:00,24,0,0.0,0.0,2.5,0,0.0,0.06,0.0,Nacoes Shopping,NS
ANDROID,2025-05-10 00:00:00,20386,0,0.0,0.16,2.31,33,1.43,47.08,0.0,Nacoes Shopping,NS
IPHONE,2025-05-10 00:00:00,11869,0,0.0,0.18,2.08,21,1.18,24.73,0.0,Nacoes Shopping,NS
IPAD,2025-05-10 00:00:00,23,0,0.0,0.0,3.48,0,0.0,0.08,0.0,Nacoes Shopping,NS
ANDROID,2025-05-11 00:00:00,20397,0,0.0,0.1,2.32,21,2.25,47.29,0.0,Nacoes Shopping,NS
IPHONE,2025-05-11 00:00:00,11945,0,0.0,0.15,2.13,18,1.41,25.46,0.0,Nacoes Shopping,NS
IPAD,2025-05-11 00:00:00,32,0,0.0,0.0,3.13,0,0.0,0.1,0.0,Nacoes Shopping,NS
ANDROID,2025-05-12 00:00:00,20186,0,0.0,0.15,2.44,30,1.64,49.32,0.0,Nacoes Shopping,NS
IPHONE,2025-05-12 00:00:00,10804,0,0.0,0.18,2.17,19,1.24,23.49,0.0,Nacoes Shopping,NS
IPAD,2025-05-12 00:00:00,33,0,0.0,0.0,1.21,0,0.0,0.04,0.0,Nacoes Shopping,NS
ANDROID,2025-05-13 00:00:00,20513,0,0.0,0.19,2.47,39,1.3,50.65,0.0,Nacoes Shopping,NS
IPHONE,2025-05-13 00:00:00,10136,0,0.0,0.16,2.18,16,1.38,22.12,0.0,Nacoes Shopping,NS
IPAD,2025-05-13 00:00:00,32,0,0.0,0.0,3.13,0,0.0,0.1,0.0,Nacoes Shopping,NS
ANDROID,2025-05-14 00:00:00,20113,0,0.0,0.19,2.52,39,1.3,50.76,0.0,Nacoes Shopping,NS
IPHONE,2025-05-14 00:00:00,9500,0,0.0,0.23,2.3,22,0.99,21.87,0.0,Nacoes Shopping,NS
IPAD,2025-05-14 00:00:00,40,0,0.0,0.0,3.25,0,0.0,0.13,0.0,Nacoes Shopping,NS
WAP,2025-05-14 00:00:00,0,0,0.0,0.0,0.0,0,0.0,0.0,0.0,Nacoes Shopping,NS
UNKNOWN,2025-05-15 00:00:00,0,0,0.0,0.0,0.0,0,0.0,0.01,0.0,Nacoes Shopping,NS
ANDROID,2025-05-15 00:00:00,41671,0,0.0,0.11,2.14,44,2.03,89.29,0.0,Nacoes Shopping,NS
IPHONE,2025-05-15 00:00:00,28100,0,0.0,0.08,2.0,23,2.45,56.28,0.0,Nacoes Shopping,NS
IPAD,2025-05-15 00:00:00,49,0,0.0,0.0,3.67,0,0.0,0.18,0.0,Nacoes Shopping,NS
ANDROID,2025-05-16 00:00:00,53754,0,0.0,0.08,2.17,43,2.71,116.42,0.0,Nacoes Shopping,NS
IPHONE,2025-05-16 00:00:00,34494,0,0.0,0.08,2.01,26,2.67,69.39,0.0,Nacoes Shopping,NS
IPAD,2025-05-16 00:00:00,64,0,0.0,0.0,2.81,0,0.0,0.18,0.0,Nacoes Shopping,NS
ANDROID,2025-05-17 00:00:00,35502,0,0.0,0.09,2.14,32,2.37,75.89,0.0,Nacoes Shopping,NS
IPHONE,2025-05-17 00:00:00,20207,0,0.0,0.12,1.97,24,1.66,39.83,0.0,Nacoes Shopping,NS
IPAD,2025-05-17 00:00:00,38,0,0.0,2.63,3.42,1,0.13,0.13,0.0,Nacoes Shopping,NS
ANDROID,2025-05-18 00:00:00,28430,0,0.0,0.16,2.06,46,1.27,58.59,0.0,Nacoes Shopping,NS
IPHONE,2025-05-18 00:00:00,15926,0,0.0,0.18,1.89,28,1.08,30.13,0.0,Nacoes Shopping,NS
IPAD,2025-05-18 00:00:00,50,0,0.0,0.0,2.0,0,0.0,0.1,0.0,Nacoes Shopping,NS
UNKNOWN,2025-05-19 00:00:00,0,0,0.0,0.0,0.0,0,0.0,0.01,0.0,Nacoes Shopping,NS
ANDROID,2025-05-19 00:00:00,25923,0,0.0,0.14,2.16,37,1.51,56.04,0.0,Nacoes Shopping,NS
IPHONE,2025-05-19 00:00:00,15130,0,0.0,0.27,2.04,41,0.75,30.87,0.0,Nacoes Shopping,NS
IPAD,2025-05-19 00:00:00,38,0,0.0,0.0,2.63,0,0.0,0.1,0.0,Nacoes Shopping,NS
UNKNOWN,2025-05-20 00:00:00,0,0,0.0,0.0,0.0,0,0.0,0.01,0.0,Nacoes Shopping,NS
ANDROID,2025-05-20 00:00:00,25923,0,0.0,0.12,2.26,30,1.95,58.57,0.0,Nacoes Shopping,NS
IPHONE,2025-05-20 00:00:00,13414,0,0.0,0.16,2.19,21,1.4,29.34,0.0,Nacoes Shopping,NS
IPAD,2025-05-20 00:00:00,17,0,0.0,0.0,2.35,0,0.0,0.04,0.0,Nacoes Shopping,NS
ANDROID,2025-05-21 00:00:00,25540,0,0.0,0.15,2.27,38,1.52,57.94,0.0,Nacoes Shopping,NS
IPHONE,2025-05-21 00:00:00,13289,0,0.0,0.24,2.18,32,0.9,28.93,0.0,Nacoes Shopping,NS
IPAD,2025-05-21 00:00:00,26,0,0.0,0.0,3.85,0,0.0,0.1,0.0,Nacoes Shopping,NS
ANDROID,2025-05-22 00:00:00,26014,0,0.0,0.09,2.18,23,2.46,56.62,0.0,Nacoes Shopping,NS
IPHONE,2025-05-22 00:00:00,14848,0,0.0,0.17,2.04,25,1.21,30.3,0.0,Nacoes Shopping,NS
IPAD,2025-05-22 00:00:00,40,0,0.0,0.0,2.5,0,0.0,0.1,0.0,Nacoes Shopping,NS
WAP,2025-05-22 00:00:00,0,0,0.0,0.0,0.0,0,0.0,0.0,0.0,Nacoes Shopping,NS
UNKNOWN,2025-05-23 00:00:00,0,0,0.0,0.0,0.0,0,0.0,0.01,0.0,Nacoes Shopping,NS
ANDROID,2025-05-23 00:00:00,24149,0,0.0,0.12,2.27,29,1.89,54.71,0.0,Nacoes Shopping,NS
IPHONE,2025-05-23 00:00:00,15400,0,0.0,0.13,2.03,20,1.57,31.3,0.0,Nacoes Shopping,NS
IPAD,2025-05-23 00:00:00,19,0,0.0,5.26,4.21,1,0.08,0.08,0.0,Nacoes Shopping,NS
WAP,2025-05-23 00:00:00,0,0,0.0,0.0,0.0,0,0.0,0.0,0.0,Nacoes Shopping,NS
ANDROID,2025-05-24 00:00:00,25178,0,0.0,0.17,2.26,42,1.35,56.78,0.0,Nacoes Shopping,NS
IPHONE,2025-05-24 00:00:00,14812,0,0.0,0.23,1.93,34,0.84,28.63,0.0,Nacoes Shopping,NS
IPAD,2025-05-24 00:00:00,32,0,0.0,0.0,2.5,0,0.0,0.08,0.0,Nacoes Shopping,NS
ANDROID,2025-05-25 00:00:00,25293,0,0.0,0.12,2.26,31,1.85,57.26,0.0,Nacoes Shopping,NS
IPHONE,2025-05-25 00:00:00,14705,0,0.0,0.12,1.98,18,1.61,29.05,0.0,Nacoes Shopping,NS
IPAD,2025-05-25 00:00:00,29,0,0.0,0.0,3.45,0,0.0,0.1,0.0,Nacoes Shopping,NS
ANDROID,2025-05-26 00:00:00,22556,0,0.0,0.11,2.44,24,2.3,55.08,0.0,Nacoes Shopping,NS
IPHONE,2025-05-26 00:00:00,14210,0,0.0,0.08,2.1,12,2.49,29.85,0.0,Nacoes Shopping,NS
IPAD,2025-05-26 00:00:00,36,0,0.0,0.0,2.22,0,0.0,0.08,0.0,Nacoes Shopping,NS
WAP,2025-05-26 00:00:00,0,0,0.0,0.0,0.0,0,0.0,0.0,0.0,Nacoes Shopping,NS
ANDROID,2025-05-27 00:00:00,22669,0,0.0,0.16,2.44,36,1.54,55.41,0.0,Nacoes Shopping,NS
IPHONE,2025-05-27 00:00:00,12943,0,0.0,0.12,2.29,15,1.98,29.65,0.0,Nacoes Shopping,NS
IPAD,2025-05-27 00:00:00,26,0,0.0,0.0,2.31,0,0.0,0.06,0.0,Nacoes Shopping,NS
WAP,2025-05-27 00:00:00,0,0,0.0,0.0,0.0,0,0.0,0.0,0.0,Nacoes Shopping,NS
ANDROID,2025-05-28 00:00:00,22990,0,0.0,0.14,2.48,32,1.78,56.92,0.0,Nacoes Shopping,NS
IPHONE,2025-05-28 00:00:00,11802,0,0.0,0.14,2.28,17,1.58,26.93,0.0,Nacoes Shopping,NS
IPAD,2025-05-28 00:00:00,36,0,0.0,0.0,3.06,0,0.0,0.11,0.0,Nacoes Shopping,NS
ANDROID,2025-05-29 00:00:00,22087,0,0.0,0.12,2.42,27,1.98,53.41,0.0,Nacoes Shopping,NS
IPHONE,2025-05-29 00:00:00,13264,0,0.0,0.09,2.21,12,2.45,29.37,0.0,Nacoes Shopping,NS
IPAD,2025-05-29 00:00:00,27,0,0.0,0.0,2.96,0,0.0,0.08,0.0,Nacoes Shopping,NS
ANDROID,2025-05-30 00:00:00,19398,0,0.0,0.1,2.55,19,2.6,49.44,0.0,Nacoes Shopping,NS
IPHONE,2025-05-30 00:00:00,12383,0,0.0,0.17,2.36,21,1.39,29.17,0.0,Nacoes Shopping,NS
IPAD,2025-05-30 00:00:00,18,0,0.0,0.0,5.0,0,0.0,0.09,0.0,Nacoes Shopping,NS
ANDROID,2025-05-31 00:00:00,14364,0,0.0,0.22,3.21,31,1.49,46.07,0.0,Nacoes Shopping,NS
IPHONE,2025-05-31 00:00:00,7921,0,0.0,0.25,2.94,20,1.16,23.25,0.0,Nacoes Shopping,NS
IPAD,2025-05-31 00:00:00,29,0,0.0,0.0,4.83,0,0.0,0.14,0.0,Nacoes Shopping,NS
ANDROID,2025-06-01 00:00:00,0,0,0.0,0.0,0.0,0,0.0,0.0,0.0,Nacoes Shopping,NS
IPHONE,2025-06-01 00:00:00,0,0,0.0,0.0,0.0,0,0.0,0.0,0.0,Nacoes Shopping,NS
IPAD,2025-06-01 00:00:00,0,0,0.0,0.0,0.0,0,0.0,0.0,0.0,Nacoes Shopping,NS
ANDROID,2025-06-02 00:00:00,0,0,0.0,0.0,0.0,0,0.0,0.0,0.0,Nacoes Shopping,NS
ANDROID,2025-06-03 00:00:00,0,0,0.0,0.0,0.0,0,0.0,0.0,0.0,Nacoes Shopping,NS
IPHONE,2025-06-03 00:00:00,0,0,0.0,0.0,0.0,0,0.0,0.0,0.0,Nacoes Shopping,NS
ANDROID,2025-06-04 00:00:00,8723,0,0.0,0.09,2.81,8,3.07,24.54,0.0,Nacoes Shopping,NS
IPHONE,2025-06-04 00:00:00,5779,0,0.0,0.17,1.81,10,1.05,10.48,0.0,Nacoes Shopping,NS
IPAD,2025-06-04 00:00:00,3,0,0.0,0.0,0.0,0,0.0,0.0,0.0,Nacoes Shopping,NS
ANDROID,2025-06-05 00:00:00,16948,0,0.0,0.13,2.82,22,2.17,47.81,0.0,Nacoes Shopping,NS
IPHONE,2025-06-05 00:00:00,10368,0,0.0,0.14,2.11,15,1.46,21.83,0.0,Nacoes Shopping,NS
IPAD,2025-06-05 00:00:00,11,0,0.0,0.0,0.91,0,0.0,0.01,0.0,Nacoes Shopping,NS
ANDROID,2025-06-06 00:00:00,17445,0,0.0,0.15,3.31,26,2.22,57.72,0.0,Nacoes Shopping,NS
IPHONE,2025-06-06 00:00:00,9628,0,0.0,0.12,2.25,12,1.81,21.69,0.0,Nacoes Shopping,NS
IPAD,2025-06-06 00:00:00,23,0,0.0,0.0,4.35,0,0.0,0.1,0.0,Nacoes Shopping,NS
ANDROID,2025-06-07 00:00:00,19893,0,0.0,0.13,2.94,26,2.25,58.43,0.0,Nacoes Shopping,NS
IPHONE,2025-06-07 00:00:00,10767,0,0.0,0.15,2.09,16,1.41,22.55,0.0,Nacoes Shopping,NS
IPAD,2025-06-07 00:00:00,25,0,0.0,0.0,2.8,0,0.0,0.07,0.0,Nacoes Shopping,NS
ANDROID,2025-06-08 00:00:00,19192,0,0.0,0.1,2.96,19,2.99,56.84,0.0,Nacoes Shopping,NS
IPHONE,2025-06-08 00:00:00,10874,0,0.0,0.12,2.07,13,1.73,22.55,0.0,Nacoes Shopping,NS
IPAD,2025-06-08 00:00:00,23,0,0.0,0.0,2.61,0,0.0,0.06,0.0,Nacoes Shopping,NS
WAP,2025-06-08 00:00:00,0,0,0.0,0.0,0.0,0,0.0,0.0,0.0,Nacoes Shopping,NS
ANDROID,2025-06-09 00:00:00,17110,0,0.0,0.12,3.11,21,2.53,53.17,0.0,Nacoes Shopping,NS
IPHONE,2025-06-09 00:00:00,9755,0,0.0,0.14,2.24,14,1.56,21.89,0.0,Nacoes Shopping,NS
IPAD,2025-06-09 00:00:00,17,0,0.0,0.0,4.12,0,0.0,0.07,0.0,Nacoes Shopping,NS
ANDROID,2025-06-10 00:00:00,16286,0,0.0,0.14,3.28,22,2.43,53.45,0.0,Nacoes Shopping,NS
IPHONE,2025-06-10 00:00:00,8372,0,0.0,0.13,2.48,11,1.89,20.75,0.0,Nacoes Shopping,NS
IPAD,2025-06-10 00:00:00,15,0,0.0,0.0,2.67,0,0.0,0.04,0.0,Nacoes Shopping,NS
WAP,2025-06-10 00:00:00,0,0,0.0,0.0,0.0,0,0.0,0.0,0.0,Nacoes Shopping,NS
ANDROID,2025-06-11 00:00:00,16735,0,0.0,0.16,3.17,26,2.04,53.02,0.0,Nacoes Shopping,NS
IPHONE,2025-06-11 00:00:00,8954,0,0.0,0.15,2.42,13,1.66,21.63,0.0,Nacoes Shopping,NS
IPAD,2025-06-11 00:00:00,23,0,0.0,0.0,4.78,0,0.0,0.11,0.0,Nacoes Shopping,NS
ANDROID,2025-06-12 00:00:00,15234,0,0.0,0.14,3.09,21,2.24,47.14,0.0,Nacoes Shopping,NS
IPHONE,2025-06-12 00:00:00,8759,0,0.0,0.21,2.36,18,1.15,20.67,0.0,Nacoes Shopping,NS
IPAD,2025-06-12 00:00:00,15,0,0.0,0.0,2.0,0,0.0,0.03,0.0,Nacoes Shopping,NS
ANDROID,2025-06-13 00:00:00,15284,0,0.0,0.12,2.89,18,2.45,44.15,0.0,Nacoes Shopping,NS
IPHONE,2025-06-13 00:00:00,8747,0,0.0,0.19,2.36,17,1.21,20.63,0.0,Nacoes Shopping,NS
IPAD,2025-06-13 00:00:00,14,0,0.0,0.0,2.14,0,0.0,0.03,0.0,Nacoes Shopping,NS
WAP,2025-06-13 00:00:00,0,0,0.0,0.0,0.0,0,0.0,0.0,0.0,Nacoes Shopping,NS
ANDROID,2025-06-14 00:00:00,14735,0,0.0,0.16,2.66,23,1.7,39.2,0.0,Nacoes Shopping,NS
IPHONE,2025-06-14 00:00:00,8048,0,0.0,0.25,2.31,20,0.93,18.57,0.0,Nacoes Shopping,NS
IPAD,2025-06-14 00:00:00,19,0,0.0,0.0,2.11,0,0.0,0.04,0.0,Nacoes Shopping,NS
ANDROID,2025-06-15 00:00:00,8148,0,0.0,0.02,2.85,2,11.63,23.25,0.0,Nacoes Shopping,NS
IPHONE,2025-06-15 00:00:00,4400,0,0.0,0.2,2.17,9,1.06,9.55,0.0,Nacoes Shopping,NS
IPAD,2025-06-15 00:00:00,6,0,0.0,0.0,0.0,0,0.0,0.0,0.0,Nacoes Shopping,NS
ANDROID,2025-06-16 00:00:00,3025,0,0.0,0.0,2.09,0,0.0,6.32,0.0,Nacoes Shopping,NS
IPHONE,2025-06-16 00:00:00,1854,0,0.0,0.0,1.89,0,0.0,3.5,0.0,Nacoes Shopping,NS
IPAD,2025-06-16 00:00:00,1,0,0.0,0.0,0.0,0,0.0,0.0,0.0,Nacoes Shopping,NS
ANDROID,2025-06-17 00:00:00,2887,0,0.0,0.0,2.08,0,0.0,6.01,0.0,Nacoes Shopping,NS
IPHONE,2025-06-17 00:00:00,1608,0,0.0,0.0,2.13,0,0.0,3.43,0.0,Nacoes Shopping,NS
IPAD,2025-06-17 00:00:00,3,0,0.0,0.0,3.33,0,0.0,0.01,0.0,Nacoes Shopping,NS
ANDROID,2025-06-18 00:00:00,2815,0,0.0,0.0,2.16,0,0.0,6.09,0.0,Nacoes Shopping,NS
IPHONE,2025-06-18 00:00:00,1378,0,0.0,0.0,2.43,0,0.0,3.35,0.0,Nacoes Shopping,NS
IPAD,2025-06-18 00:00:00,2,0,0.0,0.0,0.0,0,0.0,0.0,0.0,Nacoes Shopping,NS
ANDROID,2025-06-19 00:00:00,2971,0,0.0,0.0,2.22,0,0.0,6.6,0.0,Nacoes Shopping,NS
IPHONE,2025-06-19 00:00:00,1619,0,0.0,0.0,2.17,0,0.0,3.51,0.0,Nacoes Shopping,NS
IPAD,2025-06-19 00:00:00,2,0,0.0,0.0,10.0,0,0.0,0.02,0.0,Nacoes Shopping,NS
ANDROID,2025-06-20 00:00:00,2552,0,0.0,0.0,2.23,0,0.0,5.7,0.0,Nacoes Shopping,NS
IPHONE,2025-06-20 00:00:00,1464,0,0.0,0.0,2.08,0,0.0,3.04,0.0,Nacoes Shopping,NS
IPAD,2025-06-20 00:00:00,0,0,0.0,0.0,0.0,0,0.0,0.0,0.0,Nacoes Shopping,NS
ANDROID,2025-06-21 00:00:00,2378,0,0.0,0.0,2.22,0,0.0,5.29,0.0,Nacoes Shopping,NS
IPHONE,2025-06-21 00:00:00,1441,0,0.0,0.0,2.1,0,0.0,3.03,0.0,Nacoes Shopping,NS
ANDROID,2025-06-22 00:00:00,2433,0,0.0,0.0,2.17,0,0.0,5.28,0.0,Nacoes Shopping,NS
IPHONE,2025-06-22 00:00:00,1488,0,0.0,0.0,1.91,0,0.0,2.84,0.0,Nacoes Shopping,NS
IPAD,2025-06-22 00:00:00,4,0,0.0,0.0,2.5,0,0.0,0.01,0.0,Nacoes Shopping,NS
ANDROID,2025-06-23 00:00:00,2156,0,0.0,0.0,2.31,0,0.0,4.97,0.0,Nacoes Shopping,NS
IPHONE,2025-06-23 00:00:00,1230,0,0.0,0.0,2.06,0,0.0,2.53,0.0,Nacoes Shopping,NS
IPAD,2025-06-23 00:00:00,1,0,0.0,0.0,10.0,0,0.0,0.01,0.0,Nacoes Shopping,NS
ANDROID,2025-06-24 00:00:00,1861,0,0.0,0.0,2.41,0,0.0,4.48,0.0,Nacoes Shopping,NS
IPHONE,2025-06-24 00:00:00,1023,0,0.0,0.0,2.45,0,0.0,2.51,0.0,Nacoes Shopping,NS
IPAD,2025-06-24 00:00:00,1,0,0.0,0.0,0.0,0,0.0,0.0,0.0,Nacoes Shopping,NS
ANDROID,2025-06-25 00:00:00,1604,0,0.0,0.0,2.51,0,0.0,4.03,0.0,Nacoes Shopping,NS
IPHONE,2025-06-25 00:00:00,971,0,0.0,0.0,2.55,0,0.0,2.48,0.0,Nacoes Shopping,NS
IPAD,2025-06-25 00:00:00,3,0,0.0,0.0,0.0,0,0.0,0.0,0.0,Nacoes Shopping,NS
ANDROID,2025-06-26 00:00:00,1416,0,0.0,0.0,2.69,0,0.0,3.81,0.0,Nacoes Shopping,NS
IPHONE,2025-06-26 00:00:00,785,0,0.0,0.0,2.46,0,0.0,1.93,0.0,Nacoes Shopping,NS
IPAD,2025-06-26 00:00:00,0,0,0.0,0.0,0.0,0,0.0,0.0,0.0,Nacoes Shopping,NS
ANDROID,2025-06-27 00:00:00,1888,0,0.0,0.0,2.73,0,0.0,5.15,0.0,Nacoes Shopping,NS
IPHONE,2025-06-27 00:00:00,1083,0,0.0,0.0,2.52,0,0.0,2.73,0.0,Nacoes Shopping,NS
IPAD,2025-06-27 00:00:00,5,0,0.0,0.0,0.0,0,0.0,0.0,0.0,Nacoes Shopping,NS
ANDROID,2025-06-28 00:00:00,2955,0,0.0,0.0,2.85,0,0.0,8.42,0.0,Nacoes Shopping,NS
IPHONE,2025-06-28 00:00:00,1852,0,0.0,0.0,2.66,0,0.0,4.93,0.0,Nacoes Shopping,NS
IPAD,2025-06-28 00:00:00,3,0,0.0,0.0,0.0,0,0.0,0.0,0.0,Nacoes Shopping,NS
ANDROID,2025-06-29 00:00:00,3153,0,0.0,0.0,2.6,0,0.0,8.2,0.0,Nacoes Shopping,NS
IPHONE,2025-06-29 00:00:00,1981,0,0.0,0.0,2.49,0,0.0,4.93,0.0,Nacoes Shopping,NS
IPAD,2025-06-29 00:00:00,3,0,0.0,0.0,0.0,0,0.0,0.0,0.0,Nacoes Shopping,NS
ANDROID,2025-06-30 00:00:00,6228,0,0.0,0.0,2.35,0,0.0,14.61,0.0,Nacoes Shopping,NS
IPHONE,2025-06-30 00:00:00,3692,0,0.0,0.0,2.35,0,0.0,8.69,0.0,Nacoes Shopping,NS
IPAD,2025-06-30 00:00:00,5,0,0.0,0.0,0.0,0,0.0,0.0,0.0,Nacoes Shopping,NS
ANDROID,2025-07-01 00:00:00,10529,0,0.0,0.0,1.66,0,0.0,17.47,0.0,Nacoes Shopping,NS
IPHONE,2025-07-01 00:00:00,6481,0,0.0,0.0,1.65,0,0.0,10.72,0.0,Nacoes Shopping,NS
IPAD,2025-07-01 00:00:00,10,0,0.0,0.0,2.0,0,0.0,0.02,0.0,Nacoes Shopping,NS
ANDROID,2025-07-02 00:00:00,9335,0,0.0,0.0,1.74,0,0.0,16.28,0.0,Nacoes Shopping,NS
IPHONE,2025-07-02 00:00:00,5656,0,0.0,0.0,1.86,0,0.0,10.52,0.0,Nacoes Shopping,NS
IPAD,2025-07-02 00:00:00,11,0,0.0,0.0,0.0,0,0.0,0.0,0.0,Nacoes Shopping,NS
UNKNOWN,2025-07-03 00:00:00,0,0,0.0,0.0,0.0,0,0.0,0.01,0.0,Nacoes Shopping,NS
ANDROID,2025-07-03 00:00:00,14725,0,0.0,0.0,1.98,0,0.0,29.18,0.0,Nacoes Shopping,NS
IPHONE,2025-07-03 00:00:00,7661,0,0.0,0.0,2.07,0,0.0,15.88,0.0,Nacoes Shopping,NS
IPAD,2025-07-03 00:00:00,18,0,0.0,0.0,2.78,0,0.0,0.05,0.0,Nacoes Shopping,NS
ANDROID,2025-07-04 00:00:00,16332,0,0.0,0.0,1.98,0,0.0,32.26,0.0,Nacoes Shopping,NS
IPHONE,2025-07-04 00:00:00,8726,0,0.0,0.0,2.1,0,0.0,18.31,0.0,Nacoes Shopping,NS
IPAD,2025-07-04 00:00:00,17,0,0.0,0.0,3.53,0,0.0,0.06,0.0,Nacoes Shopping,NS
UNKNOWN,2025-07-05 00:00:00,0,0,0.0,0.0,0.0,0,0.0,0.01,0.0,Nacoes Shopping,NS
ANDROID,2025-07-05 00:00:00,16732,0,0.0,0.0,1.89,0,0.0,31.56,0.0,Nacoes Shopping,NS
IPHONE,2025-07-05 00:00:00,9742,0,0.0,0.0,1.91,0,0.0,18.65,0.0,Nacoes Shopping,NS
IPAD,2025-07-05 00:00:00,17,0,0.0,0.0,3.53,0,0.0,0.06,0.0,Nacoes Shopping,NS
ANDROID,2025-07-06 00:00:00,16454,0,0.0,0.0,1.89,0,0.0,31.02,0.0,Nacoes Shopping,NS
IPHONE,2025-07-06 00:00:00,10209,0,0.0,0.0,1.91,0,0.0,19.47,0.0,Nacoes Shopping,NS
IPAD,2025-07-06 00:00:00,20,0,0.0,0.0,1.5,0,0.0,0.03,0.0,Nacoes Shopping,NS
ANDROID,2025-07-07 00:00:00,16156,0,0.0,0.0,1.93,0,0.0,31.2,0.0,Nacoes Shopping,NS
IPHONE,2025-07-07 00:00:00,9908,0,0.0,0.0,1.88,0,0.0,18.66,0.0,Nacoes Shopping,NS
IPAD,2025-07-07 00:00:00,26,0,0.0,0.0,2.31,0,0.0,0.06,0.0,Nacoes Shopping,NS
ANDROID,2025-07-08 00:00:00,15690,0,0.0,0.0,1.96,0,0.0,30.77,0.0,Nacoes Shopping,NS
IPHONE,2025-07-08 00:00:00,9165,0,0.0,0.0,1.9,0,0.0,17.37,0.0,Nacoes Shopping,NS
IPAD,2025-07-08 00:00:00,19,0,0.0,0.0,1.58,0,0.0,0.03,0.0,Nacoes Shopping,NS
ANDROID,2025-07-09 00:00:00,14674,0,0.0,0.0,2.08,0,0.0,30.48,0.0,Nacoes Shopping,NS
IPHONE,2025-07-09 00:00:00,8498,0,0.0,0.0,2.0,0,0.0,17.03,0.0,Nacoes Shopping,NS
IPAD,2025-07-09 00:00:00,13,0,0.0,0.0,3.08,0,0.0,0.04,0.0,Nacoes Shopping,NS
ANDROID,2025-07-10 00:00:00,14621,0,0.0,0.0,2.03,0,0.0,29.7,0.0,Nacoes Shopping,NS
IPHONE,2025-07-10 00:00:00,8472,0,0.0,0.0,2.16,0,0.0,18.27,0.0,Nacoes Shopping,NS
IPAD,2025-07-10 00:00:00,15,0,0.0,0.0,2.0,0,0.0,0.03,0.0,Nacoes Shopping,NS
ANDROID,2025-07-11 00:00:00,15309,0,0.0,0.0,2.02,0,0.0,30.85,0.0,Nacoes Shopping,NS
IPHONE,2025-07-11 00:00:00,8797,0,0.0,0.0,2.03,0,0.0,17.88,0.0,Nacoes Shopping,NS
IPAD,2025-07-11 00:00:00,13,0,0.0,0.0,1.54,0,0.0,0.02,0.0,Nacoes Shopping,NS
ANDROID,2025-07-12 00:00:00,15769,0,0.0,0.0,1.91,0,0.0,30.19,0.0,Nacoes Shopping,NS
IPHONE,2025-07-12 00:00:00,8905,0,0.0,0.0,1.91,0,0.0,17.05,0.0,Nacoes Shopping,NS
IPAD,2025-07-12 00:00:00,12,0,0.0,0.0,0.83,0,0.0,0.01,0.0,Nacoes Shopping,NS
ANDROID,2025-07-13 00:00:00,15287,0,0.0,0.0,1.89,0,0.0,28.85,0.0,Nacoes Shopping,NS
IPHONE,2025-07-13 00:00:00,9245,0,0.0,0.0,1.88,0,0.0,17.37,0.0,Nacoes Shopping,NS
IPAD,2025-07-13 00:00:00,17,0,0.0,0.0,1.76,0,0.0,0.03,0.0,Nacoes Shopping,NS
ANDROID,2025-07-14 00:00:00,16019,0,0.0,0.0,1.82,0,0.0,29.15,0.0,Nacoes Shopping,NS
IPHONE,2025-07-14 00:00:00,9748,0,0.0,0.0,1.94,0,0.0,18.9,0.0,Nacoes Shopping,NS
IPAD,2025-07-14 00:00:00,17,0,0.0,0.0,2.94,0,0.0,0.05,0.0,Nacoes Shopping,NS
ANDROID,2025-07-15 00:00:00,14733,0,0.0,0.0,2.02,0,0.0,29.72,0.0,Nacoes Shopping,NS
IPHONE,2025-07-15 00:00:00,8340,0,0.0,0.0,1.99,0,0.0,16.62,0.0,Nacoes Shopping,NS
IPAD,2025-07-15 00:00:00,16,0,0.0,0.0,1.25,0,0.0,0.02,0.0,Nacoes Shopping,NS
ANDROID,2025-07-16 00:00:00,20668,0,0.0,0.0,2.34,0,0.0,48.35,0.0,Nacoes Shopping,NS
IPHONE,2025-07-16 00:00:00,12024,0,0.0,0.0,2.03,0,0.0,24.41,0.0,Nacoes Shopping,NS
IPAD,2025-07-16 00:00:00,32,0,0.0,0.0,3.44,0,0.0,0.11,0.0,Nacoes Shopping,NS
ANDROID,2025-07-17 00:00:00,25598,0,0.0,0.0,2.38,0,0.0,60.96,0.0,Nacoes Shopping,NS
IPHONE,2025-07-17 00:00:00,16278,0,0.0,0.0,2.1,0,0.0,34.12,0.0,Nacoes Shopping,NS
IPAD,2025-07-17 00:00:00,36,0,0.0,0.0,3.61,0,0.0,0.13,0.0,Nacoes Shopping,NS
ANDROID,2025-07-18 00:00:00,40599,0,0.0,0.0,2.43,0,0.0,98.74,0.0,Nacoes Shopping,NS
IPHONE,2025-07-18 00:00:00,25227,0,0.0,0.0,2.24,0,0.0,56.63,0.0,Nacoes Shopping,NS
IPAD,2025-07-18 00:00:00,84,0,0.0,0.0,2.74,0,0.0,0.23,0.0,Nacoes Shopping,NS
ANDROID,2025-07-19 00:00:00,45738,0,0.0,0.0,2.51,0,0.0,114.75,0.0,Nacoes Shopping,NS
IPHONE,2025-07-19 00:00:00,27566,0,0.0,0.0,2.29,0,0.0,63.22,0.0,Nacoes Shopping,NS
IPAD,2025-07-19 00:00:00,107,0,0.0,0.0,2.43,0,0.0,0.26,0.0,Nacoes Shopping,NS
ANDROID,2025-07-20 00:00:00,30014,0,0.0,0.0,2.41,0,0.0,72.33,0.0,Nacoes Shopping,NS
IPHONE,2025-07-20 00:00:00,17861,0,0.0,0.0,2.17,0,0.0,38.79,0.0,Nacoes Shopping,NS
IPAD,2025-07-20 00:00:00,62,0,0.0,0.0,3.55,0,0.0,0.22,0.0,Nacoes Shopping,NS
ANDROID,2025-07-21 00:00:00,24760,0,0.0,0.0,2.36,0,0.0,58.55,0.0,Nacoes Shopping,NS
IPHONE,2025-07-21 00:00:00,15602,0,0.0,0.0,2.1,0,0.0,32.84,0.0,Nacoes Shopping,NS
IPAD,2025-07-21 00:00:00,36,0,0.0,0.0,0.83,0,0.0,0.03,0.0,Nacoes Shopping,NS
WAP,2025-07-21 00:00:00,0,0,0.0,0.0,0.0,0,0.0,0.0,0.0,Nacoes Shopping,NS
ANDROID,2025-07-22 00:00:00,23394,0,0.0,0.0,2.31,0,0.0,53.93,0.0,Nacoes Shopping,NS
IPHONE,2025-07-22 00:00:00,14672,0,0.0,0.0,2.18,0,0.0,31.92,0.0,Nacoes Shopping,NS
IPAD,2025-07-22 00:00:00,40,0,0.0,0.0,3.0,0,0.0,0.12,0.0,Nacoes Shopping,NS
WAP,2025-07-22 00:00:00,0,0,0.0,0.0,0.0,0,0.0,0.0,0.0,Nacoes Shopping,NS
ANDROID,2025-07-23 00:00:00,24668,0,0.0,0.0,2.27,0,0.0,55.96,0.0,Nacoes Shopping,NS
IPHONE,2025-07-23 00:00:00,14489,0,0.0,0.0,2.21,0,0.0,31.96,0.0,Nacoes Shopping,NS
IPAD,2025-07-23 00:00:00,49,0,0.0,0.0,2.24,0,0.0,0.11,0.0,Nacoes Shopping,NS
ANDROID,2025-07-24 00:00:00,22680,0,0.0,0.0,2.26,0,0.0,51.18,0.0,Nacoes Shopping,NS
IPHONE,2025-07-24 00:00:00,14110,0,0.0,0.0,2.06,0,0.0,29.04,0.0,Nacoes Shopping,NS
IPAD,2025-07-24 00:00:00,23,0,0.0,0.0,1.74,0,0.0,0.04,0.0,Nacoes Shopping,NS
ANDROID,2025-07-25 00:00:00,21091,0,0.0,0.0,2.42,0,0.0,50.99,0.0,Nacoes Shopping,NS
IPHONE,2025-07-25 00:00:00,13286,0,0.0,0.0,2.17,0,0.0,28.88,0.0,Nacoes Shopping,NS
IPAD,2025-07-25 00:00:00,27,0,0.0,0.0,1.48,0,0.0,0.04,0.0,Nacoes Shopping,NS
ANDROID,2025-07-26 00:00:00,19478,0,0.0,0.0,2.48,0,0.0,48.26,0.0,Nacoes Shopping,NS
IPHONE,2025-07-26 00:00:00,12676,0,0.0,0.0,2.3,0,0.0,29.1,0.0,Nacoes Shopping,NS
IPAD,2025-07-26 00:00:00,31,0,0.0,0.0,2.26,0,0.0,0.07,0.0,Nacoes Shopping,NS
UNKNOWN,2025-07-27 00:00:00,0,0,0.0,0.0,0.0,0,0.0,0.01,0.0,Nacoes Shopping,NS
ANDROID,2025-07-27 00:00:00,19441,0,0.0,0.0,2.38,0,0.0,46.34,0.0,Nacoes Shopping,NS
IPHONE,2025-07-27 00:00:00,11484,0,0.0,0.0,2.12,0,0.0,24.38,0.0,Nacoes Shopping,NS
IPAD,2025-07-27 00:00:00,29,0,0.0,0.0,2.41,0,0.0,0.07,0.0,Nacoes Shopping,NS
ANDROID,2025-07-28 00:00:00,17009,0,0.0,0.0,2.18,0,0.0,37.11,0.0,Nacoes Shopping,NS
IPHONE,2025-07-28 00:00:00,10871,0,0.0,0.0,2.06,0,0.0,22.41,0.0,Nacoes Shopping,NS
IPAD,2025-07-28 00:00:00,14,0,0.0,0.0,4.29,0,0.0,0.06,0.0,Nacoes Shopping,NS
ANDROID,2025-07-29 00:00:00,15926,0,0.0,0.0,2.09,0,0.0,33.31,0.0,Nacoes Shopping,NS
IPHONE,2025-07-29 00:00:00,9898,0,0.0,0.0,2.11,0,0.0,20.87,0.0,Nacoes Shopping,NS
IPAD,2025-07-29 00:00:00,15,0,0.0,0.0,3.33,0,0.0,0.05,0.0,Nacoes Shopping,NS
WAP,2025-07-29 00:00:00,0,0,0.0,0.0,0.0,0,0.0,0.0,0.0,Nacoes Shopping,NS
ANDROID,2025-07-30 00:00:00,11089,0,0.0,0.0,2.22,0,0.0,24.6,0.0,Nacoes Shopping,NS
IPHONE,2025-07-30 00:00:00,6513,0,0.0,0.0,2.15,0,0.0,14.0,0.0,Nacoes Shopping,NS
IPAD,2025-07-30 00:00:00,8,0,0.0,0.0,2.5,0,0.0,0.02,0.0,Nacoes Shopping,NS
ANDROID,2025-07-31 00:00:00,9210,0,0.0,0.0,2.21,0,0.0,20.31,0.0,Nacoes Shopping,NS
IPHONE,2025-07-31 00:00:00,5898,0,0.0,0.0,2.18,0,0.0,12.87,0.0,Nacoes Shopping,NS
IPAD,2025-07-31 00:00:00,12,0,0.0,0.0,0.83,0,0.0,0.01,0.0,Nacoes Shopping,NS
ANDROID,2025-08-01 00:00:00,13111,0,0.0,0.0,1.88,0,0.0,24.67,0.0,Nacoes Shopping,NS
IPHONE,2025-08-01 00:00:00,7829,0,0.0,0.0,1.99,0,0.0,15.6,0.0,Nacoes Shopping,NS
IPAD,2025-08-01 00:00:00,7,0,0.0,0.0,0.0,0,0.0,0.0,0.0,Nacoes Shopping,NS
ANDROID,2025-08-02 00:00:00,12795,0,0.0,0.0,1.9,0,0.0,24.28,0.0,Nacoes Shopping,NS
IPHONE,2025-08-02 00:00:00,8376,0,0.0,0.0,1.91,0,0.0,15.97,0.0,Nacoes Shopping,NS
IPAD,2025-08-02 00:00:00,34,0,0.0,0.0,0.29,0,0.0,0.01,0.0,Nacoes Shopping,NS
ANDROID,2025-08-03 00:00:00,12636,0,0.0,0.0,1.86,0,0.0,23.46,0.0,Nacoes Shopping,NS
IPHONE,2025-08-03 00:00:00,8414,0,0.0,0.0,1.83,0,0.0,15.43,0.0,Nacoes Shopping,NS
IPAD,2025-08-03 00:00:00,21,0,0.0,0.0,2.86,0,0.0,0.06,0.0,Nacoes Shopping,NS
ANDROID,2025-08-04 00:00:00,12012,0,0.0,0.0,1.91,0,0.0,22.98,0.0,Nacoes Shopping,NS
IPHONE,2025-08-04 00:00:00,7447,0,0.0,0.0,1.94,0,0.0,14.43,0.0,Nacoes Shopping,NS
IPAD,2025-08-04 00:00:00,13,0,0.0,0.0,0.0,0,0.0,0.0,0.0,Nacoes Shopping,NS
ANDROID,2025-08-05 00:00:00,10757,0,0.0,0.0,2.07,0,0.0,22.31,0.0,Nacoes Shopping,NS
IPHONE,2025-08-05 00:00:00,6836,0,0.0,0.0,2.0,0,0.0,13.65,0.0,Nacoes Shopping,NS
IPAD,2025-08-05 00:00:00,12,0,0.0,0.0,1.67,0,0.0,0.02,0.0,Nacoes Shopping,NS
ANDROID,2025-08-06 00:00:00,10913,0,0.0,0.0,2.22,0,0.0,24.19,0.0,Nacoes Shopping,NS
IPHONE,2025-08-06 00:00:00,5873,0,0.0,0.0,2.22,0,0.0,13.06,0.0,Nacoes Shopping,NS
IPAD,2025-08-06 00:00:00,18,0,0.0,0.0,0.56,0,0.0,0.01,0.0,Nacoes Shopping,NS
ANDROID,2025-08-07 00:00:00,11366,0,0.0,0.0,2.05,0,0.0,23.29,0.0,Nacoes Shopping,NS
IPHONE,2025-08-07 00:00:00,6818,0,0.0,0.0,2.07,0,0.0,14.13,0.0,Nacoes Shopping,NS
IPAD,2025-08-07 00:00:00,13,0,0.0,0.0,1.54,0,0.0,0.02,0.0,Nacoes Shopping,NS
WAP,2025-08-07 00:00:00,0,0,0.0,0.0,0.0,0,0.0,0.0,0.0,Nacoes Shopping,NS
ANDROID,2025-08-08 00:00:00,10904,0,0.0,0.0,2.22,0,0.0,24.19,0.0,Nacoes Shopping,NS
IPHONE,2025-08-08 00:00:00,6196,0,0.0,0.0,2.11,0,0.0,13.06,0.0,Nacoes Shopping,NS
IPAD,2025-08-08 00:00:00,9,0,0.0,0.0,2.22,0,0.0,0.02,0.0,Nacoes Shopping,NS
ANDROID,2025-08-09 00:00:00,10703,0,0.0,0.0,2.15,0,0.0,23.06,0.0,Nacoes Shopping,NS
IPHONE,2025-08-09 00:00:00,6671,0,0.0,0.0,2.17,0,0.0,14.47,0.0,Nacoes Shopping,NS
IPAD,2025-08-09 00:00:00,16,0,0.0,0.0,2.5,0,0.0,0.04,0.0,Nacoes Shopping,NS
ANDROID,2025-08-10 00:00:00,10870,0,0.0,0.0,2.06,0,0.0,22.43,0.0,Nacoes Shopping,NS
IPHONE,2025-08-10 00:00:00,7185,0,0.0,0.0,2.04,0,0.0,14.64,0.0,Nacoes Shopping,NS
IPAD,2025-08-10 00:00:00,17,0,0.0,0.0,1.18,0,0.0,0.02,0.0,Nacoes Shopping,NS
ANDROID,2025-08-11 00:00:00,10140,0,0.0,0.0,2.04,0,0.0,20.7,0.0,Nacoes Shopping,NS
IPHONE,2025-08-11 00:00:00,6777,0,0.0,0.0,2.04,0,0.0,13.84,0.0,Nacoes Shopping,NS
IPAD,2025-08-11 00:00:00,23,0,0.0,0.0,2.17,0,0.0,0.05,0.0,Nacoes Shopping,NS
ANDROID,2025-08-12 00:00:00,10305,0,0.0,0.0,2.08,0,0.0,21.44,0.0,Nacoes Shopping,NS
IPHONE,2025-08-12 00:00:00,6364,0,0.0,0.0,2.17,0,0.0,13.84,0.0,Nacoes Shopping,NS
IPAD,2025-08-12 00:00:00,17,0,0.0,0.0,2.35,0,0.0,0.04,0.0,Nacoes Shopping,NS
ANDROID,2025-08-13 00:00:00,10762,0,0.0,0.0,2.01,0,0.0,21.66,0.0,Nacoes Shopping,NS
IPHONE,2025-08-13 00:00:00,6163,0,0.0,0.0,2.2,0,0.0,13.57,0.0,Nacoes Shopping,NS
IPAD,2025-08-13 00:00:00,25,0,0.0,0.0,1.6,0,0.0,0.04,0.0,Nacoes Shopping,NS
ANDROID,2025-08-14 00:00:00,11030,0,0.0,0.0,1.92,0,0.0,21.18,0.0,Nacoes Shopping,NS
IPHONE,2025-08-14 00:00:00,7095,0,0.0,0.0,1.93,0,0.0,13.69,0.0,Nacoes Shopping,NS
IPAD,2025-08-14 00:00:00,9,0,0.0,0.0,2.22,0,0.0,0.02,0.0,Nacoes Shopping,NS
ANDROID,2025-08-15 00:00:00,10389,0,0.0,0.0,2.04,0,0.0,21.17,0.0,Nacoes Shopping,NS
IPHONE,2025-08-15 00:00:00,6389,0,0.0,0.0,2.13,0,0.0,13.58,0.0,Nacoes Shopping,NS
IPAD,2025-08-15 00:00:00,13,0,0.0,0.0,0.0,0,0.0,0.0,0.0,Nacoes Shopping,NS
UNKNOWN,2025-08-16 00:00:00,0,0,0.0,0.0,0.0,0,0.0,0.01,0.0,Nacoes Shopping,NS
ANDROID,2025-08-16 00:00:00,10362,0,0.0,0.0,2.11,0,0.0,21.86,0.0,Nacoes Shopping,NS
IPHONE,2025-08-16 00:00:00,6896,0,0.0,0.0,2.04,0,0.0,14.07,0.0,Nacoes Shopping,NS
IPAD,2025-08-16 00:00:00,21,0,0.0,0.0,1.43,0,0.0,0.03,0.0,Nacoes Shopping,NS
ANDROID,2025-08-17 00:00:00,9864,0,0.0,0.0,2.03,0,0.0,20.07,0.0,Nacoes Shopping,NS
IPHONE,2025-08-17 00:00:00,6680,0,0.0,0.0,1.99,0,0.0,13.26,0.0,Nacoes Shopping,NS
IPAD,2025-08-17 00:00:00,17,0,0.0,0.0,2.35,0,0.0,0.04,0.0,Nacoes Shopping,NS
ANDROID,2025-08-18 00:00:00,9044,0,0.0,0.0,2.23,0,0.0,20.2,0.0,Nacoes Shopping,NS
IPHONE,2025-08-18 00:00:00,5935,0,0.0,0.0,2.0,0,0.0,11.87,0.0,Nacoes Shopping,NS
IPAD,2025-08-18 00:00:00,16,0,0.0,0.0,1.25,0,0.0,0.02,0.0,Nacoes Shopping,NS
ANDROID,2025-08-19 00:00:00,9509,0,0.0,0.0,2.32,0,0.0,22.09,0.0,Nacoes Shopping,NS
IPHONE,2025-08-19 00:00:00,5001,0,0.0,0.0,2.15,0,0.0,10.77,0.0,Nacoes Shopping,NS
IPAD,2025-08-19 00:00:00,12,0,0.0,0.0,1.67,0,0.0,0.02,0.0,Nacoes Shopping,NS
ANDROID,2025-08-20 00:00:00,9131,0,0.0,0.0,2.34,0,0.0,21.33,0.0,Nacoes Shopping,NS
IPHONE,2025-08-20 00:00:00,4624,0,0.0,0.0,2.36,0,0.0,10.93,0.0,Nacoes Shopping,NS
IPAD,2025-08-20 00:00:00,17,0,0.0,0.0,2.94,0,0.0,0.05,0.0,Nacoes Shopping,NS
WAP,2025-08-20 00:00:00,0,0,0.0,0.0,0.0,0,0.0,0.0,0.0,Nacoes Shopping,NS
ANDROID,2025-08-21 00:00:00,8618,0,0.0,0.0,2.2,0,0.0,18.94,0.0,Nacoes Shopping,NS
IPHONE,2025-08-21 00:00:00,5230,0,0.0,0.0,2.19,0,0.0,11.44,0.0,Nacoes Shopping,NS
IPAD,2025-08-21 00:00:00,11,0,0.0,0.0,2.73,0,0.0,0.03,0.0,Nacoes Shopping,NS
ANDROID,2025-08-22 00:00:00,7866,0,0.0,0.0,2.38,0,0.0,18.69,0.0,Nacoes Shopping,NS
IPHONE,2025-08-22 00:00:00,4628,0,0.0,0.0,2.21,0,0.0,10.25,0.0,Nacoes Shopping,NS
IPAD,2025-08-22 00:00:00,11,0,0.0,0.0,1.82,0,0.0,0.02,0.0,Nacoes Shopping,NS
ANDROID,2025-08-23 00:00:00,7987,0,0.0,0.0,2.33,0,0.0,18.58,0.0,Nacoes Shopping,NS
IPHONE,2025-08-23 00:00:00,4966,0,0.0,0.0,2.16,0,0.0,10.75,0.0,Nacoes Shopping,NS
IPAD,2025-08-23 00:00:00,7,0,0.0,0.0,2.86,0,0.0,0.02,0.0,Nacoes Shopping,NS
ANDROID,2025-08-24 00:00:00,7862,0,0.0,0.0,2.13,0,0.0,16.76,0.0,Nacoes Shopping,NS
IPHONE,2025-08-24 00:00:00,5136,0,0.0,0.0,2.07,0,0.0,10.62,0.0,Nacoes Shopping,NS
IPAD,2025-08-24 00:00:00,14,0,0.0,0.0,0.71,0,0.0,0.01,0.0,Nacoes Shopping,NS
ANDROID,2025-08-25 00:00:00,5990,0,0.0,0.0,2.47,0,0.0,14.8,0.0,Nacoes Shopping,NS
IPHONE,2025-08-25 00:00:00,3833,0,0.0,0.0,2.08,0,0.0,7.96,0.0,Nacoes Shopping,NS
IPAD,2025-08-25 00:00:00,15,0,0.0,0.0,2.0,0,0.0,0.03,0.0,Nacoes Shopping,NS
ANDROID,2025-08-26 00:00:00,6215,0,0.0,0.0,2.38,0,0.0,14.8,0.0,Nacoes Shopping,NS
IPHONE,2025-08-26 00:00:00,3419,0,0.0,0.0,2.27,0,0.0,7.77,0.0,Nacoes Shopping,NS
IPAD,2025-08-26 00:00:00,6,0,0.0,0.0,3.33,0,0.0,0.02,0.0,Nacoes Shopping,NS
ANDROID,2025-08-27 00:00:00,7064,0,0.0,0.0,2.46,0,0.0,17.38,0.0,Nacoes Shopping,NS
IPHONE,2025-08-27 00:00:00,3465,0,0.0,0.0,2.36,0,0.0,8.18,0.0,Nacoes Shopping,NS
IPAD,2025-08-27 00:00:00,10,0,0.0,0.0,3.0,0,0.0,0.03,0.0,Nacoes Shopping,NS
ANDROID,2025-08-28 00:00:00,6991,0,0.0,0.0,2.29,0,0.0,15.99,0.0,Nacoes Shopping,NS
IPHONE,2025-08-28 00:00:00,4310,0,0.0,0.0,2.18,0,0.0,9.39,0.0,Nacoes Shopping,NS
IPAD,2025-08-28 00:00:00,17,0,0.0,0.0,2.35,0,0.0,0.04,0.0,Nacoes Shopping,NS
ANDROID,2025-08-29 00:00:00,12750,0,0.0,0.0,2.21,0,0.0,28.24,0.0,Nacoes Shopping,NS
IPHONE,2025-08-29 00:00:00,8049,0,0.0,0.0,2.21,0,0.0,17.81,0.0,Nacoes Shopping,NS
IPAD,2025-08-29 00:00:00,19,0,0.0,0.0,3.68,0,0.0,0.07,0.0,Nacoes Shopping,NS
ANDROID,2025-08-30 00:00:00,14317,0,0.0,0.0,2.22,0,0.0,31.72,0.0,Nacoes Shopping,NS
IPHONE,2025-08-30 00:00:00,9352,0,0.0,0.0,2.3,0,0.0,21.52,0.0,Nacoes Shopping,NS
IPAD,2025-08-30 00:00:00,22,0,0.0,0.0,0.0,0,0.0,0.0,0.0,Nacoes Shopping,NS
WAP,2025-08-30 00:00:00,0,0,0.0,0.0,0.0,0,0.0,0.0,0.0,Nacoes Shopping,NS
ANDROID,2025-08-31 00:00:00,12434,0,0.0,0.0,2.15,0,0.0,26.75,0.0,Nacoes Shopping,NS
IPHONE,2025-08-31 00:00:00,8305,0,0.0,0.0,2.27,0,0.0,18.82,0.0,Nacoes Shopping,NS
IPAD,2025-08-31 00:00:00,13,0,0.0,0.0,0.0,0,0.0,0.0,0.0,Nacoes Shopping,NS
ANDROID,2025-09-01 00:00:00,12217,0,0.0,0.0,1.9,0,0.0,23.25,0.0,Nacoes Shopping,NS
IPHONE,2025-09-01 00:00:00,8984,0,0.0,0.0,2.08,0,0.0,18.71,0.0,Nacoes Shopping,NS
IPAD,2025-09-01 00:00:00,26,0,0.0,0.0,2.69,0,0.0,0.07,0.0,Nacoes Shopping,NS
ANDROID,2025-09-02 00:00:00,12261,0,0.0,0.0,2.14,0,0.0,26.25,0.0,Nacoes Shopping,NS
IPHONE,2025-09-02 00:00:00,7705,0,0.0,0.0,2.03,0,0.0,15.66,0.0,Nacoes Shopping,NS
IPAD,2025-09-02 00:00:00,35,0,0.0,0.0,2.0,0,0.0,0.07,0.0,Nacoes Shopping,NS
ANDROID,2025-09-03 00:00:00,12375,0,0.0,0.0,2.29,0,0.0,28.3,0.0,Nacoes Shopping,NS
IPHONE,2025-09-03 00:00:00,6081,0,0.0,0.0,2.31,0,0.0,14.06,0.0,Nacoes Shopping,NS
IPAD,2025-09-03 00:00:00,19,0,0.0,0.0,0.53,0,0.0,0.01,0.0,Nacoes Shopping,NS
WAP,2025-09-03 00:00:00,0,0,0.0,0.0,0.0,0,0.0,0.0,0.0,Nacoes Shopping,NS
UNKNOWN,2025-09-04 00:00:00,0,0,0.0,0.0,0.0,0,0.0,0.02,0.0,Nacoes Shopping,NS
ANDROID,2025-09-04 00:00:00,11751,0,0.0,0.0,2.44,0,0.0,28.71,0.0,Nacoes Shopping,NS
IPHONE,2025-09-04 00:00:00,5651,0,0.0,0.0,2.54,0,0.0,14.37,0.0,Nacoes Shopping,NS
IPAD,2025-09-04 00:00:00,19,0,0.0,0.0,1.58,0,0.0,0.03,0.0,Nacoes Shopping,NS
WAP,2025-09-04 00:00:00,0,0,0.0,0.0,0.0,0,0.0,0.0,0.0,Nacoes Shopping,NS
ANDROID,2025-09-05 00:00:00,12998,0,0.0,0.0,2.22,0,0.0,28.92,0.0,Nacoes Shopping,NS
IPHONE,2025-09-05 00:00:00,7211,0,0.0,0.0,2.19,0,0.0,15.8,0.0,Nacoes Shopping,NS
IPAD,2025-09-05 00:00:00,23,0,0.0,0.0,3.04,0,0.0,0.07,0.0,Nacoes Shopping,NS
ANDROID,2025-09-06 00:00:00,11920,0,0.0,0.0,2.22,0,0.0,26.41,0.0,Nacoes Shopping,NS
IPHONE,2025-09-06 00:00:00,7379,0,0.0,0.0,2.1,0,0.0,15.49,0.0,Nacoes Shopping,NS
IPAD,2025-09-06 00:00:00,23,0,0.0,0.0,2.61,0,0.0,0.06,0.0,Nacoes Shopping,NS
ANDROID,2025-09-07 00:00:00,11770,0,0.0,0.0,2.32,0,0.0,27.27,0.0,Nacoes Shopping,NS
IPHONE,2025-09-07 00:00:00,7090,0,0.0,0.0,2.07,0,0.0,14.71,0.0,Nacoes Shopping,NS
IPAD,2025-09-07 00:00:00,21,0,0.0,0.0,0.95,0,0.0,0.02,0.0,Nacoes Shopping,NS
ANDROID,2025-09-08 00:00:00,10935,0,0.0,0.0,2.25,0,0.0,24.65,0.0,Nacoes Shopping,NS
IPHONE,2025-09-08 00:00:00,7240,0,0.0,0.0,2.24,0,0.0,16.19,0.0,Nacoes Shopping,NS
IPAD,2025-09-08 00:00:00,23,0,0.0,0.0,2.17,0,0.0,0.05,0.0,Nacoes Shopping,NS
ANDROID,2025-09-09 00:00:00,14240,0,0.0,0.0,2.3,0,0.0,32.72,0.0,Nacoes Shopping,NS
IPHONE,2025-09-09 00:00:00,10065,0,0.0,0.0,2.37,0,0.0,23.89,0.0,Nacoes Shopping,NS
IPAD,2025-09-09 00:00:00,22,0,0.0,0.0,3.18,0,0.0,0.07,0.0,Nacoes Shopping,NS
ANDROID,2025-09-10 00:00:00,17363,0,0.0,0.0,2.47,0,0.0,42.83,0.0,Nacoes Shopping,NS
IPHONE,2025-09-10 00:00:00,12852,0,0.0,0.0,2.63,0,0.0,33.79,0.0,Nacoes Shopping,NS
IPAD,2025-09-10 00:00:00,30,0,0.0,0.0,3.33,0,0.0,0.1,0.0,Nacoes Shopping,NS
ANDROID,2025-09-11 00:00:00,16640,0,0.0,0.0,2.59,0,0.0,43.12,0.0,Nacoes Shopping,NS
IPHONE,2025-09-11 00:00:00,12183,0,0.0,0.0,2.81,0,0.0,34.18,0.0,Nacoes Shopping,NS
IPAD,2025-09-11 00:00:00,40,0,0.0,0.0,3.5,0,0.0,0.14,0.0,Nacoes Shopping,NS
ANDROID,2025-09-12 00:00:00,15905,0,0.0,0.0,2.75,0,0.0,43.79,0.0,Nacoes Shopping,NS
IPHONE,2025-09-12 00:00:00,11415,0,0.0,0.0,2.83,0,0.0,32.32,0.0,Nacoes Shopping,NS
IPAD,2025-09-12 00:00:00,40,0,0.0,0.0,1.5,0,0.0,0.06,0.0,Nacoes Shopping,NS
ANDROID,2025-09-13 00:00:00,5979,0,0.0,0.0,2.95,0,0.0,17.66,0.0,Nacoes Shopping,NS
IPHONE,2025-09-13 00:00:00,4286,0,0.0,0.0,2.91,0,0.0,12.48,0.0,Nacoes Shopping,NS
IPAD,2025-09-13 00:00:00,10,0,0.0,0.0,3.0,0,0.0,0.03,0.0,Nacoes Shopping,NS
ANDROID,2025-09-14 00:00:00,0,0,0.0,0.0,0.0,0,0.0,0.0,0.0,Nacoes Shopping,NS
IPHONE,2025-09-14 00:00:00,0,0,0.0,0.0,0.0,0,0.0,0.0,0.0,Nacoes Shopping,NS
ANDROID,2025-09-15 00:00:00,0,0,0.0,0.0,0.0,0,0.0,0.0,0.0,Nacoes Shopping,NS
ANDROID,2025-09-16 00:00:00,0,0,0.0,0.0,0.0,0,0.0,0.0,0.0,Nacoes Shopping,NS
ANDROID,2025-09-17 00:00:00,0,0,0.0,0.0,0.0,0,0.0,0.0,0.0,Nacoes Shopping,NS
ANDROID,2025-09-18 00:00:00,0,0,0.0,0.0,0.0,0,0.0,0.0,0.0,Nacoes Shopping,NS
ANDROID,2025-09-26 00:00:00,5083,0,0.0,0.0,2.33,0,0.0,11.84,0.0,Nacoes Shopping,NS
IPHONE,2025-09-26 00:00:00,3709,0,0.0,0.0,2.23,0,0.0,8.28,0.0,Nacoes Shopping,NS
IPAD,2025-09-26 00:00:00,7,0,0.0,0.0,4.29,0,0.0,0.03,0.0,Nacoes Shopping,NS
ANDROID,2025-09-27 00:00:00,10159,0,0.0,0.0,2.41,0,0.0,24.48,0.0,Nacoes Shopping,NS
IPHONE,2025-09-27 00:00:00,7302,0,0.0,0.0,2.44,0,0.0,17.8,0.0,Nacoes Shopping,NS
IPAD,2025-09-27 00:00:00,6,0,0.0,0.0,1.67,0,0.0,0.01,0.0,Nacoes Shopping,NS
ANDROID,2025-09-28 00:00:00,10632,0,0.0,0.0,2.3,0,0.0,24.44,0.0,Nacoes Shopping,NS
IPHONE,2025-09-28 00:00:00,7633,0,0.0,0.0,2.4,0,0.0,18.31,0.0,Nacoes Shopping,NS
IPAD,2025-09-28 00:00:00,16,0,0.0,0.0,1.88,0,0.0,0.03,0.0,Nacoes Shopping,NS
ANDROID,2025-09-29 00:00:00,10179,0,0.0,0.0,2.51,0,0.0,25.51,0.0,Nacoes Shopping,NS
IPHONE,2025-09-29 00:00:00,6903,0,0.0,0.0,2.46,0,0.0,16.99,0.0,Nacoes Shopping,NS
IPAD,2025-09-29 00:00:00,20,0,0.0,0.0,2.0,0,0.0,0.04,0.0,Nacoes Shopping,NS
UNKNOWN,2025-09-30 00:00:00,0,0,0.0,0.0,0.0,0,0.0,0.01,0.0,Nacoes Shopping,NS
ANDROID,2025-09-30 00:00:00,10364,0,0.0,0.0,2.51,0,0.0,25.98,0.0,Nacoes Shopping,NS
IPHONE,2025-09-30 00:00:00,6204,0,0.0,0.0,2.5,0,0.0,15.54,0.0,Nacoes Shopping,NS
IPAD,2025-09-30 00:00:00,16,0,0.0,0.0,1.88,0,0.0,0.03,0.0,Nacoes Shopping,NS
UNKNOWN,2025-10-01 00:00:00,0,0,0.0,0.0,0.0,0,0.0,0.01,0.0,Nacoes Shopping,NS
ANDROID,2025-10-01 00:00:00,10365,0,0.0,0.0,2.02,0,0.0,20.9,0.0,Nacoes Shopping,NS
IPHONE,2025-10-01 00:00:00,8731,0,0.0,0.0,2.2,0,0.0,19.24,0.0,Nacoes Shopping,NS
IPAD,2025-10-01 00:00:00,25,0,0.0,0.0,1.6,0,0.0,0.04,0.0,Nacoes Shopping,NS
UNKNOWN,2025-10-02 00:00:00,0,0,0.0,0.0,0.0,0,0.0,0.01,0.0,Nacoes Shopping,NS
ANDROID,2025-10-02 00:00:00,10956,0,0.0,0.0,2.12,0,0.0,23.18,0.0,Nacoes Shopping,NS
IPHONE,2025-10-02 00:00:00,7715,0,0.0,0.0,2.27,0,0.0,17.53,0.0,Nacoes Shopping,NS
IPAD,2025-10-02 00:00:00,15,0,0.0,0.0,2.0,0,0.0,0.03,0.0,Nacoes Shopping,NS
ANDROID,2025-10-03 00:00:00,11305,0,0.0,0.0,2.13,0,0.0,24.13,0.0,Nacoes Shopping,NS
IPHONE,2025-10-03 00:00:00,8029,0,0.0,0.0,2.08,0,0.0,16.69,0.0,Nacoes Shopping,NS
IPAD,2025-10-03 00:00:00,6,0,0.0,0.0,1.67,0,0.0,0.01,0.0,Nacoes Shopping,NS
ANDROID,2025-10-04 00:00:00,10799,0,0.0,0.0,2.05,0,0.0,22.1,0.0,Nacoes Shopping,NS
IPHONE,2025-10-04 00:00:00,8537,0,0.0,0.0,1.92,0,0.0,16.37,0.0,Nacoes Shopping,NS
IPAD,2025-10-04 00:00:00,6,0,0.0,0.0,0.0,0,0.0,0.0,0.0,Nacoes Shopping,NS
ANDROID,2025-10-05 00:00:00,10803,0,0.0,0.0,1.96,0,0.0,21.17,0.0,Nacoes Shopping,NS
IPHONE,2025-10-05 00:00:00,8421,0,0.0,0.0,1.94,0,0.0,16.33,0.0,Nacoes Shopping,NS
IPAD,2025-10-05 00:00:00,13,0,0.0,0.0,0.77,0,0.0,0.01,0.0,Nacoes Shopping,NS
ANDROID,2025-10-06 00:00:00,10535,0,0.0,0.0,2.1,0,0.0,22.15,0.0,Nacoes Shopping,NS
IPHONE,2025-10-06 00:00:00,7379,0,0.0,0.0,2.06,0,0.0,15.22,0.0,Nacoes Shopping,NS
IPAD,2025-10-06 00:00:00,12,0,0.0,0.0,1.67,0,0.0,0.02,0.0,Nacoes Shopping,NS
UNKNOWN,2025-10-07 00:00:00,0,0,0.0,0.0,0.0,0,0.0,0.02,0.0,Nacoes Shopping,NS
ANDROID,2025-10-07 00:00:00,10341,0,0.0,0.0,2.27,0,0.0,23.44,0.0,Nacoes Shopping,NS
IPHONE,2025-10-07 00:00:00,6712,0,0.0,0.0,2.16,0,0.0,14.52,0.0,Nacoes Shopping,NS
IPAD,2025-10-07 00:00:00,15,0,0.0,0.0,2.0,0,0.0,0.03,0.0,Nacoes Shopping,NS
ANDROID,2025-10-08 00:00:00,9723,0,0.0,0.0,2.31,0,0.0,22.46,0.0,Nacoes Shopping,NS
IPHONE,2025-10-08 00:00:00,6263,0,0.0,0.0,2.36,0,0.0,14.81,0.0,Nacoes Shopping,NS
IPAD,2025-10-08 00:00:00,9,0,0.0,0.0,2.22,0,0.0,0.02,0.0,Nacoes Shopping,NS
UNKNOWN,2025-10-09 00:00:00,0,0,0.0,0.0,0.0,0,0.0,0.01,0.0,Nacoes Shopping,NS
ANDROID,2025-10-09 00:00:00,9328,0,0.0,0.0,2.27,0,0.0,21.18,0.0,Nacoes Shopping,NS
IPHONE,2025-10-09 00:00:00,6626,0,0.0,0.0,2.34,0,0.0,15.53,0.0,Nacoes Shopping,NS
IPAD,2025-10-09 00:00:00,12,0,0.0,0.0,3.33,0,0.0,0.04,0.0,Nacoes Shopping,NS
ANDROID,2025-10-10 00:00:00,10019,0,0.0,0.0,2.13,0,0.0,21.31,0.0,Nacoes Shopping,NS
IPHONE,2025-10-10 00:00:00,7531,0,0.0,0.0,2.16,0,0.0,16.23,0.0,Nacoes Shopping,NS
IPAD,2025-10-10 00:00:00,16,0,0.0,0.0,2.5,0,0.0,0.04,0.0,Nacoes Shopping,NS
ANDROID,2025-10-11 00:00:00,9437,0,0.0,0.0,2.07,0,0.0,19.5,0.0,Nacoes Shopping,NS
IPHONE,2025-10-11 00:00:00,7650,0,0.0,0.0,1.98,0,0.0,15.15,0.0,Nacoes Shopping,NS
IPAD,2025-10-11 00:00:00,14,0,0.0,0.0,5.0,0,0.0,0.07,0.0,Nacoes Shopping,NS
ANDROID,2025-10-12 00:00:00,9399,0,0.0,0.0,2.0,0,0.0,18.81,0.0,Nacoes Shopping,NS
IPHONE,2025-10-12 00:00:00,8222,0,0.0,0.0,1.95,0,0.0,16.02,0.0,Nacoes Shopping,NS
IPAD,2025-10-12 00:00:00,15,0,0.0,0.0,2.0,0,0.0,0.03,0.0,Nacoes Shopping,NS
ANDROID,2025-10-13 00:00:00,8936,0,0.0,0.0,2.13,0,0.0,19.07,0.0,Nacoes Shopping,NS
IPHONE,2025-10-13 00:00:00,7227,0,0.0,0.0,2.06,0,0.0,14.91,0.0,Nacoes Shopping,NS
IPAD,2025-10-13 00:00:00,11,0,0.0,0.0,0.0,0,0.0,0.0,0.0,Nacoes Shopping,NS
ANDROID,2025-10-14 00:00:00,8874,0,0.0,0.0,2.2,0,0.0,19.55,0.0,Nacoes Shopping,NS
IPHONE,2025-10-14 00:00:00,6349,0,0.0,0.0,2.26,0,0.0,14.37,0.0,Nacoes Shopping,NS
IPAD,2025-10-14 00:00:00,13,0,0.0,0.0,1.54,0,0.0,0.02,0.0,Nacoes Shopping,NS
ANDROID,2025-10-15 00:00:00,8297,0,0.0,0.0,2.4,0,0.0,19.88,0.0,Nacoes Shopping,NS
IPHONE,2025-10-15 00:00:00,5594,0,0.0,0.0,2.29,0,0.0,12.8,0.0,Nacoes Shopping,NS
IPAD,2025-10-15 00:00:00,31,0,0.0,0.0,0.65,0,0.0,0.02,0.0,Nacoes Shopping,NS
UNKNOWN,2025-10-16 00:00:00,0,0,0.0,0.0,0.0,0,0.0,0.02,0.0,Nacoes Shopping,NS
ANDROID,2025-10-16 00:00:00,8187,0,0.0,0.0,2.4,0,0.0,19.67,0.0,Nacoes Shopping,NS
IPHONE,2025-10-16 00:00:00,5699,0,0.0,0.0,2.35,0,0.0,13.4,0.0,Nacoes Shopping,NS
IPAD,2025-10-16 00:00:00,29,0,0.0,0.0,1.72,0,0.0,0.05,0.0,Nacoes Shopping,NS
ANDROID,2025-10-17 00:00:00,8277,0,0.0,0.0,2.33,0,0.0,19.28,0.0,Nacoes Shopping,NS
IPHONE,2025-10-17 00:00:00,6355,0,0.0,0.0,2.25,0,0.0,14.29,0.0,Nacoes Shopping,NS
IPAD,2025-10-17 00:00:00,12,0,0.0,0.0,1.67,0,0.0,0.02,0.0,Nacoes Shopping,NS
ANDROID,2025-10-18 00:00:00,7911,0,0.0,0.0,2.12,0,0.0,16.81,0.0,Nacoes Shopping,NS
IPHONE,2025-10-18 00:00:00,6591,0,0.0,0.0,2.14,0,0.0,14.1,0.0,Nacoes Shopping,NS
IPAD,2025-10-18 00:00:00,14,0,0.0,0.0,2.14,0,0.0,0.03,0.0,Nacoes Shopping,NS
ANDROID,2025-10-19 00:00:00,7541,0,0.0,0.0,2.22,0,0.0,16.76,0.0,Nacoes Shopping,NS
IPHONE,2025-10-19 00:00:00,6245,0,0.0,0.0,2.02,0,0.0,12.59,0.0,Nacoes Shopping,NS
IPAD,2025-10-19 00:00:00,11,0,0.0,0.0,0.0,0,0.0,0.0,0.0,Nacoes Shopping,NS
ANDROID,2025-10-20 00:00:00,7283,0,0.0,0.0,2.28,0,0.0,16.64,0.0,Nacoes Shopping,NS
IPHONE,2025-10-20 00:00:00,5446,0,0.0,0.0,2.18,0,0.0,11.88,0.0,Nacoes Shopping,NS
IPAD,2025-10-20 00:00:00,8,0,0.0,0.0,2.5,0,0.0,0.02,0.0,Nacoes Shopping,NS
UNKNOWN,2025-10-21 00:00:00,0,0,0.0,0.0,0.0,0,0.0,0.01,0.0,Nacoes Shopping,NS
ANDROID,2025-10-21 00:00:00,6559,0,0.0,0.0,2.48,0,0.0,16.27,0.0,Nacoes Shopping,NS
IPHONE,2025-10-21 00:00:00,4470,0,0.0,0.0,2.43,0,0.0,10.87,0.0,Nacoes Shopping,NS
IPAD,2025-10-21 00:00:00,10,0,0.0,0.0,3.0,0,0.0,0.03,0.0,Nacoes Shopping,NS
ANDROID,2025-10-22 00:00:00,6145,0,0.0,0.0,2.65,0,0.0,16.31,0.0,Nacoes Shopping,NS
IPHONE,2025-10-22 00:00:00,3564,0,0.0,0.0,2.5,0,0.0,8.9,0.0,Nacoes Shopping,NS
IPAD,2025-10-22 00:00:00,13,0,0.0,0.0,2.31,0,0.0,0.03,0.0,Nacoes Shopping,NS
UNKNOWN,2025-10-23 00:00:00,0,0,0.0,0.0,0.0,0,0.0,0.01,0.0,Nacoes Shopping,NS
ANDROID,2025-10-23 00:00:00,5648,0,0.0,0.0,2.61,0,0.0,14.72,0.0,Nacoes Shopping,NS
IPHONE,2025-10-23 00:00:00,3340,0,0.0,0.0,2.45,0,0.0,8.18,0.0,Nacoes Shopping,NS
IPAD,2025-10-23 00:00:00,7,0,0.0,0.0,5.71,0,0.0,0.04,0.0,Nacoes Shopping,NS
ANDROID,2025-10-24 00:00:00,3594,0,0.0,0.0,2.46,0,0.0,8.85,0.0,Nacoes Shopping,NS
IPHONE,2025-10-24 00:00:00,2310,0,0.0,0.0,2.19,0,0.0,5.06,0.0,Nacoes Shopping,NS
IPAD,2025-10-24 00:00:00,6,0,0.0,0.0,3.33,0,0.0,0.02,0.0,Nacoes Shopping,NS
ANDROID,2025-10-25 00:00:00,2144,0,0.0,0.0,2.37,0,0.0,5.08,0.0,Nacoes Shopping,NS
IPHONE,2025-10-25 00:00:00,1854,0,0.0,0.0,2.02,0,0.0,3.75,0.0,Nacoes Shopping,NS
IPAD,2025-10-25 00:00:00,7,0,0.0,0.0,1.43,0,0.0,0.01,0.0,Nacoes Shopping,NS
ANDROID,2025-10-26 00:00:00,466,0,0.0,0.0,2.0,0,0.0,0.93,0.0,Nacoes Shopping,NS
IPHONE,2025-10-26 00:00:00,358,0,0.0,0.0,1.93,0,0.0,0.69,0.0,Nacoes Shopping,NS
IPAD,2025-10-26 00:00:00,1,0,0.0,0.0,10.0,0,0.0,0.01,0.0,Nacoes Shopping,NS
ANDROID,2025-10-27 00:00:00,0,0,0.0,0.0,0.0,0,0.0,0.0,0.0,Nacoes Shopping,NS
ANDROID,2025-10-30 00:00:00,8827,0,0.0,0.03,3.18,3,9.36,28.08,0.0,Nacoes Shopping,NS
IPHONE,2025-10-30 00:00:00,4410,0,0.0,0.05,2.46,2,5.42,10.83,0.0,Nacoes Shopping,NS
IPAD,2025-10-30 00:00:00,18,0,0.0,0.0,3.89,0,0.0,0.07,0.0,Nacoes Shopping,NS
ANDROID,2025-10-31 00:00:00,15930,0,0.0,0.03,3.2,4,12.73,50.92,0.0,Nacoes Shopping,NS
IPHONE,2025-10-31 00:00:00,9641,0,0.0,0.04,2.75,4,6.63,26.53,0.0,Nacoes Shopping,NS
IPAD,2025-10-31 00:00:00,47,0,0.0,2.13,4.04,1,0.19,0.19,0.0,Nacoes Shopping,NS
ANDROID,2025-11-01 00:00:00,17392,0,0.0,0.06,2.68,11,4.23,46.56,0.0,Nacoes Shopping,NS
IPHONE,2025-11-01 00:00:00,11535,0,0.0,0.03,2.39,4,6.88,27.52,0.0,Nacoes Shopping,NS
IPAD,2025-11-01 00:00:00,56,0,0.0,0.0,3.57,0,0.0,0.2,0.0,Nacoes Shopping,NS
ANDROID,2025-11-02 00:00:00,16465,0,0.0,0.08,2.7,13,3.42,44.43,0.0,Nacoes Shopping,NS
IPHONE,2025-11-02 00:00:00,11251,0,0.0,0.07,2.16,8,3.03,24.26,0.0,Nacoes Shopping,NS
IPAD,2025-11-02 00:00:00,45,0,0.0,0.0,2.67,0,0.0,0.12,0.0,Nacoes Shopping,NS
ANDROID,2025-11-03 00:00:00,16125,0,0.0,0.02,2.83,3,15.22,45.65,0.0,Nacoes Shopping,NS
IPHONE,2025-11-03 00:00:00,9604,0,0.0,0.04,2.26,4,5.44,21.75,0.0,Nacoes Shopping,NS
IPAD,2025-11-03 00:00:00,42,0,0.0,0.0,3.1,0,0.0,0.13,0.0,Nacoes Shopping,NS
UNKNOWN,2025-11-04 00:00:00,0,0,0.0,0.0,0.0,0,0.0,0.01,0.0,Nacoes Shopping,NS
ANDROID,2025-11-04 00:00:00,16799,0,0.0,0.03,2.75,5,9.23,46.15,0.0,Nacoes Shopping,NS
IPHONE,2025-11-04 00:00:00,9991,0,0.0,0.05,2.29,5,4.58,22.88,0.0,Nacoes Shopping,NS
IPAD,2025-11-04 00:00:00,67,0,0.0,0.0,4.03,0,0.0,0.27,0.0,Nacoes Shopping,NS
ANDROID,2025-11-05 00:00:00,15633,0,0.0,0.05,2.79,8,5.45,43.63,0.0,Nacoes Shopping,NS
IPHONE,2025-11-05 00:00:00,9570,0,0.0,0.07,2.52,7,3.45,24.13,0.0,Nacoes Shopping,NS
IPAD,2025-11-05 00:00:00,32,0,0.0,3.13,2.19,1,0.07,0.07,0.0,Nacoes Shopping,NS
UNKNOWN,2025-11-06 00:00:00,0,0,0.0,0.0,0.0,0,0.0,0.01,0.0,Nacoes Shopping,NS
ANDROID,2025-11-06 00:00:00,13998,0,0.0,0.03,3.04,4,10.65,42.59,0.0,Nacoes Shopping,NS
IPHONE,2025-11-06 00:00:00,8868,0,0.0,0.08,2.54,7,3.21,22.49,0.0,Nacoes Shopping,NS
IPAD,2025-11-06 00:00:00,49,0,0.0,0.0,3.06,0,0.0,0.15,0.0,Nacoes Shopping,NS
ANDROID,2025-11-07 00:00:00,12597,0,0.0,0.03,3.08,4,9.7,38.81,0.0,Nacoes Shopping,NS
IPHONE,2025-11-07 00:00:00,7840,0,0.0,0.05,2.68,4,5.25,21.0,0.0,Nacoes Shopping,NS
IPAD,2025-11-07 00:00:00,40,0,0.0,0.0,2.25,0,0.0,0.09,0.0,Nacoes Shopping,NS
ANDROID,2025-11-08 00:00:00,10349,0,0.0,0.1,2.73,10,2.82,28.21,0.0,Nacoes Shopping,NS
IPHONE,2025-11-08 00:00:00,7510,0,0.0,0.07,2.38,5,3.58,17.88,0.0,Nacoes Shopping,NS
IPAD,2025-11-08 00:00:00,26,0,0.0,0.0,2.69,0,0.0,0.07,0.0,Nacoes Shopping,NS
ANDROID,2025-11-09 00:00:00,8662,0,0.0,0.0,2.83,0,0.0,24.52,0.0,Nacoes Shopping,NS
IPHONE,2025-11-09 00:00:00,6384,0,0.0,0.08,2.45,5,3.12,15.62,0.0,Nacoes Shopping,NS
IPAD,2025-11-09 00:00:00,25,0,0.0,0.0,2.0,0,0.0,0.05,0.0,Nacoes Shopping,NS
ANDROID,2025-11-10 00:00:00,8552,0,0.0,0.06,3.06,5,5.23,26.16,0.0,Nacoes Shopping,NS
IPHONE,2025-11-10 00:00:00,6116,0,0.0,0.07,2.49,4,3.81,15.23,0.0,Nacoes Shopping,NS
IPAD,2025-11-10 00:00:00,12,0,0.0,0.0,7.5,0,0.0,0.09,0.0,Nacoes Shopping,NS
UNKNOWN,2025-11-11 00:00:00,0,0,0.0,0.0,0.0,0,0.0,0.0,0.0,Nacoes Shopping,NS
ANDROID,2025-11-11 00:00:00,15458,0,0.0,5.62,4.6,868,0.08,71.17,0.0,Nacoes Shopping,NS
IPHONE,2025-11-11 00:00:00,4386,0,0.0,0.16,3.36,7,2.11,14.74,0.0,Nacoes Shopping,NS
IPAD,2025-11-11 00:00:00,18,0,0.0,0.0,15.0,0,0.0,0.27,0.0,Nacoes Shopping,NS
UNKNOWN,2025-11-12 00:00:00,0,0,0.0,0.0,0.0,0,0.0,0.0,0.0,Nacoes Shopping,NS
ANDROID,2025-11-12 00:00:00,14540,0,0.0,6.37,4.53,926,0.07,65.84,0.0,Nacoes Shopping,NS
IPHONE,2025-11-12 00:00:00,4250,0,0.0,0.26,3.39,11,1.31,14.42,0.0,Nacoes Shopping,NS
IPAD,2025-11-12 00:00:00,11,0,0.0,0.0,4.55,0,0.0,0.05,0.0,Nacoes Shopping,NS
UNKNOWN,2025-11-13 00:00:00,0,0,0.0,0.0,0.0,0,0.0,0.0,0.0,Nacoes Shopping,NS
ANDROID,2025-11-13 00:00:00,14482,0,0.0,8.41,5.12,1218,0.06,74.2,0.0,Nacoes Shopping,NS
IPHONE,2025-11-13 00:00:00,3846,0,0.0,0.23,3.52,9,1.5,13.52,0.0,Nacoes Shopping,NS
IPAD,2025-11-13 00:00:00,16,0,0.0,0.0,3.13,0,0.0,0.05,0.0,Nacoes Shopping,NS
UNKNOWN,2025-11-14 00:00:00,0,0,0.0,0.0,0.0,0,0.0,0.01,0.0,Nacoes Shopping,NS
ANDROID,2025-11-14 00:00:00,13351,0,0.0,9.96,5.84,1330,0.06,77.91,0.0,Nacoes Shopping,NS
IPHONE,2025-11-14 00:00:00,3599,0,0.0,0.11,3.46,4,3.11,12.44,0.0,Nacoes Shopping,NS
IPAD,2025-11-14 00:00:00,7,0,0.0,0.0,4.29,0,0.0,0.03,0.0,Nacoes Shopping,NS
UNKNOWN,2025-11-15 00:00:00,1,0,0.0,0.0,0.0,0,0.0,0.0,0.0,Nacoes Shopping,NS
ANDROID,2025-11-15 00:00:00,12675,0,0.0,5.85,4.74,742,0.08,60.02,0.0,Nacoes Shopping,NS
IPHONE,2025-11-15 00:00:00,4220,0,0.0,0.33,4.03,14,1.22,17.01,0.0,Nacoes Shopping,NS
IPAD,2025-11-15 00:00:00,25,0,0.0,0.0,1.6,0,0.0,0.04,0.0,Nacoes Shopping,NS
UNKNOWN,2025-11-16 00:00:00,0,0,0.0,0.0,0.0,0,0.0,0.0,0.0,Nacoes Shopping,NS
ANDROID,2025-11-16 00:00:00,12990,0,0.0,8.08,5.03,1050,0.06,65.3,0.0,Nacoes Shopping,NS
IPHONE,2025-11-16 00:00:00,3839,0,0.0,0.21,4.03,8,1.93,15.47,0.0,Nacoes Shopping,NS
IPAD,2025-11-16 00:00:00,16,0,0.0,0.0,1.25,0,0.0,0.02,0.0,Nacoes Shopping,NS
UNKNOWN,2025-11-17 00:00:00,0,0,0.0,0.0,0.0,0,0.0,0.01,0.0,Nacoes Shopping,NS
ANDROID,2025-11-17 00:00:00,12412,0,0.0,8.31,5.18,1032,0.06,64.25,0.0,Nacoes Shopping,NS
IPHONE,2025-11-17 00:00:00,3651,0,0.0,0.14,3.55,5,2.59,12.96,0.0,Nacoes Shopping,NS
IPAD,2025-11-17 00:00:00,8,0,0.0,0.0,1.25,0,0.0,0.01,0.0,Nacoes Shopping,NS
UNKNOWN,2025-11-18 00:00:00,1,0,0.0,0.0,0.0,0,0.0,0.0,0.0,Nacoes Shopping,NS
ANDROID,2025-11-18 00:00:00,10623,0,0.0,5.74,5.66,610,0.1,60.16,0.0,Nacoes Shopping,NS
IPHONE,2025-11-18 00:00:00,4462,0,0.0,0.31,3.08,14,0.98,13.76,0.0,Nacoes Shopping,NS
IPAD,2025-11-18 00:00:00,14,0,0.0,0.0,0.71,0,0.0,0.01,0.0,Nacoes Shopping,NS
UNKNOWN,2025-11-19 00:00:00,0,0,0.0,0.0,0.0,0,0.0,0.0,0.0,Nacoes Shopping,NS
ANDROID,2025-11-19 00:00:00,10735,0,0.0,8.14,5.74,874,0.07,61.67,0.0,Nacoes Shopping,NS
IPHONE,2025-11-19 00:00:00,3755,0,0.0,0.32,4.15,12,1.3,15.57,0.0,Nacoes Shopping,NS
IPAD,2025-11-19 00:00:00,9,0,0.0,0.0,1.11,0,0.0,0.01,0.0,Nacoes Shopping,NS
UNKNOWN,2025-11-20 00:00:00,0,0,0.0,0.0,0.0,0,0.0,0.0,0.0,Nacoes Shopping,NS
ANDROID,2025-11-20 00:00:00,11434,0,0.0,7.47,5.06,854,0.07,57.89,0.0,Nacoes Shopping,NS
IPHONE,2025-11-20 00:00:00,3875,0,0.0,0.41,4.27,16,1.04,16.56,0.0,Nacoes Shopping,NS
IPAD,2025-11-20 00:00:00,12,0,0.0,0.0,3.33,0,0.0,0.04,0.0,Nacoes Shopping,NS
UNKNOWN,2025-11-21 00:00:00,0,0,0.0,0.0,0.0,0,0.0,0.0,0.0,Nacoes Shopping,NS
ANDROID,2025-11-21 00:00:00,11723,0,0.0,7.0,4.6,821,0.07,53.88,0.0,Nacoes Shopping,NS
IPHONE,2025-11-21 00:00:00,3271,0,0.0,0.24,3.63,8,1.48,11.87,0.0,Nacoes Shopping,NS
IPAD,2025-11-21 00:00:00,12,0,0.0,0.0,1.67,0,0.0,0.02,0.0,Nacoes Shopping,NS
UNKNOWN,2025-11-22 00:00:00,0,0,0.0,0.0,0.0,0,0.0,0.01,0.0,Nacoes Shopping,NS
ANDROID,2025-11-22 00:00:00,11548,0,0.0,7.25,4.57,837,0.06,52.76,0.0,Nacoes Shopping,NS
IPHONE,2025-11-22 00:00:00,3159,0,0.0,0.19,3.67,6,1.93,11.58,0.0,Nacoes Shopping,NS
IPAD,2025-11-22 00:00:00,11,0,0.0,0.0,4.55,0,0.0,0.05,0.0,Nacoes Shopping,NS
UNKNOWN,2025-11-23 00:00:00,0,0,0.0,0.0,0.0,0,0.0,0.0,0.0,Nacoes Shopping,NS
ANDROID,2025-11-23 00:00:00,12995,0,0.0,6.87,4.17,893,0.06,54.16,0.0,Nacoes Shopping,NS
IPHONE,2025-11-23 00:00:00,3389,0,0.0,0.21,3.36,7,1.63,11.4,0.0,Nacoes Shopping,NS
IPAD,2025-11-23 00:00:00,5,0,0.0,0.0,4.0,0,0.0,0.02,0.0,Nacoes Shopping,NS
UNKNOWN,2025-11-24 00:00:00,0,0,0.0,0.0,0.0,0,0.0,0.0,0.0,Nacoes Shopping,NS
ANDROID,2025-11-24 00:00:00,10007,0,0.0,8.38,5.17,839,0.06,51.76,0.0,Nacoes Shopping,NS
IPHONE,2025-11-24 00:00:00,2940,0,0.0,0.37,3.59,11,0.96,10.54,0.0,Nacoes Shopping,NS
IPAD,2025-11-24 00:00:00,7,0,0.0,0.0,2.86,0,0.0,0.02,0.0,Nacoes Shopping,NS
UNKNOWN,2025-11-25 00:00:00,0,0,0.0,0.0,0.0,0,0.0,0.0,0.0,Nacoes Shopping,NS
ANDROID,2025-11-25 00:00:00,20044,0,0.0,3.9,3.93,781,0.1,78.77,0.0,Nacoes Shopping,NS
IPHONE,2025-11-25 00:00:00,9216,0,0.0,0.1,2.85,9,2.91,26.22,0.0,Nacoes Shopping,NS
IPAD,2025-11-25 00:00:00,15,0,0.0,0.0,0.67,0,0.0,0.01,0.0,Nacoes Shopping,NS
UNKNOWN,2025-11-26 00:00:00,0,0,0.0,0.0,0.0,0,0.0,0.0,0.0,Nacoes Shopping,NS
ANDROID,2025-11-26 00:00:00,24612,0,0.0,3.29,3.6,809,0.11,88.59,0.0,Nacoes Shopping,NS
IPHONE,2025-11-26 00:00:00,11120,0,0.0,0.02,2.87,2,15.96,31.92,0.0,Nacoes Shopping,NS
IPAD,2025-11-26 00:00:00,19,0,0.0,0.0,3.68,0,0.0,0.07,0.0,Nacoes Shopping,NS
UNKNOWN,2025-11-27 00:00:00,0,0,0.0,0.0,0.0,0,0.0,0.0,0.0,Nacoes Shopping,NS
ANDROID,2025-11-27 00:00:00,24095,0,0.0,2.86,3.97,690,0.14,95.56,0.0,Nacoes Shopping,NS
IPHONE,2025-11-27 00:00:00,10780,0,0.0,0.06,3.36,6,6.04,36.25,0.0,Nacoes Shopping,NS
IPAD,2025-11-27 00:00:00,26,0,0.0,0.0,3.46,0,0.0,0.09,0.0,Nacoes Shopping,NS
UNKNOWN,2025-11-28 00:00:00,0,0,0.0,0.0,0.0,0,0.0,0.0,0.0,Nacoes Shopping,NS
ANDROID,2025-11-28 00:00:00,21746,0,0.0,3.26,4.35,709,0.13,94.6,0.0,Nacoes Shopping,NS
IPHONE,2025-11-28 00:00:00,8654,0,0.0,0.08,3.6,7,4.45,31.13,0.0,Nacoes Shopping,NS
IPAD,2025-11-28 00:00:00,27,0,0.0,0.0,5.56,0,0.0,0.15,0.0,Nacoes Shopping,NS
UNKNOWN,2025-11-29 00:00:00,0,0,0.0,0.0,0.0,0,0.0,0.0,0.0,Nacoes Shopping,NS
ANDROID,2025-11-29 00:00:00,23360,0,0.0,3.75,4.06,877,0.11,94.86,0.0,Nacoes Shopping,NS
IPHONE,2025-11-29 00:00:00,9656,0,0.0,0.07,3.49,7,4.82,33.74,0.0,Nacoes Shopping,NS
IPAD,2025-11-29 00:00:00,13,0,0.0,0.0,2.31,0,0.0,0.03,0.0,Nacoes Shopping,NS
UNKNOWN,2025-11-30 00:00:00,0,0,0.0,0.0,0.0,0,0.0,0.0,0.0,Nacoes Shopping,NS
ANDROID,2025-11-30 00:00:00,14534,0,0.0,6.91,4.32,1005,0.06,62.74,0.0,Nacoes Shopping,NS
IPHONE,2025-11-30 00:00:00,4887,0,0.0,0.2,3.47,10,1.7,16.95,0.0,Nacoes Shopping,NS
IPAD,2025-11-30 00:00:00,1,0,0.0,0.0,0.0,0,0.0,0.0,0.0,Nacoes Shopping,NS
UNKNOWN,2025-12-01 00:00:00,0,0,0.0,0.0,0.0,0,0.0,0.02,0.0,Nacoes Shopping,NS
ANDROID,2025-12-01 00:00:00,15036,0,0.0,6.35,3.58,955,0.06,53.89,0.0,Nacoes Shopping,NS
IPHONE,2025-12-01 00:00:00,4567,0,0.0,0.28,3.32,13,1.17,15.18,0.0,Nacoes Shopping,NS
IPAD,2025-12-01 00:00:00,6,0,0.0,0.0,6.67,0,0.0,0.04,0.0,Nacoes Shopping,NS
UNKNOWN,2025-12-02 00:00:00,0,0,0.0,0.0,0.0,0,0.0,0.0,0.0,Nacoes Shopping,NS
ANDROID,2025-12-02 00:00:00,14759,0,0.0,6.91,3.93,1020,0.06,57.97,0.0,Nacoes Shopping,NS
IPHONE,2025-12-02 00:00:00,4938,0,0.0,0.38,2.99,19,0.78,14.74,0.0,Nacoes Shopping,NS
IPAD,2025-12-02 00:00:00,18,0,0.0,5.56,2.22,1,0.04,0.04,0.0,Nacoes Shopping,NS
UNKNOWN,2025-12-03 00:00:00,0,0,0.0,0.0,0.0,0,0.0,0.0,0.0,Nacoes Shopping,NS
ANDROID,2025-12-03 00:00:00,17095,0,0.0,5.86,3.36,1002,0.06,57.42,0.0,Nacoes Shopping,NS
IPHONE,2025-12-03 00:00:00,6710,0,0.0,0.33,2.81,22,0.86,18.83,0.0,Nacoes Shopping,NS
IPAD,2025-12-03 00:00:00,15,0,0.0,0.0,2.67,0,0.0,0.04,0.0,Nacoes Shopping,NS
UNKNOWN,2025-12-04 00:00:00,0,0,0.0,0.0,0.0,0,0.0,0.0,0.0,Nacoes Shopping,NS
ANDROID,2025-12-04 00:00:00,21044,0,0.0,4.81,3.3,1012,0.07,69.44,0.0,Nacoes Shopping,NS
IPHONE,2025-12-04 00:00:00,8132,0,0.0,0.31,2.66,25,0.87,21.67,0.0,Nacoes Shopping,NS
IPAD,2025-12-04 00:00:00,32,0,0.0,0.0,0.94,0,0.0,0.03,0.0,Nacoes Shopping,NS
UNKNOWN,2025-12-05 00:00:00,0,0,0.0,0.0,0.0,0,0.0,0.02,0.0,Nacoes Shopping,NS
ANDROID,2025-12-05 00:00:00,19657,0,0.0,4.51,3.48,886,0.08,68.31,0.0,Nacoes Shopping,NS
IPHONE,2025-12-05 00:00:00,8117,0,0.0,0.23,2.84,19,1.21,23.02,0.0,Nacoes Shopping,NS
IPAD,2025-12-05 00:00:00,34,0,0.0,0.0,2.65,0,0.0,0.09,0.0,Nacoes Shopping,NS
UNKNOWN,2025-12-06 00:00:00,0,0,0.0,0.0,0.0,0,0.0,0.02,0.0,Nacoes Shopping,NS
ANDROID,2025-12-06 00:00:00,17997,0,0.0,5.53,4.01,995,0.07,72.16,0.0,Nacoes Shopping,NS
IPHONE,2025-12-06 00:00:00,8015,0,0.0,0.29,3.13,23,1.09,25.05,0.0,Nacoes Shopping,NS
IPAD,2025-12-06 00:00:00,21,0,0.0,0.0,1.9,0,0.0,0.04,0.0,Nacoes Shopping,NS
UNKNOWN,2025-12-07 00:00:00,0,0,0.0,0.0,0.0,0,0.0,0.0,0.0,Nacoes Shopping,NS
ANDROID,2025-12-07 00:00:00,17918,0,0.0,4.54,3.74,814,0.08,67.1,0.0,Nacoes Shopping,NS
IPHONE,2025-12-07 00:00:00,8382,0,0.0,0.41,3.24,34,0.8,27.16,0.0,Nacoes Shopping,NS
IPAD,2025-12-07 00:00:00,15,0,0.0,0.0,4.67,0,0.0,0.07,0.0,Nacoes Shopping,NS
UNKNOWN,2025-12-08 00:00:00,0,0,0.0,0.0,0.0,0,0.0,0.0,0.0,Nacoes Shopping,NS
ANDROID,2025-12-08 00:00:00,20298,0,0.0,5.06,3.58,1028,0.07,72.72,0.0,Nacoes Shopping,NS
IPHONE,2025-12-08 00:00:00,9076,0,0.0,0.31,2.91,28,0.94,26.41,0.0,Nacoes Shopping,NS
IPAD,2025-12-08 00:00:00,15,0,0.0,6.67,20.67,1,0.31,0.31,0.0,Nacoes Shopping,NS
UNKNOWN,2025-12-09 00:00:00,0,0,0.0,0.0,0.0,0,0.0,0.0,0.0,Nacoes Shopping,NS
ANDROID,2025-12-09 00:00:00,21812,0,0.0,4.61,3.32,1006,0.07,72.42,0.0,Nacoes Shopping,NS
IPHONE,2025-12-09 00:00:00,8840,0,0.0,0.24,2.46,21,1.03,21.72,0.0,Nacoes Shopping,NS
IPAD,2025-12-09 00:00:00,20,0,0.0,0.0,2.0,0,0.0,0.04,0.0,Nacoes Shopping,NS
UNKNOWN,2025-12-10 00:00:00,0,0,0.0,0.0,0.0,0,0.0,0.0,0.0,Nacoes Shopping,NS
ANDROID,2025-12-10 00:00:00,20793,0,0.0,3.4,3.29,708,0.1,68.5,0.0,Nacoes Shopping,NS
IPHONE,2025-12-10 00:00:00,9791,0,0.0,0.37,2.55,36,0.69,24.93,0.0,Nacoes Shopping,NS
IPAD,2025-12-10 00:00:00,31,0,0.0,0.0,0.65,0,0.0,0.02,0.0,Nacoes Shopping,NS
UNKNOWN,2025-12-11 00:00:00,0,0,0.0,0.0,0.0,0,0.0,0.02,0.0,Nacoes Shopping,NS
ANDROID,2025-12-11 00:00:00,19882,0,0.0,3.74,3.62,744,0.1,71.97,0.0,Nacoes Shopping,NS
IPHONE,2025-12-11 00:00:00,8900,0,0.0,0.26,2.52,23,0.97,22.39,0.0,Nacoes Shopping,NS
IPAD,2025-12-11 00:00:00,33,0,0.0,0.0,3.33,0,0.0,0.11,0.0,Nacoes Shopping,NS
UNKNOWN,2025-12-12 00:00:00,0,0,0.0,0.0,0.0,0,0.0,0.01,0.0,Nacoes Shopping,NS
ANDROID,2025-12-12 00:00:00,20796,0,0.0,5.94,3.86,1236,0.06,80.21,0.0,Nacoes Shopping,NS
IPHONE,2025-12-12 00:00:00,8194,0,0.0,0.27,2.62,22,0.98,21.46,0.0,Nacoes Shopping,NS
IPAD,2025-12-12 00:00:00,24,0,0.0,0.0,2.08,0,0.0,0.05,0.0,Nacoes Shopping,NS
UNKNOWN,2025-12-13 00:00:00,0,0,0.0,0.0,0.0,0,0.0,0.0,0.0,Nacoes Shopping,NS
ANDROID,2025-12-13 00:00:00,21208,0,0.0,4.31,3.32,914,0.08,70.41,0.0,Nacoes Shopping,NS
IPHONE,2025-12-13 00:00:00,8755,0,0.0,0.26,2.52,23,0.96,22.1,0.0,Nacoes Shopping,NS
IPAD,2025-12-13 00:00:00,16,0,0.0,0.0,1.88,0,0.0,0.03,0.0,Nacoes Shopping,NS
UNKNOWN,2025-12-14 00:00:00,0,0,0.0,0.0,0.0,0,0.0,0.0,0.0,Nacoes Shopping,NS
ANDROID,2025-12-14 00:00:00,21271,0,0.0,5.27,3.35,1121,0.06,71.22,0.0,Nacoes Shopping,NS
IPHONE,2025-12-14 00:00:00,9294,0,0.0,0.22,2.29,20,1.06,21.24,0.0,Nacoes Shopping,NS
IPAD,2025-12-14 00:00:00,18,0,0.0,5.56,6.11,1,0.11,0.11,0.0,Nacoes Shopping,NS
UNKNOWN,2025-12-15 00:00:00,0,0,0.0,0.0,0.0,0,0.0,0.0,0.0,Nacoes Shopping,NS
ANDROID,2025-12-15 00:00:00,20799,0,0.0,4.51,3.22,937,0.07,66.92,0.0,Nacoes Shopping,NS
IPHONE,2025-12-15 00:00:00,9582,0,0.0,0.28,2.19,27,0.78,21.03,0.0,Nacoes Shopping,NS
IPAD,2025-12-15 00:00:00,40,0,0.0,0.0,2.75,0,0.0,0.11,0.0,Nacoes Shopping,NS
UNKNOWN,2025-12-16 00:00:00,0,0,0.0,0.0,0.0,0,0.0,0.01,0.0,Nacoes Shopping,NS
ANDROID,2025-12-16 00:00:00,19914,0,0.0,5.11,3.22,1018,0.06,64.1,0.0,Nacoes Shopping,NS
IPHONE,2025-12-16 00:00:00,8436,0,0.0,0.14,2.45,12,1.73,20.7,0.0,Nacoes Shopping,NS
IPAD,2025-12-16 00:00:00,28,0,0.0,0.0,4.64,0,0.0,0.13,0.0,Nacoes Shopping,NS
UNKNOWN,2025-12-17 00:00:00,0,0,0.0,0.0,0.0,0,0.0,0.01,0.0,Nacoes Shopping,NS
ANDROID,2025-12-17 00:00:00,21033,0,0.0,3.97,3.07,834,0.08,64.48,0.0,Nacoes Shopping,NS
IPHONE,2025-12-17 00:00:00,7094,0,0.0,0.07,2.68,5,3.8,18.98,0.0,Nacoes Shopping,NS
IPAD,2025-12-17 00:00:00,13,0,0.0,0.0,0.77,0,0.0,0.01,0.0,Nacoes Shopping,NS
UNKNOWN,2025-12-18 00:00:00,0,0,0.0,0.0,0.0,0,0.0,0.01,0.0,Nacoes Shopping,NS
ANDROID,2025-12-18 00:00:00,18256,0,0.0,4.53,3.38,827,0.07,61.66,0.0,Nacoes Shopping,NS
IPHONE,2025-12-18 00:00:00,6743,0,0.0,0.16,2.74,11,1.68,18.46,0.0,Nacoes Shopping,NS
IPAD,2025-12-18 00:00:00,11,0,0.0,0.0,0.91,0,0.0,0.01,0.0,Nacoes Shopping,NS
UNKNOWN,2025-12-19 00:00:00,0,0,0.0,0.0,0.0,0,0.0,0.03,0.0,Nacoes Shopping,NS
ANDROID,2025-12-19 00:00:00,19312,0,0.0,5.03,3.35,971,0.07,64.74,0.0,Nacoes Shopping,NS
IPHONE,2025-12-19 00:00:00,6407,0,0.0,0.39,2.84,25,0.73,18.22,0.0,Nacoes Shopping,NS
IPAD,2025-12-19 00:00:00,12,0,0.0,0.0,3.33,0,0.0,0.04,0.0,Nacoes Shopping,NS
UNKNOWN,2025-12-20 00:00:00,0,0,0.0,0.0,0.0,0,0.0,0.0,0.0,Nacoes Shopping,NS
ANDROID,2025-12-20 00:00:00,18652,0,0.0,4.57,3.5,853,0.08,65.29,0.0,Nacoes Shopping,NS
IPHONE,2025-12-20 00:00:00,6424,0,0.0,0.08,2.69,5,3.46,17.3,0.0,Nacoes Shopping,NS
IPAD,2025-12-20 00:00:00,28,0,0.0,0.0,1.79,0,0.0,0.05,0.0,Nacoes Shopping,NS
UNKNOWN,2025-12-21 00:00:00,0,0,0.0,0.0,0.0,0,0.0,0.01,0.0,Nacoes Shopping,NS
ANDROID,2025-12-21 00:00:00,20873,0,0.0,3.76,3.09,784,0.08,64.6,0.0,Nacoes Shopping,NS
IPHONE,2025-12-21 00:00:00,7098,0,0.0,0.21,2.52,15,1.19,17.89,0.0,Nacoes Shopping,NS
IPAD,2025-12-21 00:00:00,20,0,0.0,0.0,3.5,0,0.0,0.07,0.0,Nacoes Shopping,NS
UNKNOWN,2025-12-22 00:00:00,0,0,0.0,0.0,0.0,0,0.0,0.01,0.0,Nacoes Shopping,NS
ANDROID,2025-12-22 00:00:00,19609,0,0.0,4.97,3.28,974,0.07,64.36,0.0,Nacoes Shopping,NS
IPHONE,2025-12-22 00:00:00,7293,0,0.0,0.03,2.36,2,8.62,17.24,0.0,Nacoes Shopping,NS
IPAD,2025-12-22 00:00:00,24,0,0.0,0.0,5.42,0,0.0,0.13,0.0,Nacoes Shopping,NS
UNKNOWN,2025-12-23 00:00:00,0,0,0.0,0.0,0.0,0,0.0,0.01,0.0,Nacoes Shopping,NS
ANDROID,2025-12-23 00:00:00,18179,0,0.0,4.26,3.49,775,0.08,63.51,0.0,Nacoes Shopping,NS
IPHONE,2025-12-23 00:00:00,7675,0,0.0,0.05,2.39,4,4.58,18.32,0.0,Nacoes Shopping,NS
IPAD,2025-12-23 00:00:00,21,0,0.0,0.0,1.9,0,0.0,0.04,0.0,Nacoes Shopping,NS
UNKNOWN,2025-12-24 00:00:00,0,0,0.0,0.0,0.0,0,0.0,0.0,0.0,Nacoes Shopping,NS
ANDROID,2025-12-24 00:00:00,22961,0,0.0,3.76,2.71,863,0.07,62.18,0.0,Nacoes Shopping,NS
IPHONE,2025-12-24 00:00:00,7458,0,0.0,0.04,2.37,3,5.9,17.7,0.0,Nacoes Shopping,NS
IPAD,2025-12-24 00:00:00,21,0,0.0,0.0,3.33,0,0.0,0.07,0.0,Nacoes Shopping,NS
UNKNOWN,2025-12-25 00:00:00,0,0,0.0,0.0,0.0,0,0.0,0.03,0.0,Nacoes Shopping,NS
ANDROID,2025-12-25 00:00:00,22471,0,0.0,4.67,2.76,1050,0.06,61.91,0.0,Nacoes Shopping,NS
IPHONE,2025-12-25 00:00:00,8113,0,0.0,0.15,2.1,12,1.42,17.02,0.0,Nacoes Shopping,NS
IPAD,2025-12-25 00:00:00,16,0,0.0,0.0,1.88,0,0.0,0.03,0.0,Nacoes Shopping,NS
UNKNOWN,2025-12-26 00:00:00,0,0,0.0,0.0,0.0,0,0.0,0.0,0.0,Nacoes Shopping,NS
ANDROID,2025-12-26 00:00:00,22274,0,0.0,4.47,2.57,996,0.06,57.32,0.0,Nacoes Shopping,NS
IPHONE,2025-12-26 00:00:00,8447,0,0.0,0.14,2.07,12,1.46,17.49,0.0,Nacoes Shopping,NS
IPAD,2025-12-26 00:00:00,9,0,0.0,0.0,1.11,0,0.0,0.01,0.0,Nacoes Shopping,NS
UNKNOWN,2025-12-27 00:00:00,0,0,0.0,0.0,0.0,0,0.0,0.03,0.0,Nacoes Shopping,NS
ANDROID,2025-12-27 00:00:00,25447,0,0.0,5.55,2.66,1412,0.05,67.68,0.0,Nacoes Shopping,NS
IPHONE,2025-12-27 00:00:00,8100,0,0.0,0.23,2.19,19,0.93,17.73,0.0,Nacoes Shopping,NS
IPAD,2025-12-27 00:00:00,26,0,0.0,0.0,3.08,0,0.0,0.08,0.0,Nacoes Shopping,NS
UNKNOWN,2025-12-28 00:00:00,0,0,0.0,0.0,0.0,0,0.0,0.05,0.0,Nacoes Shopping,NS
ANDROID,2025-12-28 00:00:00,24775,0,0.0,6.14,2.74,1521,0.04,67.78,0.0,Nacoes Shopping,NS
IPHONE,2025-12-28 00:00:00,7300,0,0.0,0.08,2.08,6,2.53,15.19,0.0,Nacoes Shopping,NS
IPAD,2025-12-28 00:00:00,23,0,0.0,0.0,3.04,0,0.0,0.07,0.0,Nacoes Shopping,NS
UNKNOWN,2025-12-29 00:00:00,0,0,0.0,0.0,0.0,0,0.0,0.0,0.0,Nacoes Shopping,NS
ANDROID,2025-12-29 00:00:00,25298,0,0.0,6.22,2.49,1573,0.04,62.91,0.0,Nacoes Shopping,NS
IPHONE,2025-12-29 00:00:00,8247,0,0.0,0.07,1.99,6,2.73,16.39,0.0,Nacoes Shopping,NS
IPAD,2025-12-29 00:00:00,31,0,0.0,0.0,2.26,0,0.0,0.07,0.0,Nacoes Shopping,NS
UNKNOWN,2025-12-30 00:00:00,0,0,0.0,0.0,0.0,0,0.0,0.0,0.0,Nacoes Shopping,NS
ANDROID,2025-12-30 00:00:00,22534,0,0.0,7.24,2.63,1632,0.04,59.32,0.0,Nacoes Shopping,NS
IPHONE,2025-12-30 00:00:00,6871,0,0.0,0.03,2.08,2,7.15,14.29,0.0,Nacoes Shopping,NS
IPAD,2025-12-30 00:00:00,16,0,0.0,0.0,1.25,0,0.0,0.02,0.0,Nacoes Shopping,NS
UNKNOWN,2025-12-31 00:00:00,0,0,0.0,0.0,0.0,0,0.0,0.01,0.0,Nacoes Shopping,NS
ANDROID,2025-12-31 00:00:00,16153,0,0.0,6.75,2.43,1091,0.04,39.31,0.0,Nacoes Shopping,NS
IPHONE,2025-12-31 00:00:00,5491,0,0.0,0.05,1.98,3,3.63,10.88,0.0,Nacoes Shopping,NS
IPAD,2025-12-31 00:00:00,10,0,0.0,0.0,6.0,0,0.0,0.06,0.0,Nacoes Shopping,NS
ANDROID,2026-01-01 00:00:00,42,0,0.0,9.52,0.0,4,0.0,0.0,0.0,Nacoes Shopping,NS
IPHONE,2026-01-01 00:00:00,12,0,0.0,0.0,0.0,0,0.0,0.0,0.0,Nacoes Shopping,NS
UNKNOWN,2026-01-02 00:00:00,0,0,0.0,0.0,0.0,0,0.0,0.0,0.0,Nacoes Shopping,NS
ANDROID,2026-01-02 00:00:00,5,0,0.0,40.0,0.0,2,0.0,0.0,0.0,Nacoes Shopping,NS
UNKNOWN,2026-01-03 00:00:00,0,0,0.0,0.0,0.0,0,0.0,0.0,0.0,Nacoes Shopping,NS
ANDROID,2026-01-03 00:00:00,3,0,0.0,0.0,0.0,0,0.0,0.0,0.0,Nacoes Shopping,NS
ANDROID,2026-01-04 00:00:00,6,0,0.0,0.0,0.0,0,0.0,0.0,0.0,Nacoes Shopping,NS
UNKNOWN,2026-01-05 00:00:00,0,0,0.0,0.0,0.0,0,0.0,0.0,0.0,Nacoes Shopping,NS
ANDROID,2026-01-05 00:00:00,8,0,0.0,12.5,0.0,1,0.0,0.0,0.0,Nacoes Shopping,NS
ANDROID,2026-01-06 00:00:00,0,0,0.0,0.0,0.0,0,0.0,0.0,0.0,Nacoes Shopping,NS
UNKNOWN,2026-01-07 00:00:00,0,0,0.0,0.0,0.0,0,0.0,0.0,0.0,Nacoes Shopping,NS
ANDROID,2026-01-07 00:00:00,2,0,0.0,0.0,0.0,0,0.0,0.0,0.0,Nacoes Shopping,NS
ANDROID,2026-01-08 00:00:00,0,0,0.0,0.0,0.0,0,0.0,0.0,0.0,Nacoes Shopping,NS
ANDROID,2026-01-09 00:00:00,0,0,0.0,0.0,0.0,0,0.0,0.0,0.0,Nacoes Shopping,NS
ANDROID,2026-01-10 00:00:00,0,0,0.0,0.0,0.0,0,0.0,0.0,0.0,Nacoes Shopping,NS
ANDROID,2026-01-11 00:00:00,0,0,0.0,0.0,0.0,0,0.0,0.0,0.0,Nacoes Shopping,NS
ANDROID,2026-01-12 00:00:00,0,0,0.0,0.0,0.0,0,0.0,0.0,0.0,Nacoes Shopping,NS
ANDROID,2026-01-13 00:00:00,0,0,0.0,0.0,0.0,0,0.0,0.0,0.0,Nacoes Shopping,NS
ANDROID,2026-01-14 00:00:00,4674,0,0.0,0.0,1.32,0,0.0,6.17,0.0,Nacoes Shopping,NS
IPHONE,2026-01-14 00:00:00,4733,0,0.0,0.0,1.23,0,0.0,5.8,0.0,Nacoes Shopping,NS
IPAD,2026-01-14 00:00:00,6,0,0.0,0.0,1.67,0,0.0,0.01,0.0,Nacoes Shopping,NS
ANDROID,2026-01-15 00:00:00,11922,0,0.0,0.0,1.53,0,0.0,18.24,0.0,Nacoes Shopping,NS
IPHONE,2026-01-15 00:00:00,9556,0,0.0,0.0,1.72,0,0.0,16.4,0.0,Nacoes Shopping,NS
IPAD,2026-01-15 00:00:00,16,0,0.0,0.0,0.63,0,0.0,0.01,0.0,Nacoes Shopping,NS
ANDROID,2026-01-16 00:00:00,11472,0,0.0,0.0,1.74,0,0.0,19.97,0.0,Nacoes Shopping,NS
IPHONE,2026-01-16 00:00:00,8908,0,0.0,0.0,1.54,0,0.0,13.68,0.0,Nacoes Shopping,NS
IPAD,2026-01-16 00:00:00,7,0,0.0,0.0,1.43,0,0.0,0.01,0.0,Nacoes Shopping,NS
UNKNOWN,2026-01-17 00:00:00,0,0,0.0,0.0,0.0,0,0.0,0.01,0.0,Nacoes Shopping,NS
ANDROID,2026-01-17 00:00:00,11696,0,0.0,0.0,1.72,0,0.0,20.1,0.0,Nacoes Shopping,NS
IPHONE,2026-01-17 00:00:00,8843,0,0.0,0.0,1.54,0,0.0,13.64,0.0,Nacoes Shopping,NS
IPAD,2026-01-17 00:00:00,13,0,0.0,0.0,3.85,0,0.0,0.05,0.0,Nacoes Shopping,NS
ANDROID,2026-01-18 00:00:00,11042,0,0.0,0.0,1.66,0,0.0,18.32,0.0,Nacoes Shopping,NS
IPHONE,2026-01-18 00:00:00,9206,0,0.0,0.0,1.64,0,0.0,15.11,0.0,Nacoes Shopping,NS
IPAD,2026-01-18 00:00:00,17,0,0.0,0.0,1.76,0,0.0,0.03,0.0,Nacoes Shopping,NS
ANDROID,2026-01-19 00:00:00,8921,0,0.0,0.0,1.81,0,0.0,16.14,0.0,Nacoes Shopping,NS
IPHONE,2026-01-19 00:00:00,8355,0,0.0,0.0,1.83,0,0.0,15.28,0.0,Nacoes Shopping,NS
IPAD,2026-01-19 00:00:00,24,0,0.0,0.0,2.08,0,0.0,0.05,0.0,Nacoes Shopping,NS
ANDROID,2026-01-20 00:00:00,7775,0,0.0,0.0,2.0,0,0.0,15.56,0.0,Nacoes Shopping,NS
IPHONE,2026-01-20 00:00:00,7348,0,0.0,0.0,2.03,0,0.0,14.95,0.0,Nacoes Shopping,NS
IPAD,2026-01-20 00:00:00,17,0,0.0,0.0,4.71,0,0.0,0.08,0.0,Nacoes Shopping,NS
ANDROID,2026-01-21 00:00:00,9877,0,0.0,0.0,1.88,0,0.0,18.6,0.0,Nacoes Shopping,NS
IPHONE,2026-01-21 00:00:00,9151,0,0.0,0.0,1.65,0,0.0,15.12,0.0,Nacoes Shopping,NS
IPAD,2026-01-21 00:00:00,10,0,0.0,0.0,2.0,0,0.0,0.02,0.0,Nacoes Shopping,NS
ANDROID,2026-01-22 00:00:00,10560,0,0.0,0.0,1.64,0,0.0,17.28,0.0,Nacoes Shopping,NS
IPHONE,2026-01-22 00:00:00,9024,0,0.0,0.0,1.57,0,0.0,14.19,0.0,Nacoes Shopping,NS
IPAD,2026-01-22 00:00:00,9,0,0.0,0.0,2.22,0,0.0,0.02,0.0,Nacoes Shopping,NS
ANDROID,2026-01-23 00:00:00,9853,0,0.0,0.0,1.69,0,0.0,16.7,0.0,Nacoes Shopping,NS
IPHONE,2026-01-23 00:00:00,8407,0,0.0,0.0,1.63,0,0.0,13.69,0.0,Nacoes Shopping,NS
IPAD,2026-01-23 00:00:00,14,0,0.0,0.0,0.71,0,0.0,0.01,0.0,Nacoes Shopping,NS
UNKNOWN,2026-01-24 00:00:00,0,0,0.0,0.0,0.0,0,0.0,0.01,0.0,Nacoes Shopping,NS
ANDROID,2026-01-24 00:00:00,9865,0,0.0,0.0,1.77,0,0.0,17.43,0.0,Nacoes Shopping,NS
IPHONE,2026-01-24 00:00:00,7857,0,0.0,0.0,1.7,0,0.0,13.32,0.0,Nacoes Shopping,NS
IPAD,2026-01-24 00:00:00,9,0,0.0,0.0,2.22,0,0.0,0.02,0.0,Nacoes Shopping,NS
ANDROID,2026-01-25 00:00:00,10179,0,0.0,0.0,1.6,0,0.0,16.27,0.0,Nacoes Shopping,NS
IPHONE,2026-01-25 00:00:00,8053,0,0.0,0.0,1.55,0,0.0,12.45,0.0,Nacoes Shopping,NS
IPAD,2026-01-25 00:00:00,12,0,0.0,0.0,0.0,0,0.0,0.0,0.0,Nacoes Shopping,NS
UNKNOWN,2026-01-26 00:00:00,0,0,0.0,0.0,0.0,0,0.0,0.01,0.0,Nacoes Shopping,NS
ANDROID,2026-01-26 00:00:00,8398,0,0.0,0.0,1.89,0,0.0,15.88,0.0,Nacoes Shopping,NS
IPHONE,2026-01-26 00:00:00,6280,0,0.0,0.0,2.0,0,0.0,12.57,0.0,Nacoes Shopping,NS
IPAD,2026-01-26 00:00:00,10,0,0.0,0.0,0.0,0,0.0,0.0,0.0,Nacoes Shopping,NS
ANDROID,2026-01-27 00:00:00,7722,0,0.0,0.0,1.78,0,0.0,13.76,0.0,Nacoes Shopping,NS
IPHONE,2026-01-27 00:00:00,7141,0,0.0,0.0,1.77,0,0.0,12.65,0.0,Nacoes Shopping,NS
IPAD,2026-01-27 00:00:00,6,0,0.0,0.0,0.0,0,0.0,0.0,0.0,Nacoes Shopping,NS
ANDROID,2026-01-28 00:00:00,10218,0,0.0,0.0,1.49,0,0.0,15.22,0.0,Nacoes Shopping,NS
IPHONE,2026-01-28 00:00:00,9250,0,0.0,0.0,1.61,0,0.0,14.92,0.0,Nacoes Shopping,NS
IPAD,2026-01-28 00:00:00,15,0,0.0,0.0,2.67,0,0.0,0.04,0.0,Nacoes Shopping,NS
ANDROID,2026-01-29 00:00:00,17441,0,0.0,0.0,1.64,0,0.0,28.6,0.0,Nacoes Shopping,NS
IPHONE,2026-01-29 00:00:00,14003,0,0.0,0.0,1.67,0,0.0,23.38,0.0,Nacoes Shopping,NS
IPAD,2026-01-29 00:00:00,36,0,0.0,0.0,2.5,0,0.0,0.09,0.0,Nacoes Shopping,NS
UNKNOWN,2026-01-30 00:00:00,0,0,0.0,0.0,0.0,0,0.0,0.03,0.0,Nacoes Shopping,NS
ANDROID,2026-01-30 00:00:00,31409,0,0.0,0.0,1.81,0,0.0,56.91,0.0,Nacoes Shopping,NS
IPHONE,2026-01-30 00:00:00,20922,0,0.0,0.0,1.92,0,0.0,40.21,0.0,Nacoes Shopping,NS
IPAD,2026-01-30 00:00:00,49,0,0.0,0.0,2.65,0,0.0,0.13,0.0,Nacoes Shopping,NS
UNKNOWN,2026-01-31 00:00:00,0,0,0.0,0.0,0.0,0,0.0,0.01,0.0,Nacoes Shopping,NS
ANDROID,2026-01-31 00:00:00,28718,0,0.0,0.0,1.9,0,0.0,54.7,0.0,Nacoes Shopping,NS
IPHONE,2026-01-31 00:00:00,19005,0,0.0,0.0,1.96,0,0.0,37.22,0.0,Nacoes Shopping,NS
IPAD,2026-01-31 00:00:00,46,0,0.0,0.0,2.17,0,0.0,0.1,0.0,Nacoes Shopping,NS
UNKNOWN,2026-02-01 00:00:00,0,0,0.0,0.0,0.0,0,0.0,0.01,0.0,Nacoes Shopping,NS
ANDROID,2026-02-01 00:00:00,29436,0,0.0,0.0,1.66,0,0.0,48.82,0.0,Nacoes Shopping,NS
IPHONE,2026-02-01 00:00:00,20713,0,0.0,0.0,1.73,0,0.0,35.87,0.0,Nacoes Shopping,NS
IPAD,2026-02-01 00:00:00,46,0,0.0,0.0,2.17,0,0.0,0.1,0.0,Nacoes Shopping,NS
UNKNOWN,2026-02-02 00:00:00,0,0,0.0,0.0,0.0,0,0.0,0.01,0.0,Nacoes Shopping,NS
ANDROID,2026-02-02 00:00:00,23231,0,0.0,0.0,1.76,0,0.0,40.78,0.0,Nacoes Shopping,NS
IPHONE,2026-02-02 00:00:00,21951,0,0.0,0.0,1.9,0,0.0,41.64,0.0,Nacoes Shopping,NS
IPAD,2026-02-02 00:00:00,72,0,0.0,0.0,1.53,0,0.0,0.11,0.0,Nacoes Shopping,NS
ANDROID,2026-02-03 00:00:00,19553,0,0.0,0.0,1.94,0,0.0,37.97,0.0,Nacoes Shopping,NS
IPHONE,2026-02-03 00:00:00,21042,0,0.0,0.0,2.09,0,0.0,43.95,0.0,Nacoes Shopping,NS
IPAD,2026-02-03 00:00:00,54,0,0.0,0.0,2.04,0,0.0,0.11,0.0,Nacoes Shopping,NS
ANDROID,2026-02-04 00:00:00,23513,0,0.0,0.0,2.05,0,0.0,48.22,0.0,Nacoes Shopping,NS
IPHONE,2026-02-04 00:00:00,15770,0,0.0,0.0,2.12,0,0.0,33.38,0.0,Nacoes Shopping,NS
IPAD,2026-02-04 00:00:00,52,0,0.0,0.0,1.73,0,0.0,0.09,0.0,Nacoes Shopping,NS
ANDROID,2026-02-05 00:00:00,23411,0,0.0,0.0,1.91,0,0.0,44.8,0.0,Nacoes Shopping,NS
IPHONE,2026-02-05 00:00:00,18629,0,0.0,0.0,2.04,0,0.0,38.05,0.0,Nacoes Shopping,NS
IPAD,2026-02-05 00:00:00,44,0,0.0,0.0,4.32,0,0.0,0.19,0.0,Nacoes Shopping,NS
ANDROID,2026-02-06 00:00:00,26405,0,0.0,0.0,1.81,0,0.0,47.72,0.0,Nacoes Shopping,NS
IPHONE,2026-02-06 00:00:00,17225,0,0.0,0.0,1.83,0,0.0,31.51,0.0,Nacoes Shopping,NS
IPAD,2026-02-06 00:00:00,53,0,0.0,0.0,1.7,0,0.0,0.09,0.0,Nacoes Shopping,NS
ANDROID,2026-02-07 00:00:00,20012,0,0.0,0.0,1.87,0,0.0,37.49,0.0,Nacoes Shopping,NS
IPHONE,2026-02-07 00:00:00,12886,0,0.0,0.0,2.02,0,0.0,26.03,0.0,Nacoes Shopping,NS
IPAD,2026-02-07 00:00:00,30,0,0.0,0.0,1.67,0,0.0,0.05,0.0,Nacoes Shopping,NS
ANDROID,2026-02-08 00:00:00,10281,0,0.0,0.0,1.81,0,0.0,18.57,0.0,Nacoes Shopping,NS
IPHONE,2026-02-08 00:00:00,6641,0,0.0,0.0,1.93,0,0.0,12.85,0.0,Nacoes Shopping,NS
IPAD,2026-02-08 00:00:00,20,0,0.0,0.0,0.5,0,0.0,0.01,0.0,Nacoes Shopping,NS
ANDROID,2026-02-09 00:00:00,5424,0,0.0,0.0,1.99,0,0.0,10.78,0.0,Nacoes Shopping,NS
IPHONE,2026-02-09 00:00:00,3675,0,0.0,0.0,2.08,0,0.0,7.66,0.0,Nacoes Shopping,NS
IPAD,2026-02-09 00:00:00,10,0,0.0,0.0,1.0,0,0.0,0.01,0.0,Nacoes Shopping,NS
ANDROID,2026-02-10 00:00:00,7027,0,0.0,0.0,1.62,0,0.0,11.4,0.0,Nacoes Shopping,NS
IPHONE,2026-02-10 00:00:00,4857,0,0.0,0.0,1.68,0,0.0,8.17,0.0,Nacoes Shopping,NS
IPAD,2026-02-10 00:00:00,16,0,0.0,0.0,0.63,0,0.0,0.01,0.0,Nacoes Shopping,NS
ANDROID,2026-02-11 00:00:00,7006,0,0.0,0.0,1.47,0,0.0,10.28,0.0,Nacoes Shopping,NS
IPHONE,2026-02-11 00:00:00,5174,0,0.0,0.0,1.58,0,0.0,8.16,0.0,Nacoes Shopping,NS
IPAD,2026-02-11 00:00:00,8,0,0.0,0.0,0.0,0,0.0,0.0,0.0,Nacoes Shopping,NS
ANDROID,2026-02-12 00:00:00,6697,0,0.0,0.0,1.57,0,0.0,10.5,0.0,Nacoes Shopping,NS
IPHONE,2026-02-12 00:00:00,4587,0,0.0,0.0,1.64,0,0.0,7.5,0.0,Nacoes Shopping,NS
IPAD,2026-02-12 00:00:00,2,0,0.0,0.0,0.0,0,0.0,0.0,0.0,Nacoes Shopping,NS
ANDROID,2026-02-13 00:00:00,6408,0,0.0,0.0,1.6,0,0.0,10.26,0.0,Nacoes Shopping,NS
IPHONE,2026-02-13 00:00:00,4237,0,0.0,0.0,1.86,0,0.0,7.86,0.0,Nacoes Shopping,NS
IPAD,2026-02-13 00:00:00,6,0,0.0,0.0,0.0,0,0.0,0.0,0.0,Nacoes Shopping,NS
ANDROID,2026-02-14 00:00:00,6525,0,0.0,0.0,1.63,0,0.0,10.62,0.0,Nacoes Shopping,NS
IPHONE,2026-02-14 00:00:00,3733,0,0.0,0.0,1.99,0,0.0,7.42,0.0,Nacoes Shopping,NS
IPAD,2026-02-14 00:00:00,13,0,0.0,0.0,0.0,0,0.0,0.0,0.0,Nacoes Shopping,NS
UNKNOWN,2026-02-15 00:00:00,0,0,0.0,0.0,0.0,0,0.0,0.01,0.0,Nacoes Shopping,NS
ANDROID,2026-02-15 00:00:00,5594,0,0.0,0.0,1.81,0,0.0,10.14,0.0,Nacoes Shopping,NS
IPHONE,2026-02-15 00:00:00,3369,0,0.0,0.0,2.0,0,0.0,6.74,0.0,Nacoes Shopping,NS
IPAD,2026-02-15 00:00:00,5,0,0.0,0.0,2.0,0,0.0,0.01,0.0,Nacoes Shopping,NS
ANDROID,2026-02-16 00:00:00,5081,0,0.0,0.0,1.84,0,0.0,9.34,0.0,Nacoes Shopping,NS
IPHONE,2026-02-16 00:00:00,3509,0,0.0,0.0,1.97,0,0.0,6.92,0.0,Nacoes Shopping,NS
IPAD,2026-02-16 00:00:00,8,0,0.0,0.0,1.25,0,0.0,0.01,0.0,Nacoes Shopping,NS
ANDROID,2026-02-17 00:00:00,6731,0,0.0,0.0,1.52,0,0.0,10.24,0.0,Nacoes Shopping,NS
IPHONE,2026-02-17 00:00:00,4795,0,0.0,0.0,1.46,0,0.0,6.98,0.0,Nacoes Shopping,NS
IPAD,2026-02-17 00:00:00,8,0,0.0,0.0,2.5,0,0.0,0.02,0.0,Nacoes Shopping,NS
UNKNOWN,2026-02-18 00:00:00,0,0,0.0,0.0,0.0,0,0.0,0.01,0.0,Nacoes Shopping,NS
ANDROID,2026-02-18 00:00:00,6622,0,0.0,0.0,1.37,0,0.0,9.09,0.0,Nacoes Shopping,NS
IPHONE,2026-02-18 00:00:00,4782,0,0.0,0.0,1.41,0,0.0,6.74,0.0,Nacoes Shopping,NS
IPAD,2026-02-18 00:00:00,13,0,0.0,0.0,0.0,0,0.0,0.0,0.0,Nacoes Shopping,NS
ANDROID,2026-02-19 00:00:00,6323,0,0.0,0.0,1.5,0,0.0,9.48,0.0,Nacoes Shopping,NS
IPHONE,2026-02-19 00:00:00,3825,0,0.0,0.0,1.58,0,0.0,6.05,0.0,Nacoes Shopping,NS
IPAD,2026-02-19 00:00:00,11,0,0.0,0.0,0.91,0,0.0,0.01,0.0,Nacoes Shopping,NS
UNKNOWN,2026-02-20 00:00:00,0,0,0.0,0.0,0.0,0,0.0,0.01,0.0,Nacoes Shopping,NS
ANDROID,2026-02-20 00:00:00,5496,0,0.0,0.0,1.64,0,0.0,9.02,0.0,Nacoes Shopping,NS
IPHONE,2026-02-20 00:00:00,3483,0,0.0,0.0,1.76,0,0.0,6.12,0.0,Nacoes Shopping,NS
IPAD,2026-02-20 00:00:00,2,0,0.0,0.0,0.0,0,0.0,0.0,0.0,Nacoes Shopping,NS
ANDROID,2026-02-21 00:00:00,5118,0,0.0,0.0,1.64,0,0.0,8.39,0.0,Nacoes Shopping,NS
IPHONE,2026-02-21 00:00:00,3350,0,0.0,0.0,1.86,0,0.0,6.22,0.0,Nacoes Shopping,NS
IPAD,2026-02-21 00:00:00,11,0,0.0,0.0,0.0,0,0.0,0.0,0.0,Nacoes Shopping,NS
UNKNOWN,2026-02-22 00:00:00,0,0,0.0,0.0,0.0,0,0.0,0.01,0.0,Nacoes Shopping,NS
ANDROID,2026-02-22 00:00:00,4615,0,0.0,0.0,1.64,0,0.0,7.57,0.0,Nacoes Shopping,NS
IPHONE,2026-02-22 00:00:00,3083,0,0.0,0.0,1.84,0,0.0,5.67,0.0,Nacoes Shopping,NS
IPAD,2026-02-22 00:00:00,1,0,0.0,0.0,0.0,0,0.0,0.0,0.0,Nacoes Shopping,NS
ANDROID,2026-02-23 00:00:00,3357,0,0.0,0.0,1.91,0,0.0,6.41,0.0,Nacoes Shopping,NS
IPHONE,2026-02-23 00:00:00,2289,0,0.0,0.0,2.46,0,0.0,5.63,0.0,Nacoes Shopping,NS
IPAD,2026-02-23 00:00:00,4,0,0.0,0.0,0.0,0,0.0,0.0,0.0,Nacoes Shopping,NS
ANDROID,2026-02-24 00:00:00,4397,0,0.0,0.0,1.64,0,0.0,7.2,0.0,Nacoes Shopping,NS
IPHONE,2026-02-24 00:00:00,2467,0,0.0,0.0,1.69,0,0.0,4.17,0.0,Nacoes Shopping,NS
IPAD,2026-02-24 00:00:00,5,0,0.0,0.0,2.0,0,0.0,0.01,0.0,Nacoes Shopping,NS
ANDROID,2026-02-25 00:00:00,1336,0,0.0,0.0,1.69,0,0.0,2.26,0.0,Nacoes Shopping,NS
IPHONE,2026-02-25 00:00:00,704,0,0.0,0.0,1.41,0,0.0,0.99,0.0,Nacoes Shopping,NS
IPAD,2026-02-25 00:00:00,4,0,0.0,0.0,0.0,0,0.0,0.0,0.0,Nacoes Shopping,NS
ANDROID,2026-02-27 00:00:00,0,0,0.0,0.0,0.0,0,0.0,0.0,0.0,Nacoes Shopping,NS
ANDROID,2026-03-02 00:00:00,0,0,0.0,0.0,0.0,0,0.0,0.0,0.0,Nacoes Shopping,NS
ANDROID,2026-03-03 00:00:00,0,0,0.0,0.0,0.0,0,0.0,0.0,0.0,Nacoes Shopping,NS
ANDROID,2026-03-04 00:00:00,0,0,0.0,0.0,0.0,0,0.0,0.0,0.0,Nacoes Shopping,NS
ANDROID,2026-03-05 00:00:00,0,0,0.0,0.0,0.0,0,0.0,0.0,0.0,Nacoes Shopping,NS
ANDROID,2026-03-06 00:00:00,0,0,0.0,0.0,0.0,0,0.0,0.0,0.0,Nacoes Shopping,NS
ANDROID,2026-03-09 00:00:00,0,0,0.0,0.0,0.0,0,0.0,0.0,0.0,Nacoes Shopping,NS
ANDROID,2026-03-12 00:00:00,0,0,0.0,0.0,0.0,0,0.0,0.0,0.0,Nacoes Shopping,NS
ANDROID,2026-03-22 00:00:00,0,0,0.0,0.0,0.0,0,0.0,0.0,0.0,Nacoes Shopping,NS
ANDROID,2026-03-28 00:00:00,0,0,0.0,0.0,0.0,0,0.0,0.0,0.0,Nacoes Shopping,NS
ANDROID,2026-04-01 00:00:00,0,0,0.0,0.0,0.0,0,0.0,0.0,0.0,Nacoes Shopping,NS
ANDROID,2026-04-02 00:00:00,0,0,0.0,0.0,0.0,0,0.0,0.0,0.0,Nacoes Shopping,NS
ANDROID,2026-04-09 00:00:00,0,0,0.0,0.0,0.0,0,0.0,0.0,0.0,Nacoes Shopping,NS
